-- phpMyAdmin SQL Dump
-- version 4.1.14
-- http://www.phpmyadmin.net
--
-- Host: 127.0.0.1
-- Generation Time: Feb 26, 2015 at 05:40 PM
-- Server version: 5.6.17
-- PHP Version: 5.5.12

SET SQL_MODE = "NO_AUTO_VALUE_ON_ZERO";
SET time_zone = "+00:00";


/*!40101 SET @OLD_CHARACTER_SET_CLIENT=@@CHARACTER_SET_CLIENT */;
/*!40101 SET @OLD_CHARACTER_SET_RESULTS=@@CHARACTER_SET_RESULTS */;
/*!40101 SET @OLD_COLLATION_CONNECTION=@@COLLATION_CONNECTION */;
/*!40101 SET NAMES utf8 */;

--
-- Database: `police`
--

-- --------------------------------------------------------

--
-- Table structure for table `athabu`
--

CREATE TABLE IF NOT EXISTS `athabu` (
  `id` int(10) NOT NULL AUTO_INCREMENT,
  `athabu_id` int(5) NOT NULL,
  `athabu_description` varchar(100) NOT NULL,
  PRIMARY KEY (`id`)
) ENGINE=InnoDB  DEFAULT CHARSET=latin1 AUTO_INCREMENT=5 ;

--
-- Dumping data for table `athabu`
--

INSERT INTO `athabu` (`id`, `athabu_id`, `athabu_description`) VALUES
(1, 1, 'Kifungo'),
(2, 2, 'Fidia'),
(3, 3, 'Kifungo na Fidia'),
(4, 0, 'Ameachiwa huru');

-- --------------------------------------------------------

--
-- Table structure for table `ci_query`
--

CREATE TABLE IF NOT EXISTS `ci_query` (
  `id` int(255) NOT NULL AUTO_INCREMENT,
  `query_string` text NOT NULL,
  PRIMARY KEY (`id`)
) ENGINE=InnoDB  DEFAULT CHARSET=latin1 AUTO_INCREMENT=291 ;

--
-- Dumping data for table `ci_query`
--

INSERT INTO `ci_query` (`id`, `query_string`) VALUES
(3, 'crimetype_id=&crimecat_id=1&offence_statusid='),
(4, 'crimetype_id=&crimecat_id=&offence_statusid='),
(5, 'crimetype_id=&crimecat_id=2&offence_statusid='),
(6, 'crimetype_id=1&crimecat_id=&offence_statusid='),
(7, 'crimetype_id=2&crimecat_id=&offence_statusid='),
(8, 'crimetype_id=&crimecat_id=&offence_statusid='),
(9, 'crimetype_id=&crimecat_id=&offence_statusid='),
(10, 'crimetype_id=&crimecat_id=1&offence_statusid='),
(11, 'crimetype_id=&crimecat_id=10&offence_statusid='),
(12, 'crimetype_id=&crimecat_id=17&offence_statusid='),
(13, 'crimetype_id=&crimecat_id=2&offence_statusid='),
(14, 'crimetype_id=&crimecat_id=&offence_statusid='),
(15, 'crimetype_id=&crimecat_id=9&offence_statusid='),
(16, 'crimetype_id=1&crimecat_id=&offence_statusid='),
(17, 'crimetype_id=2&crimecat_id=&offence_statusid='),
(18, 'crimetype_id=4&crimecat_id=&offence_statusid='),
(19, 'crimetype_id=&crimecat_id=1&offence_statusid='),
(20, 'crimetype_id=&crimecat_id=&offence_statusid=1'),
(21, 'crimetype_id=1&crimecat_id=&offence_statusid='),
(22, 'crimetype_id=&crimecat_id=39&offence_statusid='),
(23, 'crimetype_id=&crimecat_id=20&offence_statusid='),
(24, 'crimetype_id=3&crimecat_id=&offence_statusid='),
(25, 'crimetype_id=1&crimecat_id=&offence_statusid='),
(26, 'crimetype_id=&crimecat_id=1&offence_statusid='),
(27, 'crimetype_id=&crimecat_id=&offence_statusid='),
(28, 'crimetype_id=&crimecat_id=&offence_statusid=1'),
(29, 'crimetype_id=&crimecat_id=&offence_statusid=1'),
(30, 'crimetype_id=&crimecat_id=&offence_statusid='),
(31, 'crimetype_id=2&crimecat_id=&offence_statusid='),
(32, 'crimetype_id=&crimecat_id=&offence_statusid='),
(33, 'crimetype_id=&crimecat_id=1&offence_statusid='),
(34, 'crimetype_id=&crimecat_id=&offence_statusid='),
(35, 'crimetype_id=&crimecat_id=12&offence_statusid='),
(36, 'crimetype_id=&crimecat_id=1&offence_statusid='),
(37, 'crimetype_id=1&crimecat_id=12&offence_statusid='),
(38, 'crimetype_id=&crimecat_id=&offence_statusid='),
(39, 'crimetype_id=1&crimecat_id=&offence_statusid='),
(40, 'crimetype_id=&crimecat_id=&offence_statusid='),
(41, 'crimetype_id=&crimecat_id=&offence_statusid='),
(42, 'crimetype_id=1&crimecat_id=&offence_statusid='),
(43, 'crimetype_id=&crimecat_id=1&offence_statusid='),
(44, 'crimetype_id=&crimecat_id=&offence_statusid=1'),
(45, 'crimetype_id=&crimecat_id=&offence_statusid='),
(46, 'crimetype_id=&crimecat_id=&offence_statusid=1'),
(47, 'crimetype_id=&crimecat_id=1&offence_statusid='),
(48, 'crimetype_id=&crimecat_id=&offence_statusid='),
(49, 'crimetype_id=&crimecat_id=1&offence_statusid='),
(50, 'crimetype_id=&crimecat_id=&offence_statusid='),
(51, 'crimetype_id=&crimecat_id=1&offence_statusid='),
(52, 'crimetype_id=&crimecat_id=&offence_statusid='),
(53, 'crimetype_id=&crimecat_id=14&offence_statusid='),
(54, 'crimetype_id=1&crimecat_id=&offence_statusid='),
(55, 'crimetype_id=4&crimecat_id=&offence_statusid='),
(56, 'crimetype_id=&crimecat_id=1&offence_statusid='),
(57, 'crimetype_id=&crimecat_id=&offence_statusid=1'),
(58, 'crimetype_id=&crimecat_id=16&offence_statusid='),
(59, 'crimetype_id=&crimecat_id=&offence_statusid=1'),
(60, 'crimetype_id=1&crimecat_id=1&offence_statusid=1'),
(61, 'crimetype_id=1&crimecat_id=1&offence_statusid='),
(62, 'crimetype_id=&crimecat_id=1&offence_statusid=1'),
(63, 'crimetype_id=4&crimecat_id=20&offence_statusid=1'),
(64, 'crimetype_id=&crimecat_id=&offence_statusid='),
(65, 'crimetype_id=1&crimecat_id=10&offence_statusid=1'),
(66, 'crimetype_id=&crimecat_id=&offence_statusid='),
(67, 'crimetype_id=&crimecat_id=&offence_statusid='),
(68, 'crimetype_id=&crimecat_id=&offence_statusid='),
(69, 'crimetype_id=&crimecat_id=&offence_statusid='),
(70, 'crimetype_id=&crimecat_id=&offence_statusid='),
(71, 'crimetype_id=1&crimecat_id=1&offence_statusid=1'),
(72, 'crimetype_id=1&crimecat_id=&offence_statusid='),
(73, 'crimetype_id=1&crimecat_id=10&offence_statusid=1'),
(74, 'crimetype_id=1&crimecat_id=&offence_statusid='),
(75, 'crimetype_id=&crimecat_id=&offence_statusid=5'),
(76, 'crimetype_id=&crimecat_id=&offence_statusid='),
(77, 'crimetype_id=&crimecat_id=&offence_statusid='),
(78, 'crimetype_id=1&crimecat_id=&offence_statusid='),
(79, 'crimetype_id=&crimecat_id=1&offence_statusid='),
(80, 'crimetype_id=2&crimecat_id=&offence_statusid='),
(81, 'crimetype_id=&crimecat_id=&offence_statusid='),
(82, 'crimetype_id=&crimecat_id=&offence_statusid='),
(83, 'crimetype_id=1&crimecat_id=&offence_statusid='),
(84, 'crimetype_id=&crimecat_id=&offence_statusid='),
(85, 'crimetype_id=&crimecat_id=&offence_statusid='),
(86, 'crimetype_id=&crimecat_id=&offence_statusid=1'),
(87, 'crimetype_id=&crimecat_id=&offence_statusid=3'),
(88, 'crimetype_id=&crimecat_id=&offence_statusid=4'),
(89, 'crimetype_id=&crimecat_id=&offence_statusid=5'),
(90, 'crimetype_id=&crimecat_id=11&offence_statusid='),
(91, 'crimetype_id=&crimecat_id=1&offence_statusid='),
(92, 'crimetype_id=&crimecat_id=&offence_statusid='),
(93, 'crimetype_id=&crimecat_id=&offence_statusid='),
(94, 'crimetype_id=&crimecat_id=&offence_statusid='),
(95, 'crimetype_id=&crimecat_id=&offence_statusid=0'),
(96, 'crimetype_id=1&crimecat_id=&offence_statusid=0'),
(97, 'crimetype_id=&crimecat_id=1&offence_statusid=0'),
(98, 'crimetype_id=1&crimecat_id=&offence_statusid=0'),
(99, 'crimetype_id=&crimecat_id=1&offence_statusid=0'),
(100, 'crimetype_id=&crimecat_id=&offence_statusid=0'),
(101, 'crimetype_id=&crimecat_id=&offence_statusid=0'),
(102, 'crimetype_id=&crimecat_id=&offence_statusid=0'),
(103, 'crimetype_id=&crimecat_id=&offence_statusid=0'),
(104, 'crimetype_id=&crimecat_id=1&offence_statusid=0'),
(105, 'crimetype_id=4&crimecat_id=&offence_statusid=0'),
(106, 'crimetype_id=1&crimecat_id=&offence_statusid=0'),
(107, 'crimetype_id=&crimecat_id=1&offence_statusid=0'),
(108, 'crimetype_id=&crimecat_id=1&offence_statusid=0'),
(109, 'crimetype_id=&crimecat_id=12&offence_statusid=0'),
(110, 'crimetype_id=&crimecat_id=23&offence_statusid=0'),
(111, 'crimetype_id=&crimecat_id=1&offence_statusid=0'),
(112, 'crimetype_id=1&crimecat_id=&offence_statusid=0'),
(113, 'crimetype_id=2&crimecat_id=&offence_statusid=0'),
(114, 'crimetype_id=3&crimecat_id=&offence_statusid=0'),
(115, 'crimetype_id=4&crimecat_id=&offence_statusid=0'),
(116, 'crimetype_id=&crimecat_id=1&offence_statusid=0'),
(117, 'crimetype_id=1&crimecat_id=1&offence_statusid=0'),
(118, 'crimetype_id=&crimecat_id=&offence_statusid=0'),
(119, 'crimetype_id=&crimecat_id=&offence_statusid=0'),
(120, 'crimetype_id=&crimecat_id=&offence_statusid=5'),
(121, 'crimetype_id=&crimecat_id=&offence_statusid=1'),
(122, 'crimetype_id=&crimecat_id=&offence_statusid=2'),
(123, 'crimetype_id=&crimecat_id=&offence_statusid=3'),
(124, 'crimetype_id=&crimecat_id=&offence_statusid=3'),
(125, 'crimetype_id=&crimecat_id=&offence_statusid=4'),
(126, 'crimetype_id=&crimecat_id=&offence_statusid=3'),
(127, 'crimetype_id=&crimecat_id=&offence_statusid=4'),
(128, 'crimetype_id=&crimecat_id=&offence_statusid=4'),
(129, 'crimetype_id=&crimecat_id=&offence_statusid=4'),
(130, 'crimetype_id=&crimecat_id=&offence_statusid=5'),
(131, 'crimetype_id=&crimecat_id=&offence_statusid=2'),
(132, 'crimetype_id=1&crimecat_id=&offence_statusid='),
(133, 'crimetype_id=2&crimecat_id=&offence_statusid='),
(134, 'crimetype_id=3&crimecat_id=&offence_statusid='),
(135, 'crimetype_id=4&crimecat_id=&offence_statusid='),
(136, 'crimetype_id=&crimecat_id=1&offence_statusid='),
(137, 'crimetype_id=&crimecat_id=&offence_statusid=3'),
(138, 'crimetype_id=1&crimecat_id=&offence_statusid='),
(139, 'crimetype_id=&crimecat_id=&offence_statusid='),
(140, 'crimetype_id=&crimecat_id=1&offence_statusid='),
(141, 'crimetype_id=&crimecat_id=&offence_statusid='),
(142, 'crimetype_id=&crimecat_id=11&offence_statusid='),
(143, 'crimetype_id=&crimecat_id=&offence_statusid=1'),
(144, 'crimetype_id=&crimecat_id=&offence_statusid=5'),
(145, 'crimetype_id=&crimecat_id=&offence_statusid=3'),
(146, 'crimetype_id=&crimecat_id=&offence_statusid=1'),
(147, 'crimetype_id=&crimecat_id=&offence_statusid=2'),
(148, 'crimetype_id=&crimecat_id=&offence_statusid='),
(149, 'crimetype_id=&crimecat_id=1&offence_statusid='),
(150, 'crimetype_id=&crimecat_id=&offence_statusid=1'),
(151, 'crimetype_id=&crimecat_id=&offence_statusid=5'),
(152, 'crimetype_id=1&crimecat_id=&offence_statusid='),
(153, 'crimetype_id=2&crimecat_id=&offence_statusid='),
(154, 'crimetype_id=&crimecat_id=1&offence_statusid='),
(155, 'crimetype_id=1&crimecat_id=1&offence_statusid='),
(156, 'crimetype_id=1&crimecat_id=1&offence_statusid=5'),
(157, 'crimetype_id=&crimecat_id=&offence_statusid='),
(158, 'crimetype_id=&crimecat_id=&offence_statusid=5'),
(159, 'crimetype_id=&crimecat_id=&offence_statusid=5'),
(160, 'crimetype_id=&crimecat_id=&offence_statusid=1'),
(161, 'crimetype_id=&crimecat_id=&offence_statusid=2'),
(162, 'crimetype_id=&crimecat_id=&offence_statusid=1'),
(163, 'crimetype_id=&crimecat_id=&offence_statusid=2'),
(164, 'crimetype_id=&crimecat_id=&offence_statusid=3'),
(165, 'crimetype_id=&crimecat_id=&offence_statusid=4'),
(166, 'crimetype_id=&crimecat_id=&offence_statusid=5'),
(167, 'crimetype_id=&crimecat_id=1&offence_statusid='),
(168, 'crimetype_id=&crimecat_id=10&offence_statusid='),
(169, 'crimetype_id=1&crimecat_id=&offence_statusid='),
(170, 'crimetype_id=&crimecat_id=1&offence_statusid='),
(171, 'crimetype_id=&crimecat_id=&offence_statusid='),
(172, 'crimetype_id=&crimecat_id=10&offence_statusid='),
(173, 'crimetype_id=&crimecat_id=&offence_statusid='),
(174, 'crimetype_id=&crimecat_id=&offence_statusid='),
(175, 'crimetype_id=&crimecat_id=&offence_statusid=5'),
(176, 'crimetype_id=&crimecat_id=&offence_statusid=1'),
(177, 'crimetype_id=&crimecat_id=1&offence_statusid=5'),
(178, 'crimetype_id=&crimecat_id=&offence_statusid=&searchbyrb=MBY%2FRB%2F100001%2F2014'),
(179, 'crimetype_id=&crimecat_id=&offence_statusid=&searchbyrb=MWZ'),
(180, 'crimetype_id=&crimecat_id=&offence_statusid=&searchbyrb=MBY%2FRB%2F100001%2F2014'),
(181, 'crimetype_id=&crimecat_id=1&offence_statusid=&searchbyrb='),
(182, 'crimetype_id=&crimecat_id=11&offence_statusid=&searchbyrb='),
(183, 'crimetype_id=&crimecat_id=1&offence_statusid=&searchbyrb='),
(184, 'crimetype_id=&crimecat_id=&offence_statusid=&searchbyrb=+'),
(185, 'crimetype_id=1&crimecat_id=1&offence_statusid=&searchbyrb='),
(186, 'crimetype_id=&crimecat_id=&offence_statusid=1&searchbyrb='),
(187, 'crimetype_id=&crimecat_id=&offence_statusid=1&searchbyrb='),
(188, 'crimetype_id=&crimecat_id=&offence_statusid=2&searchbyrb='),
(189, 'crimetype_id=&crimecat_id=&offence_statusid=2&searchbyrb='),
(190, 'crimetype_id=&crimecat_id=&offence_statusid=&searchbyrb='),
(191, 'crimetype_id=1&crimecat_id=1&offence_statusid=&searchbyrb='),
(192, 'crimetype_id=1&crimecat_id=17&offence_statusid=&searchbyrb='),
(193, 'crimetype_id=&crimecat_id=&offence_statusid=&searchbyrb='),
(194, 'crimetype_id=&crimecat_id=&offence_statusid=1&searchbyrb='),
(195, 'crimetype_id=&crimecat_id=&offence_statusid=5&searchbyrb='),
(196, 'crimetype_id=&crimecat_id=&offence_statusid=7&searchbyrb='),
(197, 'crimetype_id=&crimecat_id=&offence_statusid=12&searchbyrb='),
(198, 'crimetype_id=&crimecat_id=&offence_statusid=18&searchbyrb='),
(199, 'crimetype_id=&crimecat_id=&offence_statusid=&searchbyrb='),
(200, 'crimetype_id=&crimecat_id=&offence_statusid=18&searchbyrb='),
(201, 'crimetype_id=&crimecat_id=&offence_statusid=&searchbyrb='),
(202, 'crimetype_id=&crimecat_id=&offence_statusid=12&searchbyrb='),
(203, 'crimetype_id=&crimecat_id=&offence_statusid=&searchbyrb='),
(204, 'crimetype_id=&crimecat_id=&offence_statusid=11&searchbyrb='),
(205, 'crimetype_id=&crimecat_id=&offence_statusid=&searchbyrb='),
(206, 'crimetype_id=&crimecat_id=&offence_statusid=1&searchbyrb='),
(207, 'crimetype_id=&crimecat_id=&offence_statusid=3&searchbyrb='),
(208, 'crimetype_id=&crimecat_id=&offence_statusid=12&searchbyrb='),
(209, 'crimetype_id=&crimecat_id=&offence_statusid=8&searchbyrb='),
(210, 'crimetype_id=&crimecat_id=&offence_statusid=6&searchbyrb='),
(211, 'crimetype_id=&crimecat_id=&offence_statusid=15&searchbyrb='),
(212, 'crimetype_id=1&crimecat_id=&offence_statusid=&searchbyrb='),
(213, 'crimetype_id=&crimecat_id=&offence_statusid=5&searchbyrb='),
(214, 'crimetype_id=&crimecat_id=47&offence_statusid=&searchbyrb='),
(215, 'crimetype_id=&crimecat_id=36&offence_statusid=&searchbyrb='),
(216, 'crimetype_id=&crimecat_id=1&offence_statusid=&searchbyrb='),
(217, 'crimetype_id=&crimecat_id=12&offence_statusid=&searchbyrb='),
(218, 'crimetype_id=&crimecat_id=20&offence_statusid=&searchbyrb='),
(219, 'crimetype_id=&crimecat_id=3&offence_statusid=&searchbyrb='),
(220, 'crimetype_id=&crimecat_id=&offence_statusid=&searchbyrb='),
(221, 'crimetype_id=&crimecat_id=&offence_statusid=&searchbyrb='),
(222, 'crimetype_id=&crimecat_id=&offence_statusid=&searchbyrb=MBY%2FRB%2F100001%2F2014'),
(223, 'crimetype_id=&crimecat_id=&offence_statusid=&searchbyrb='),
(224, 'crimetype_id=&crimecat_id=&offence_statusid=&searchbyrb=RKW%2FRB%2F100002%2F2014'),
(225, 'crimetype_id=&crimecat_id=&offence_statusid=&searchbyrb='),
(226, 'crimetype_id=&crimecat_id=&offence_statusid=&searchbyrb='),
(227, 'crimetype_id=&crimecat_id=&offence_statusid=17&searchbyrb='),
(228, 'crimetype_id=&crimecat_id=&offence_statusid=17'),
(229, 'crimetype_id=&crimecat_id=&offence_statusid=8'),
(230, 'crimetype_id=&crimecat_id=&offence_statusid=15'),
(231, 'crimetype_id=&crimecat_id=&offence_statusid=18'),
(232, 'crimetype_id=&crimecat_id=&offence_statusid='),
(233, 'crimetype_id=&crimecat_id=&offence_statusid='),
(234, 'crimetype_id=&crimecat_id=&offence_statusid='),
(235, 'crimetype_id=&crimecat_id=&offence_statusid='),
(236, 'crimetype_id=&crimecat_id=&offence_statusid='),
(237, 'crimetype_id=&crimecat_id=&offence_statusid='),
(238, 'crimetype_id=&crimecat_id=&offence_statusid='),
(239, 'crimetype_id=&crimecat_id=&offence_statusid='),
(240, 'crimetype_id=&crimecat_id=&offence_statusid=15'),
(241, 'crimetype_id=&crimecat_id=&offence_statusid=5'),
(242, 'crimetype_id=&crimecat_id=&offence_statusid=12'),
(243, 'crimetype_id=&crimecat_id=&offence_statusid=18'),
(244, 'crimetype_id=1&crimecat_id=&offence_statusid='),
(245, 'crimetype_id=3&crimecat_id=&offence_statusid='),
(246, 'crimetype_id=&crimecat_id=10&offence_statusid='),
(247, 'crimetype_id=&crimecat_id=&offence_statusid=17'),
(248, 'crimetype_id=&crimecat_id=&offence_statusid=4'),
(249, 'crimetype_id=&crimecat_id=&offence_statusid=17'),
(250, 'crimetype_id=&crimecat_id=&offence_statusid='),
(251, 'crimetype_id=&crimecat_id=&offence_statusid='),
(252, 'crimetype_id=&crimecat_id=&offence_statusid='),
(253, 'crimetype_id=2&crimecat_id=&offence_statusid=&searchbyrb='),
(254, 'crimetype_id=1&crimecat_id=&offence_statusid=&searchbyrb='),
(255, 'crimetype_id=&crimecat_id=1&offence_statusid=&searchbyrb=KWR%2FRB%2F000585%2F2015'),
(256, 'crimetype_id=&crimecat_id=&offence_statusid=&searchbyrb=KWR%2FRB%2F000585%2F2015'),
(257, 'crimetype_id=&crimecat_id=&offence_statusid=&searchbyrb='),
(258, 'crimetype_id=3&crimecat_id=&offence_statusid=&searchbyrb='),
(259, 'crimetype_id=&crimecat_id=&offence_statusid=&searchbyrb='),
(260, 'crimetype_id=&crimecat_id=&offence_statusid=1&searchbyrb='),
(261, 'crimetype_id=1&crimecat_id=&offence_statusid='),
(262, 'crimetype_id=3&crimecat_id=&offence_statusid='),
(263, 'crimetype_id=&crimecat_id=&offence_statusid='),
(264, 'crimetype_id=&crimecat_id=&offence_statusid='),
(265, 'crimetype_id=&crimecat_id=&offence_statusid=2'),
(266, 'crimetype_id=&crimecat_id=&offence_statusid='),
(267, 'crimetype_id=&crimecat_id=42&offence_statusid='),
(268, 'crimetype_id=&crimecat_id=&offence_statusid='),
(269, 'crimetype_id=&crimecat_id=&offence_statusid='),
(270, 'crimetype_id=&crimecat_id=&offence_statusid=&region_policeid=&district_policeid=101&ward_policeid='),
(271, 'crimetype_id=&crimecat_id=&offence_statusid=&region_policeid=&district_policeid=&ward_policeid='),
(272, 'crimetype_id=&crimecat_id=&offence_statusid=&region_policeid=&district_policeid=102&ward_policeid='),
(273, 'crimetype_id=&crimecat_id=&offence_statusid=&region_policeid=&district_policeid=&ward_policeid=702170'),
(274, 'crimetype_id=&crimecat_id=&offence_statusid=&region_policeid=&district_policeid=&ward_policeid=10201'),
(275, 'crimetype_id=&crimecat_id=&offence_statusid=1&region_policeid=&district_policeid=&ward_policeid='),
(276, 'crimetype_id=3&crimecat_id=&offence_statusid=&region_policeid=0&district_policeid=0&ward_policeid=0'),
(277, 'crimetype_id=&crimecat_id=&offence_statusid=&region_policeid=0&district_policeid=0&ward_policeid=0'),
(278, 'crimetype_id=1&crimecat_id=&offence_statusid=&region_policeid=0&district_policeid=0&ward_policeid=0'),
(279, 'crimetype_id=3&crimecat_id=&offence_statusid=&region_policeid=0&district_policeid=0&ward_policeid=0'),
(280, 'crimetype_id=2&crimecat_id=&offence_statusid=&region_policeid=0&district_policeid=0&ward_policeid=0'),
(281, 'crimetype_id=3&crimecat_id=&offence_statusid='),
(282, 'crimetype_id=1&crimecat_id=&offence_statusid='),
(283, 'crimetype_id=2&crimecat_id=&offence_statusid='),
(284, 'crimetype_id=&crimecat_id=62&offence_statusid=&region_policeid=0&district_policeid=0&ward_policeid=0'),
(285, 'crimetype_id=1&crimecat_id=&offence_statusid='),
(286, 'crimetype_id=&crimecat_id=&offence_statusid='),
(287, 'crimetype_id=&crimecat_id=&offence_statusid=&region_policeid=1&district_policeid=&ward_policeid='),
(288, 'crimetype_id=&crimecat_id=&offence_statusid=&region_policeid=27&district_policeid=&ward_policeid='),
(289, 'crimetype_id=1&crimecat_id=&offence_statusid='),
(290, 'crimetype_id=&crimecat_id=&offence_statusid=');

-- --------------------------------------------------------

--
-- Table structure for table `ci_sessions`
--

CREATE TABLE IF NOT EXISTS `ci_sessions` (
  `session_id` varchar(40) NOT NULL DEFAULT '0',
  `ip_address` varchar(45) NOT NULL DEFAULT '0',
  `user_agent` varchar(120) NOT NULL,
  `last_activity` int(10) unsigned NOT NULL DEFAULT '0',
  `user_data` text NOT NULL,
  KEY `last_activity_idx` (`last_activity`)
) ENGINE=InnoDB DEFAULT CHARSET=latin1;

--
-- Dumping data for table `ci_sessions`
--

INSERT INTO `ci_sessions` (`session_id`, `ip_address`, `user_agent`, `last_activity`, `user_data`) VALUES
('fa561e0098d396c9f0f4e72cfe255b59', '::1', 'Mozilla/5.0 (Windows NT 6.3; WOW64; rv:35.0) Gecko/20100101 Firefox/35.0', 1424342299, ''),
('143a8dc6cb3712004b3069c2b65b8b6a', '::1', 'Mozilla/5.0 (Windows NT 6.3; WOW64; rv:35.0) Gecko/20100101 Firefox/35.0', 1424758916, ''),
('d39ea813ca9a02a76b72dd6be6e10b6d', '::1', 'Mozilla/5.0 (Windows NT 6.3; WOW64; rv:35.0) Gecko/20100101 Firefox/35.0', 1424941036, 'a:27:{s:9:"user_data";s:0:"";s:8:"force_no";s:6:"WP7298";s:9:"firstname";s:7:"Pauline";s:10:"middlename";s:5:"Vitus";s:8:"lastname";s:7:"Mlolere";s:5:"phone";s:13:" 255713706941";s:8:"position";s:19:"Charge Room Officer";s:11:"usertype_id";s:1:"1";s:10:"region_nbs";s:13:"Dar-es-salaam";s:12:"region_nbsid";s:1:"7";s:17:"region_policename";s:9:"Kinondoni";s:15:"region_policeid";s:2:"27";s:14:"district_nbsid";s:3:"701";s:16:"district_nbsname";s:9:"Kinondoni";s:17:"district_policeid";s:3:"102";s:19:"district_policename";s:4:"Kawe";s:12:"ward_nbsname";s:4:"Kawe";s:10:"ward_nbsid";s:6:"701152";s:15:"ward_policename";s:4:"Kawe";s:13:"ward_policeid";s:5:"10201";s:10:"station_id";s:2:"18";s:10:"controller";s:3:"cro";s:12:"station_name";s:19:"Kawe Police Station";s:14:"station_typeid";s:1:"2";s:15:"station_classid";s:1:"1";s:15:"station_initial";s:2:"KW";s:10:"isLoggedIn";b:1;}');

-- --------------------------------------------------------

--
-- Table structure for table `country`
--

CREATE TABLE IF NOT EXISTS `country` (
  `id` int(45) NOT NULL,
  `iso2` varchar(4) NOT NULL,
  `short_name` varchar(80) NOT NULL,
  `nationality` varchar(100) NOT NULL,
  `long_name` varchar(80) NOT NULL,
  `iso3` varchar(3) NOT NULL,
  `numcode` varchar(6) NOT NULL,
  `un_member` varchar(12) NOT NULL,
  `calling_code` varchar(8) NOT NULL,
  `cctld` varchar(10) NOT NULL,
  PRIMARY KEY (`id`)
) ENGINE=InnoDB DEFAULT CHARSET=big5;

--
-- Dumping data for table `country`
--

INSERT INTO `country` (`id`, `iso2`, `short_name`, `nationality`, `long_name`, `iso3`, `numcode`, `un_member`, `calling_code`, `cctld`) VALUES
(1, 'AF', 'Afghanistan', 'Afghan', 'Islamic Republic of Afghanistan', 'AFG', '004', 'yes', '+93', 'af.png'),
(3, 'AL', 'Albania', 'Albanian', 'Republic of Albania', 'ALB', '008', 'yes', '+355', 'al.png'),
(4, 'DZ', 'Algeria', 'Algerian', 'People''s Democratic Republic of Algeria', 'DZA', '012', 'yes', '+213', 'dz.png'),
(5, 'AS', 'American Samoa', '', 'American Samoa', 'ASM', '016', 'no', '+1684', 'as.png'),
(6, 'AD', 'Andorra', 'Andorran', 'Principality of Andorra', 'AND', '020', 'yes', '+376', 'ad.png'),
(7, 'AO', 'Angola', 'Angolan', 'Republic of Angola', 'AGO', '024', 'yes', '+244', 'ao.png'),
(8, 'AI', 'Anguilla', '', 'Anguilla', 'AIA', '660', 'no', '+264', 'ai.png'),
(10, 'AG', 'Antigua and Barbuda', '', 'Antigua and Barbuda', 'ATG', '028', 'yes', '+1268', 'ag.png'),
(11, 'AR', 'Argentina', 'Argentinian', 'Argentine Republic', 'ARG', '032', 'yes', '+54', 'ar.png'),
(12, 'AM', 'Armenia', 'Armenian', 'Republic of Armenia', 'ARM', '051', 'yes', '+374', 'am.png'),
(13, 'AW', 'Aruba', '', 'Aruba', 'ABW', '533', 'no', '+297', 'aw.png'),
(14, 'AU', 'Australia', 'Australian', 'Commonwealth of Australia', 'AUS', '036', 'yes', '+61', 'au.png'),
(15, 'AT', 'Austria', 'Austrian', 'Republic of Austria', 'AUT', '040', 'yes', '+43', 'at.png'),
(16, 'AZ', 'Azerbaijan', 'Azerbaijani', 'Republic of Azerbaijan', 'AZE', '031', 'yes', '+994', 'az.png'),
(17, 'BS', 'Bahamas', 'Bahamian', 'Commonwealth of The Bahamas', 'BHS', '044', 'yes', '+1242', 'bs.png'),
(18, 'BH', 'Bahrain', 'Bahraini', 'Kingdom of Bahrain', 'BHR', '048', 'yes', '+973', 'bh.png'),
(19, 'BD', 'Bangladesh', 'Bangladeshi', 'People''s Republic of Bangladesh', 'BGD', '050', 'yes', '+880', 'bd.png'),
(20, 'BB', 'Barbados', 'Barbadian', 'Barbados', 'BRB', '052', 'yes', '+1246', 'bb.png'),
(21, 'BY', 'Belarus', 'Belarusian', 'Republic of Belarus', 'BLR', '112', 'yes', '+375', 'by.png'),
(22, 'BE', 'Belgium', 'Belgian', 'Kingdom of Belgium', 'BEL', '056', 'yes', '+32', 'be.png'),
(23, 'BZ', 'Belize', 'Belizian', 'Belize', 'BLZ', '084', 'yes', '+501', 'bz.png'),
(24, 'BJ', 'Benin', 'Beninese', 'Republic of Benin', 'BEN', '204', 'yes', '+229', 'bj.png'),
(25, 'BM', 'Bermuda', '', 'Bermuda Islands', 'BMU', '060', 'no', '+1441', 'bm.png'),
(26, 'BT', 'Bhutan', 'Bhutanese', 'Kingdom of Bhutan', 'BTN', '064', 'yes', '+975', 'bt.png'),
(27, 'BO', 'Bolivia', 'Bolivian', 'Plurinational State of Bolivia', 'BOL', '068', 'yes', '+591', 'bo.png'),
(29, 'BA', 'Bosnia and Herzegovina', 'Bosnian', 'Bosnia and Herzegovina', 'BIH', '070', 'yes', '+387', 'ba.png'),
(30, 'BW', 'Botswana', 'Botswanan', 'Republic of Botswana', 'BWA', '072', 'yes', '+267', 'bw.png'),
(32, 'BR', 'Brazil', 'Brazilian', 'Federative Republic of Brazil', 'BRA', '076', 'yes', '+55', 'br.png'),
(33, 'IO', 'British Indian Ocean Territory', 'British', 'British Indian Ocean Territory', 'IOT', '086', 'no', '+246', 'io.png'),
(34, 'BN', 'Brunei', 'Bruneian', 'Brunei Darussalam', 'BRN', '096', 'yes', '+673', 'bn.png'),
(35, 'BG', 'Bulgaria', 'Bulgarian', 'Republic of Bulgaria', 'BGR', '100', 'yes', '+359', 'bg.png'),
(36, 'BF', 'Burkina Faso', 'Burkinese', 'Burkina Faso', 'BFA', '854', 'yes', '+226', 'bf.png'),
(37, 'BI', 'Burundi', 'Burundian', 'Republic of Burundi', 'BDI', '108', 'yes', '+257', 'bi.png'),
(38, 'KH', 'Cambodia', 'Cambodian', 'Kingdom of Cambodia', 'KHM', '116', 'yes', '855', 'kh.png'),
(39, 'CM', 'Cameroon', 'Cameroonian', 'Republic of Cameroon', 'CMR', '120', 'yes', '+237', 'cm.png'),
(40, 'CA', 'Canada', 'Canadian', 'Canada', 'CAN', '124', 'yes', '+1', 'ca.png'),
(41, 'CV', 'Cape Verde', 'Cape Verdean', 'Republic of Cape Verde', 'CPV', '132', 'yes', '+238', 'cv.png'),
(42, 'KY', 'Cayman Islands', '', 'The Cayman Islands', 'CYM', '136', 'no', '+1345', 'ky.png'),
(43, 'CF', 'Central African Republic', '', 'Central African Republic', 'CAF', '140', 'yes', '+236', 'cf.png'),
(44, 'TD', 'Chad', 'Chadian', 'Republic of Chad', 'TCD', '148', 'yes', '+235', 'td.png'),
(45, 'CL', 'Chile', 'Chilean', 'Republic of Chile', 'CHL', '152', 'yes', '+56', 'cl.png'),
(46, 'CN', 'China', 'Chinese', 'People''s Republic of China', 'CHN', '156', 'yes', '+86', 'cn.png'),
(47, 'CX', 'Christmas Island', '', 'Christmas Island', 'CXR', '162', 'no', '+61', 'cx.png'),
(48, 'CC', 'Cocos (Keeling) Islands', '', 'Cocos (Keeling) Islands', 'CCK', '166', 'no', '+61', 'cc.png'),
(49, 'CO', 'Colombia', 'Colombian', 'Republic of Colombia', 'COL', '170', 'yes', '+57', 'co.png'),
(50, 'KM', 'Comoros', '', 'Union of the Comoros', 'COM', '174', 'yes', '+269', 'km.png'),
(51, 'CG', 'Congo', 'Congolese', 'Republic of the Congo', 'COG', '178', 'yes', '242', 'cg.png'),
(52, 'CK', 'Cook Islands', '', 'Cook Islands', 'COK', '184', 'some', '+682', 'ck.png'),
(53, 'CR', 'Costa Rica', 'Costa Rican', 'Republic of Costa Rica', 'CRI', '188', 'yes', '+506', 'cr.png'),
(54, 'CI', 'Cote d''ivoire (Ivory Coast)', '', 'Republic of C&ocirc;te D''Ivoire (Ivory Coast)', 'CIV', '384', 'yes', '+225', 'ci.png'),
(55, 'HR', 'Croatia', 'Croatian', 'Republic of Croatia', 'HRV', '191', 'yes', '+385', 'hr.png'),
(56, 'CU', 'Cuba', 'Cuban', 'Republic of Cuba', 'CUB', '192', 'yes', '+53', 'cu.png'),
(57, 'CW', 'Curacao', '', 'Cura&ccedil;ao', 'CUW', '531', 'no', '+599', 'cw.png'),
(58, 'CY', 'Cyprus', 'Cypriot', 'Republic of Cyprus', 'CYP', '196', 'yes', '+357', 'cy.png'),
(59, 'CZ', 'Czech Republic', 'Czech', 'Czech Republic', 'CZE', '203', 'yes', '+420', 'cz.png'),
(60, 'CD', 'Democratic Republic of the Congo', 'congolese', 'Democratic Republic of the Congo', 'COD', '180', 'yes', '+243', 'cd.png'),
(61, 'DK', 'Denmark', 'Danish', 'Kingdom of Denmark', 'DNK', '208', 'yes', '+45', 'dk.png'),
(62, 'DJ', 'Djibouti', 'Djibouti', 'Republic of Djibouti', 'DJI', '262', 'yes', '+253', 'dj.png'),
(63, 'DM', 'Dominica', 'Dominican', 'Commonwealth of Dominica', 'DMA', '212', 'yes', '+1767', 'dm.png'),
(64, 'DO', 'Dominican Republic', 'Dominican', 'Dominican Republic', 'DOM', '214', 'yes', '+1809', 'do.png'),
(65, 'EC', 'Ecuador', 'Ecuadorean', 'Republic of Ecuador', 'ECU', '218', 'yes', '+593', 'ec.png'),
(66, 'EG', 'Egypt', 'Egyptian', 'Arab Republic of Egypt', 'EGY', '818', 'yes', '+20', 'eg.png'),
(67, 'SV', 'El Salvador', '', 'Republic of El Salvador', 'SLV', '222', 'yes', '+503', 'sv.png'),
(68, 'GQ', 'Equatorial Guinea', ' Equatorial Guinean', 'Republic of Equatorial Guinea', 'GNQ', '226', 'yes', '+240', 'gq.png'),
(69, 'ER', 'Eritrea', 'Eritrean', 'State of Eritrea', 'ERI', '232', 'yes', '+291', 'er.png'),
(70, 'EE', 'Estonia', 'Estonian', 'Republic of Estonia', 'EST', '233', 'yes', '+372', 'ee.png'),
(71, 'ET', 'Ethiopia', 'Ethiopian', 'Federal Democratic Republic of Ethiopia', 'ETH', '231', 'yes', '+251', 'et.png'),
(72, 'FK', 'Falkland Islands (Malvinas)', '', 'The Falkland Islands (Malvinas)', 'FLK', '238', 'no', '+500', 'fk.png'),
(73, 'FO', 'Faroe Islands', '', 'The Faroe Islands', 'FRO', '234', 'no', '+298', 'fo.png'),
(74, 'FJ', 'Fiji', 'Fijian', 'Republic of Fiji', 'FJI', '242', 'yes', '+679', 'fj.png'),
(75, 'FI', 'Finland', 'Finnish', 'Republic of Finland', 'FIN', '246', 'yes', '+358', 'fi.png'),
(76, 'FR', 'France', 'French', 'French Republic', 'FRA', '250', 'yes', '33', 'fr.png'),
(77, 'GF', 'French Guiana', 'Gabonese', 'French Guiana', 'GUF', '254', 'no', '+594', 'gf.png'),
(80, 'GA', 'Gabon', 'Gambian', 'Gabonese Republic', 'GAB', '266', 'yes', '+241', 'ga.png'),
(81, 'GM', 'Gambia', 'Gambian', 'Republic of The Gambia', 'GMB', '270', 'yes', '+220', 'gm.png'),
(82, 'GE', 'Georgia', 'Georgian', 'Georgia', 'GEO', '268', 'yes', '+995', 'ge.png'),
(83, 'DE', 'Germany', 'German', 'Federal Republic of Germany', 'DEU', '276', 'yes', '+49', 'de.png'),
(84, 'GH', 'Ghana', 'Ghanaian', 'Republic of Ghana', 'GHA', '288', 'yes', '+233', 'gh.png'),
(85, 'GI', 'Gibraltar', '', 'Gibraltar', 'GIB', '292', 'no', '+350', 'gi.png'),
(86, 'GR', 'Greece', 'Greek', 'Hellenic Republic', 'GRC', '300', 'yes', '+30', 'gr.png'),
(87, 'GL', 'Greenland', 'Grenadian', 'Greenland', 'GRL', '304', 'no', '+299', 'gl.png'),
(88, 'GD', 'Grenada', '', 'Grenada', 'GRD', '308', 'yes', '+1473', 'gd.png'),
(89, 'GP', 'Guadaloupe', '', 'Guadeloupe', 'GLP', '312', 'no', '+590', 'gp.png'),
(90, 'GU', 'Guam', '', 'Guam', 'GUM', '316', 'no', '+1671', 'gu.png'),
(91, 'GT', 'Guatemala', '', 'Republic of Guatemala', 'GTM', '320', 'yes', '+502', 'gt.png'),
(92, 'GG', 'Guernsey', '', 'Guernsey', 'GGY', '831', 'no', '+44', 'gg.png'),
(93, 'GN', 'Guinea', '', 'Republic of Guinea', 'GIN', '324', 'yes', '+224', 'gn.png'),
(94, 'GW', 'Guinea-Bissau', '', 'Republic of Guinea-Bissau', 'GNB', '624', 'yes', '+245', 'gw.png'),
(95, 'GY', 'Guyana', '', 'Co-operative Republic of Guyana', 'GUY', '328', 'yes', '592', '.gy'),
(96, 'HT', 'Haiti', 'Haitian', 'Republic of Haiti', 'HTI', '332', 'yes', '509', '.ht'),
(97, 'HM', 'Heard Island and McDonald Islands', '', 'Heard Island and McDonald Islands', 'HMD', '334', 'no', '', 'hm.png'),
(98, 'HN', 'Honduras', '', 'Republic of Honduras', 'HND', '340', 'yes', '+504', 'hn.png'),
(99, 'HK', 'Hong Kong', '', 'Hong Kong', 'HKG', '344', 'no', '+852', 'hk.png'),
(100, 'HU', 'Hungary', '', 'Hungary', 'HUN', '348', 'yes', '+36', 'hu.png'),
(101, 'IS', 'Iceland', '', 'Republic of Iceland', 'ISL', '352', 'yes', '+354', 'is.png'),
(102, 'IN', 'India', '', 'Republic of India', 'IND', '356', 'yes', '+91', 'in.png'),
(103, 'ID', 'Indonesia', '', 'Republic of Indonesia', 'IDN', '360', 'yes', '+62', 'id.png'),
(104, 'IR', 'Iran', '', 'Islamic Republic of Iran', 'IRN', '364', 'yes', '+98', 'ir.png'),
(105, 'IQ', 'Iraq', '', 'Republic of Iraq', 'IRQ', '368', 'yes', '+964', 'iq.png'),
(106, 'IE', 'Ireland', '', 'Ireland', 'IRL', '372', 'yes', '+353', 'ie.png'),
(107, 'IM', 'Isle of Man', '', 'Isle of Man', 'IMN', '833', 'no', '+44', 'im.png'),
(108, 'IL', 'Israel', '', 'State of Israel', 'ISR', '376', 'yes', '+972', 'il.png'),
(109, 'IT', 'Italy', '', 'Italian Republic', 'ITA', '380', 'yes', '+39', 'jm.png'),
(110, 'JM', 'Jamaica', '', 'Jamaica', 'JAM', '388', 'yes', '+1876', 'jm.png'),
(111, 'JP', 'Japan', '', 'Japan', 'JPN', '392', 'yes', '+81', 'jp.png'),
(112, 'JE', 'Jersey', '', 'The Bailiwick of Jersey', 'JEY', '832', 'no', '+44', 'je.png'),
(113, 'JO', 'Jordan', '', 'Hashemite Kingdom of Jordan', 'JOR', '400', 'yes', '+962', 'jo.png'),
(114, 'KZ', 'Kazakhstan', '', 'Republic of Kazakhstan', 'KAZ', '398', 'yes', '+7', 'kz.png'),
(115, 'KE', 'Kenya', 'Kenyan', 'Republic of Kenya', 'KEN', '404', 'yes', '+254', 'ke.png'),
(116, 'KI', 'Kiribati', '', 'Republic of Kiribati', 'KIR', '296', 'yes', '+686', 'ki.png'),
(118, 'KW', 'Kuwait', '', 'State of Kuwait', 'KWT', '414', 'yes', '+965', 'kw.png'),
(119, 'KG', 'Kyrgyzstan', '', 'Kyrgyz Republic', 'KGZ', '417', 'yes', '+996', 'kg.png'),
(120, 'LA', 'Laos', '', 'Lao People''s Democratic Republic', 'LAO', '418', 'yes', '+856', 'la.png'),
(121, 'LV', 'Latvia', '', 'Republic of Latvia', 'LVA', '428', 'yes', '+371', 'lv.png'),
(122, 'LB', 'Lebanon', '', 'Republic of Lebanon', 'LBN', '422', 'yes', '+961', 'lb.png'),
(123, 'LS', 'Lesotho', 'Lesotho', 'Kingdom of Lesotho', 'LSO', '426', 'yes', '+266', 'ls.png'),
(124, 'LR', 'Liberia', '', 'Republic of Liberia', 'LBR', '430', 'yes', '+231', 'lr.png'),
(125, 'LY', 'Libya', 'Libyan', 'Libya', 'LBY', '434', 'yes', '218', 'ly.png'),
(126, 'LI', 'Liechtenstein', '', 'Principality of Liechtenstein', 'LIE', '438', 'yes', '+423', 'li.png'),
(127, 'LT', 'Lithuania', '', 'Republic of Lithuania', 'LTU', '440', 'yes', '+370', 'lt.png'),
(128, 'LU', 'Luxembourg', '', 'Grand Duchy of Luxembourg', 'LUX', '442', 'yes', '+352', 'lu.png'),
(129, 'MO', 'Macao', '', 'The Macao Special Administrative Region', 'MAC', '446', 'no', '+853', 'mo.png'),
(130, 'MK', 'Macedonia', '', 'The Former Yugoslav Republic of Macedonia', 'MKD', '807', 'yes', '+389', 'mk.png'),
(131, 'MG', 'Madagascar', '', 'Republic of Madagascar', 'MDG', '450', 'yes', '261', 'mg.png'),
(132, 'MW', 'Malawi', '', 'Republic of Malawi', 'MWI', '454', 'yes', '+265', 'mw.png'),
(133, 'MY', 'Malaysia', '', 'Malaysia', 'MYS', '458', 'yes', '+60', 'my.png'),
(134, 'MV', 'Maldives', '', 'Republic of Maldives', 'MDV', '462', 'yes', '+960', 'mv.png'),
(135, 'ML', 'Mali', '', 'Republic of Mali', 'MLI', '466', 'yes', '+223', 'ml.png'),
(136, 'MT', 'Malta', '', 'Republic of Malta', 'MLT', '470', 'yes', '+356', 'mt.png'),
(137, 'MH', 'Marshall Islands', '', 'Republic of the Marshall Islands', 'MHL', '584', 'yes', '+692', 'mh.png'),
(138, 'MQ', 'Martinique', '', 'Martinique', 'MTQ', '474', 'no', '+596', 'mq.png'),
(139, 'MR', 'Mauritania', '', 'Islamic Republic of Mauritania', 'MRT', '478', 'yes', '+222', 'mr.png'),
(140, 'MU', 'Mauritius', '', 'Republic of Mauritius', 'MUS', '480', 'yes', '+230', 'mu.png'),
(141, 'YT', 'Mayotte', '', 'Mayotte', 'MYT', '175', 'no', '+262', 'yt.png'),
(142, 'MX', 'Mexico', '', 'United Mexican States', 'MEX', '484', 'yes', '+52', 'mx.png'),
(143, 'FM', 'Micronesia', '', 'Federated States of Micronesia', 'FSM', '583', 'yes', '+691', 'fm.png'),
(144, 'MD', 'Moldava', '', 'Republic of Moldova', 'MDA', '498', 'yes', '+373', 'md.png'),
(145, 'MC', 'Monaco', '', 'Principality of Monaco', 'MCO', '492', 'yes', '+377', 'mc.png'),
(146, 'MN', 'Mongolia', '', 'Mongolia', 'MNG', '496', 'yes', '+976', 'mn.png'),
(147, 'ME', 'Montenegro', '', 'Montenegro', 'MNE', '499', 'yes', '+382', 'me.png'),
(148, 'MS', 'Montserrat', '', 'Montserrat', 'MSR', '500', 'no', '+1664', 'ms.png'),
(149, 'MA', 'Morocco', '', 'Kingdom of Morocco', 'MAR', '504', 'yes', '212', 'ma.png'),
(150, 'MZ', 'Mozambique', '', 'Republic of Mozambique', 'MOZ', '508', 'yes', '+258', 'mz.png'),
(151, 'MM', 'Myanmar (Burma)', '', 'Republic of the Union of Myanmar', 'MMR', '104', 'yes', '+95', 'mm.png'),
(152, 'NA', 'Namibia', 'Namibian', 'Republic of Namibia', 'NAM', '516', 'yes', '+264', 'na.png'),
(153, 'NR', 'Nauru', '', 'Republic of Nauru', 'NRU', '520', 'yes', '674', 'nr.png'),
(154, 'NP', 'Nepal', '', 'Federal Democratic Republic of Nepal', 'NPL', '524', 'yes', '+977', 'np.png'),
(155, 'NL', 'Netherlands', '', 'Kingdom of the Netherlands', 'NLD', '528', 'yes', '+31', 'nl.png'),
(156, 'NC', 'New Caledonia', '', 'New Caledonia', 'NCL', '540', 'no', '+687', 'nc.png'),
(157, 'NZ', 'New Zealand', '', 'New Zealand', 'NZL', '554', 'yes', '+64', 'nz.png'),
(158, 'NI', 'Nicaragua', '', 'Republic of Nicaragua', 'NIC', '558', 'yes', '+505', 'ni.png'),
(159, 'NE', 'Niger', '', 'Republic of Niger', 'NER', '562', 'yes', '+227', 'ne.png'),
(160, 'NG', 'Nigeria', 'Nigerien', 'Federal Republic of Nigeria', 'NGA', '566', 'yes', '+234', 'ng.png'),
(161, 'NU', 'Niue', '', 'Niue', 'NIU', '570', 'some', '+683', 'nu.png'),
(162, 'NF', 'Norfolk Island', '', 'Norfolk Island', 'NFK', '574', 'no', '+672', 'nf.png'),
(163, 'KP', 'North Korea', '', 'Democratic People''s Republic of Korea', 'PRK', '408', 'yes', '+850', 'kp.png'),
(164, 'MP', 'Northern Mariana Islands', '', 'Northern Mariana Islands', 'MNP', '580', 'no', '+1670', 'mp.png'),
(165, 'NO', 'Norway', '', 'Kingdom of Norway', 'NOR', '578', 'yes', '+47', 'no.png'),
(166, 'OM', 'Oman', '', 'Sultanate of Oman', 'OMN', '512', 'yes', '+968', 'om.png'),
(167, 'PK', 'Pakistan', '', 'Islamic Republic of Pakistan', 'PAK', '586', 'yes', '+92', 'pk.png'),
(168, 'PW', 'Palau', '', 'Republic of Palau', 'PLW', '585', 'yes', '+680', 'pw.png'),
(169, 'PS', 'Palestine', '', 'State of Palestine (or Occupied Palestinian Territory)', 'PSE', '275', 'some', '+970', 'ps.png'),
(170, 'PA', 'Panama', '', 'Republic of Panama', 'PAN', '591', 'yes', '+507', 'pa.png'),
(171, 'PG', 'Papua New Guinea', '', 'Independent State of Papua New Guinea', 'PNG', '598', 'yes', '+675', 'pg.png'),
(172, 'PY', 'Paraguay', '', 'Republic of Paraguay', 'PRY', '600', 'yes', '595', 'py.png'),
(173, 'PE', 'Peru', '', 'Republic of Peru', 'PER', '604', 'yes', '+51', 'pe.png'),
(174, 'PH', 'Phillipines', '', 'Republic of the Philippines', 'PHL', '608', 'yes', '+63', 'ph.png'),
(175, 'PN', 'Pitcairn', '', 'Pitcairn', 'PCN', '612', 'no', '', 'pn.png'),
(176, 'PL', 'Poland', '', 'Republic of Poland', 'POL', '616', 'yes', '+48', 'pl.png'),
(177, 'PT', 'Portugal', '', 'Portuguese Republic', 'PRT', '620', 'yes', '+351', 'pt.png'),
(178, 'PR', 'Puerto Rico', '', 'Commonwealth of Puerto Rico', 'PRI', '630', 'no', '+1939', 'pr.png'),
(179, 'QA', 'Qatar', '', 'State of Qatar', 'QAT', '634', 'yes', '+974', 'qa.png'),
(180, 'RE', 'Reunion', '', 'R&eacute;union', 'REU', '638', 'no', '+262', 're.png'),
(181, 'RO', 'Romania', '', 'Romania', 'ROU', '642', 'yes', '40', 'ro.png'),
(182, 'RU', 'Russia', '', 'Russian Federation', 'RUS', '643', 'yes', '+7', 'ru.png'),
(183, 'RW', 'Rwanda', 'Rwandan', 'Republic of Rwanda', 'RWA', '646', 'yes', '+250', 'rw.png'),
(184, 'BL', 'Saint Barthelemy', '', 'Saint Barth&eacute;lemy', 'BLM', '652', 'no', '+590', 'bl.png'),
(185, 'SH', 'Saint Helena', '', 'Saint Helena, Ascension and Tristan da Cunha', 'SHN', '654', 'no', '+290', 'sh.png'),
(186, 'KN', 'Saint Kitts and Nevis', '', 'Federation of Saint Christopher and Nevis', 'KNA', '659', 'yes', '+1869', 'kn.png'),
(187, 'LC', 'Saint Lucia', '', 'Saint Lucia', 'LCA', '662', 'yes', '+1758', 'lc.png'),
(188, 'MF', 'Saint Martin', '', 'Saint Martin', 'MAF', '663', 'no', '+590', 'mf.png'),
(189, 'PM', 'Saint Pierre and Miquelon', '', 'Saint Pierre and Miquelon', 'SPM', '666', 'no', '+508', 'pm.png'),
(190, 'VC', 'Saint Vincent and the Grenadines', '', 'Saint Vincent and the Grenadines', 'VCT', '670', 'yes', '+1784', 'vc.png'),
(191, 'WS', 'Samoa', '', 'Independent State of Samoa', 'WSM', '882', 'yes', '+685', 'ws.png'),
(192, 'SM', 'San Marino', '', 'Republic of San Marino', 'SMR', '674', 'yes', '+378', 'sm.png'),
(193, 'ST', 'Sao Tome and Principe', '', 'Democratic Republic of S&atilde;o Tom&eacute; and Pr&iacute;ncipe', 'STP', '678', 'yes', '+239', 'st.png'),
(194, 'SA', 'Saudi Arabia', '', 'Kingdom of Saudi Arabia', 'SAU', '682', 'yes', '+966', 'sa.png'),
(195, 'SN', 'Senegal', 'Senegalese', 'Republic of Senegal', 'SEN', '686', 'yes', '+221', 'sn.png'),
(196, 'RS', 'Serbia', '', 'Republic of Serbia', 'SRB', '688', 'yes', '+381', 'rs.png'),
(197, 'SC', 'Seychelles', 'Seychellois', 'Republic of Seychelles', 'SYC', '690', 'yes', '+248', 'sc.png'),
(198, 'SL', 'Sierra Leone', 'Sierra Leonian', 'Republic of Sierra Leone', 'SLE', '694', 'yes', '+232', 'sl.png'),
(199, 'SG', 'Singapore', '', 'Republic of Singapore', 'SGP', '702', 'yes', '+65', 'sg.png'),
(200, 'SX', 'Sint Maarten', '', 'Sint Maarten', 'SXM', '534', 'no', '+1721', 'sx.png'),
(201, 'SK', 'Slovakia', '', 'Slovak Republic', 'SVK', '703', 'yes', '+421', 'sk.png'),
(202, 'SI', 'Slovenia', '', 'Republic of Slovenia', 'SVN', '705', 'yes', '+386', 'si.png'),
(203, 'SB', 'Solomon Islands', '', 'Solomon Islands', 'SLB', '090', 'yes', '+677', 'sb.png'),
(204, 'SO', 'Somalia', 'Somali', 'Somali Republic', 'SOM', '706', 'yes', '+252', 'so.png'),
(205, 'ZA', 'South Africa', 'South African', 'Republic of South Africa', 'ZAF', '710', 'yes', '+27', 'za.png'),
(206, 'GS', 'South Georgia and the South Sandwich Islands', '', 'South Georgia and the South Sandwich Islands', 'SGS', '239', 'no', '+500', 'gs.png'),
(207, 'KR', 'South Korea', '', 'Republic of Korea', 'KOR', '410', 'yes', '+82', 'kr.png'),
(208, 'SS', 'South Sudan', 'South Sudanese', 'Republic of South Sudan', 'SSD', '728', 'yes', '+211', 'ss.png'),
(209, 'ES', 'Spain', '', 'Kingdom of Spain', 'ESP', '724', 'yes', '+34', 'es.png'),
(210, 'LK', 'Sri Lanka', '', 'Democratic Socialist Republic of Sri Lanka', 'LKA', '144', 'yes', '+94', 'lk.png'),
(211, 'SD', 'Sudan', 'Sudanese', 'Republic of the Sudan', 'SDN', '729', 'yes', '+249', 'sd.png'),
(212, 'SR', 'Suriname', '', 'Republic of Suriname', 'SUR', '740', 'yes', '+597', 'sr.png'),
(213, 'SJ', 'Svalbard and Jan Mayen', '', 'Svalbard and Jan Mayen', 'SJM', '744', 'no', '+47', 'sj.png'),
(214, 'SZ', 'Swaziland', 'Swazi', 'Kingdom of Swaziland', 'SWZ', '748', 'yes', '+268', 'sz.png'),
(215, 'SE', 'Sweden', '', 'Kingdom of Sweden', 'SWE', '752', 'yes', '+46', 'se.png'),
(216, 'CH', 'Switzerland', '', 'Swiss Confederation', 'CHE', '756', 'yes', '+41', 'ch.png'),
(217, 'SY', 'Syria', '', 'Syrian Arab Republic', 'SYR', '760', 'yes', '+963', 'sy.png'),
(218, 'TW', 'Taiwan', '', 'Republic of China (Taiwan)', 'TWN', '158', 'former', '+886', 'tw.png'),
(219, 'TJ', 'Tajikistan', '', 'Republic of Tajikistan', 'TJK', '762', 'yes', '992', 'tj.png'),
(220, 'TZ', 'Tanzania', 'Tanzanian', 'United Republic of Tanzania', 'TZA', '834', 'yes', '+255', 'tz.png'),
(221, 'TH', 'Thailand', '', 'Kingdom of Thailand', 'THA', '764', 'yes', '+66', 'th.png'),
(222, 'TL', 'Timor-Leste (East Timor)', '', 'Democratic Republic of Timor-Leste', 'TLS', '626', 'yes', '+670', 'tl.png'),
(223, 'TG', 'Togo', '', 'Togolese Republic', 'TGO', '768', 'yes', '+228', 'tg.png'),
(224, 'TK', 'Tokelau', '', 'Tokelau', 'TKL', '772', 'no', '+690', 'tk.png'),
(225, 'TO', 'Tonga', '', 'Kingdom of Tonga', 'TON', '776', 'yes', '676', 'to..png'),
(226, 'TT', 'Trinidad and Tobago', '', 'Republic of Trinidad and Tobago', 'TTO', '780', 'yes', '+1868', 'tt.png'),
(227, 'TN', 'Tunisia', '', 'Republic of Tunisia', 'TUN', '788', 'yes', '+216', 'tn.png'),
(228, 'TR', 'Turkey', '', 'Republic of Turkey', 'TUR', '792', 'yes', '+90', 'tr.png'),
(229, 'TM', 'Turkmenistan', '', 'Turkmenistan', 'TKM', '795', 'yes', '+993', 'tm.png'),
(230, 'TC', 'Turks and Caicos Islands', '', 'Turks and Caicos Islands', 'TCA', '796', 'no', '+1649', 'tc.png'),
(231, 'TV', 'Tuvalu', '', 'Tuvalu', 'TUV', '798', 'yes', '+688', 'tv.png'),
(232, 'UG', 'Uganda', 'Ugandan', 'Republic of Uganda', 'UGA', '800', 'yes', '+256', 'ug.png'),
(233, 'UA', 'Ukraine', '', 'Ukraine', 'UKR', '804', 'yes', '380', '.ua'),
(234, 'AE', 'United Arab Emirates', '', 'United Arab Emirates', 'ARE', '784', 'yes', '+971', 'ae.png'),
(235, 'GB', 'United Kingdom', '', 'United Kingdom of Great Britain and Nothern Ireland', 'GBR', '826', 'yes', '+44', 'uk.png'),
(236, 'US', 'United States', '', 'United States of America', 'USA', '840', 'yes', '+1', 'us.png'),
(237, 'UM', 'United States Minor Outlying Islands', '', 'United States Minor Outlying Islands', 'UMI', '581', 'no', '', ''),
(238, 'UY', 'Uruguay', '', 'Eastern Republic of Uruguay', 'URY', '858', 'yes', '+598', 'uy.png'),
(239, 'UZ', 'Uzbekistan', '', 'Republic of Uzbekistan', 'UZB', '860', 'yes', '+998', 'uz.png'),
(240, 'VU', 'Vanuatu', '', 'Republic of Vanuatu', 'VUT', '548', 'yes', '+678', 'vu.png'),
(241, 'VA', 'Vatican City', '', 'State of the Vatican City', 'VAT', '336', 'no', '+39', 'va.png'),
(242, 'VE', 'Venezuela', '', 'Bolivarian Republic of Venezuela', 'VEN', '862', 'yes', '+58', 've.png'),
(243, 'VN', 'Vietnam', '', 'Socialist Republic of Vietnam', 'VNM', '704', 'yes', '+84', 'vn.png'),
(244, 'VG', 'Virgin Islands, British', '', 'British Virgin Islands', 'VGB', '092', 'no', '+1284', 'vg.png'),
(245, 'VI', 'Virgin Islands, US', '', 'Virgin Islands of the United States', 'VIR', '850', 'no', '+1340', 'vi.png'),
(246, 'WF', 'Wallis and Futuna', '', 'Wallis and Futuna', 'WLF', '876', 'no', '+681', 'wf.png'),
(247, 'EH', 'Western Sahara', '', 'Western Sahara', 'ESH', '732', 'no', '+212', 'eh.png'),
(248, 'YE', 'Yemen', '', 'Republic of Yemen', 'YEM', '887', 'yes', '+967', 'ye.png'),
(249, 'ZM', 'Zambia', 'Zambian', 'Republic of Zambia', 'ZMB', '894', 'yes', '+260', 'zm.png'),
(250, 'ZW', 'Zimbabwe', 'Zimbabwean', 'Republic of Zimbabwe', 'ZWE', '716', 'yes', '+263', 'zw.png');

-- --------------------------------------------------------

--
-- Table structure for table `courtinfo`
--

CREATE TABLE IF NOT EXISTS `courtinfo` (
  `id` int(40) NOT NULL AUTO_INCREMENT,
  `offence_no` int(40) NOT NULL,
  `force_no` varchar(45) NOT NULL,
  `courtlevel_id` int(10) NOT NULL,
  `courtname` varchar(100) NOT NULL,
  `Date` timestamp NOT NULL DEFAULT CURRENT_TIMESTAMP,
  PRIMARY KEY (`id`)
) ENGINE=InnoDB  DEFAULT CHARSET=latin1 AUTO_INCREMENT=102 ;

--
-- Dumping data for table `courtinfo`
--

INSERT INTO `courtinfo` (`id`, `offence_no`, `force_no`, `courtlevel_id`, `courtname`, `Date`) VALUES
(73, 31, 'T2323333', 8, 'Mahakama ya Mwanzo Badi', '2014-11-07 05:38:53'),
(75, 31, 'T232313', 9, 'Mahakama ya wilaya Magu', '2014-11-18 10:21:15'),
(76, 31, 'T232313', 10, 'Mahakama ya Mkoa Mwanza', '2014-11-18 14:01:47'),
(77, 31, 'T232313', 11, 'Mahakama Kuu ya Biashara', '2014-11-18 17:46:34'),
(78, 29, 'T232313', 11, 'Mahakama ya Biashara', '2014-11-19 06:21:27'),
(79, 32, 'ww3434', 8, 'Mahakama ya mwanzo Kahama', '2014-11-19 11:10:38'),
(80, 32, 'ww3434', 9, 'Mahakama ya wilaya Kiteto', '2014-11-19 11:12:54'),
(81, 32, 'ww3434', 10, 'Mahakama ya Mkoa Shinyanga', '2014-11-19 11:15:35'),
(82, 32, 'ww3434', 11, 'Mahakama Kuu Arusha', '2014-11-19 11:22:35'),
(83, 33, 'T112Z', 9, 'Mahakama ya Wilaya Songambele', '2014-11-19 11:59:38'),
(84, 33, 'T112Z', 10, 'Mahakama ya Mkoa Songambele', '2014-11-19 12:15:21'),
(85, 33, 'T112Z', 11, 'Mahakama Kuu ya Biashara', '2014-11-19 12:29:15'),
(86, 34, 'T112Z', 8, 'Mahakama ya Mwanzo jogoo', '2014-11-19 12:55:38'),
(87, 34, 'T112Z', 11, 'Mahakama Kuu ya Biashara', '2014-11-19 13:13:45'),
(89, 35, 'ww3434', 8, 'Mahakama ya Mwanzo Mpanda', '2014-12-01 06:54:43'),
(90, 38, 'ww3434', 8, 'Mahakama ya Mwanzo Mhida', '2014-12-01 17:03:02'),
(91, 39, 'ww3434', 8, 'Mahakama ya Mwanzo Silali', '2014-12-03 15:48:32'),
(92, 30, 'ww3434', 8, 'Mahakama ya Mwanzo Malampaka', '2014-12-03 15:58:16'),
(93, 36, 'ww3434', 8, 'Mahakama ya mwanzo z', '2014-12-03 16:00:10'),
(95, 40, 'TB1234E', 9, 'Mahakama ya Wilaya Sumbawanga', '2014-12-05 06:01:27'),
(96, 40, '1234', 10, 'Mahakama ya Mkoa Rukwa', '2014-12-05 09:53:59'),
(97, 36, 'TB1234E', 10, 'Mahakama ya Mwanzo Songea', '2014-12-08 08:37:44'),
(98, 40, 'TB1234E', 11, 'Mahakama ya Mwenge', '2014-12-08 09:35:02'),
(99, 40, 'TB1234E', 11, 'wwwwwwwww', '2014-12-08 09:44:23'),
(100, 41, 'WP7298', 8, 'Kawe Primary Court', '2015-01-18 09:31:51'),
(101, 14, 'WP7298', 8, 'Mahakama ya Mwanzo Kawe', '2015-01-27 10:05:48');

-- --------------------------------------------------------

--
-- Table structure for table `courtstatus_info`
--

CREATE TABLE IF NOT EXISTS `courtstatus_info` (
  `courtinfo_id` int(10) NOT NULL AUTO_INCREMENT,
  `date` varchar(20) NOT NULL,
  `auto_date` timestamp NOT NULL DEFAULT CURRENT_TIMESTAMP,
  `offence_no` int(45) NOT NULL,
  `courtforce_no` varchar(45) NOT NULL,
  `wahusika_id` int(10) NOT NULL,
  `court_levelid` int(45) NOT NULL,
  `taarifa_id` varchar(10) NOT NULL DEFAULT '',
  `court_hatuaid` varchar(4) DEFAULT '',
  `infodescription` varchar(250) NOT NULL,
  `athabu_id` varchar(4) DEFAULT '',
  `miaka` varchar(4) DEFAULT '',
  `miezi` varchar(2) DEFAULT '',
  `fidia` varchar(100) DEFAULT '',
  PRIMARY KEY (`courtinfo_id`)
) ENGINE=InnoDB  DEFAULT CHARSET=latin1 AUTO_INCREMENT=6 ;

--
-- Dumping data for table `courtstatus_info`
--

INSERT INTO `courtstatus_info` (`courtinfo_id`, `date`, `auto_date`, `offence_no`, `courtforce_no`, `wahusika_id`, `court_levelid`, `taarifa_id`, `court_hatuaid`, `infodescription`, `athabu_id`, `miaka`, `miezi`, `fidia`) VALUES
(4, '2014-12-10', '2014-12-08 09:47:07', 40, 'TB1234E', 29, 11, '2', '0', 'www', '0', '', '', ''),
(5, '2014-12-09', '2014-12-08 09:49:38', 40, 'TB1234E', 31, 11, '3', '3', 'www', '2', '', '', '20000');

-- --------------------------------------------------------

--
-- Table structure for table `crime_category`
--

CREATE TABLE IF NOT EXISTS `crime_category` (
  `crimecat_id` varchar(30) NOT NULL,
  `crimecat_name` varchar(60) NOT NULL,
  `crimetype_id` varchar(30) NOT NULL,
  PRIMARY KEY (`crimecat_id`),
  KEY `fk_crime_category_1_idx` (`crimetype_id`)
) ENGINE=InnoDB DEFAULT CHARSET=latin1;

--
-- Dumping data for table `crime_category`
--

INSERT INTO `crime_category` (`crimecat_id`, `crimecat_name`, `crimetype_id`) VALUES
('', '0', '0'),
('1', 'Mauaji', '1'),
('10', 'Kupatikana na silaha', '2'),
('11', 'Kupatikana na nyara', '2'),
('12', 'Rushwa', '2'),
('13', 'Kupatikana na pombe ya moshi', '2'),
('14', 'Magendo', '2'),
('15', 'Kupatikana na risasi', '2'),
('16', 'Kupatikana na bomu', '2'),
('17', 'Uhamiaji haramu', '2'),
('18', 'Kupatikana na nyaraka za serikali', '2'),
('19', 'Kupatikana na dawa', '2'),
('2', 'Taarifa ya Kifo', '1'),
('20', 'Ukahaba', '2'),
('21', 'Kukataa amri halali', '2'),
('22', 'Kumpa mimba mwanafunzi', '2'),
('23', 'Kupatikana na sare za jeshi', '2'),
('24', 'Kupigana hadharani', '2'),
('25', 'Kuingia kwenye hifadhi bila kibali', '2'),
('26', 'Kutelekeza familia', '2'),
('27', 'Kutoa taarifa za uongo', '2'),
('28', 'Kutoroka kambini', '2'),
('29', 'Kutorosha mtoto shule', '2'),
('3', 'Kubaka', '1'),
('30', 'Kutishia kuua', '2'),
('31', 'Kutumia lugha za matusi', '2'),
('32', 'Kumzuia mtumishi wa serikali kufanya kazi yake', '2'),
('33', 'Kucheza kamari', '2'),
('34', 'Uwindaji haramu', '2'),
('35', 'Kufanya fujo', '2'),
('36', 'Kuharibu mali', '2'),
('37', 'Wizi wa mifugo', '3'),
('38', 'Wizi wa silaha', '3'),
('39', 'Wizi wa vyombo vya moto', '3'),
('4', 'Kulawiti', '1'),
('40', 'Wizi katika mabenki', '3'),
('41', 'Wizi serikalini', '3'),
('42', 'Wizi wa mali', '3'),
('43', 'Wizi wa risasi', '3'),
('44', 'Unyang''anyi', '3'),
('45', 'Unyang''anyi katika barabara kuu', '3'),
('46', 'Kuchoma moto', '3'),
('47', 'Ajali ya moto', '3'),
('48', 'Uvunjaji', '3'),
('49', 'Kupatikana na fedha bandia', '3'),
('5', 'Kunajisi', '1'),
('50', 'Wizi toka maungoni', '3'),
('51', 'Kujaribu kunyang''anya', '3'),
('52', 'Kujipatia deni kwa njia ya udanganyifu', '3'),
('53', 'Kujipatia fedha kwa njia ya udanganyifu', '3'),
('54', 'Kujipatia mali kwa njia ya udanganyifu', '3'),
('55', 'Wizi wa kuaminiana', '3'),
('56', 'Kufanya biashara bila leseni', '3'),
('57', 'Ajali barabarani', '4'),
('58', 'Notification', '4'),
('59', 'Shule za udereva', '4'),
('6', 'Usafirishaji haramu wa binadamu', '1'),
('60', 'Askari wa Traffic', '4'),
('61', 'Kufyatua risasi', '2'),
('62', 'Wizi wa vifaa vya magari', '3'),
('63', 'Shambulio', '1'),
('7', 'Kuzini na maharimu', '1'),
('8', 'Kutupa watoto', '1'),
('9', 'Wizi wa watoto', '1');

-- --------------------------------------------------------

--
-- Table structure for table `crime_subcategory`
--

CREATE TABLE IF NOT EXISTS `crime_subcategory` (
  `crimesubcat_id` int(30) NOT NULL AUTO_INCREMENT,
  `crimesubcat_name` varchar(45) NOT NULL,
  `crimesubcat_typeid` int(10) NOT NULL,
  PRIMARY KEY (`crimesubcat_id`)
) ENGINE=InnoDB  DEFAULT CHARSET=latin1 AUTO_INCREMENT=110 ;

--
-- Dumping data for table `crime_subcategory`
--

INSERT INTO `crime_subcategory` (`crimesubcat_id`, `crimesubcat_name`, `crimesubcat_typeid`) VALUES
(0, 'Nyingine', 0),
(1, 'SAR', 1),
(2, 'SMG', 1),
(3, 'UZI GUN', 1),
(4, 'SHORT GUN', 1),
(5, 'FN', 1),
(6, 'MARK IV', 1),
(7, 'G3', 1),
(8, 'PISTOL', 1),
(9, 'AIR GUN', 1),
(10, 'RIFLE', 1),
(11, 'AK 47', 1),
(12, 'GOBOLE', 1),
(13, 'BOMU', 1),
(14, 'BARUTI', 1),
(16, 'KAMBA', 2),
(17, 'PANGA', 2),
(18, 'SIME', 2),
(19, 'KISU', 2),
(20, 'KITU KIZITO', 2),
(21, 'KITU CHENYE NCHA KALI', 2),
(22, 'TAMAA ZA KIMWILI', 3),
(23, 'TAMAA YA PESA', 3),
(24, 'KISASI', 3),
(25, 'IMANI ZA KISHIRIKINA', 3),
(26, 'MELI', 4),
(27, 'BOTI', 4),
(28, 'MTUMBWI', 4),
(29, 'NGALAWA', 4),
(30, 'LORI', 4),
(31, 'BASI', 4),
(32, 'BASI', 4),
(33, 'BAISKELI', 4),
(34, 'PIKIPIKI', 4),
(35, 'Hali ngumu ya Maisha', 5),
(36, 'Ugomvi wa kifamilia', 5),
(37, 'Mtoto kukataliwa', 5),
(38, 'Sababu za kishirikina', 6),
(39, 'Kutokuwa na uwezo wa kuzaa', 6),
(40, 'Wivu', 6),
(41, 'Kujipatia fedha', 6),
(42, 'Kucha', 7),
(43, 'Ngozi', 7),
(44, 'Pembe', 7),
(45, 'Manyoya', 7),
(46, 'Nyama', 7),
(47, 'Bomu la kutengeneza', 8),
(48, 'Bomu la kiwandani', 8),
(49, 'Bomu la kurusha kwa mkono', 8),
(50, 'Sababu za kisiasa', 9),
(51, 'Kujipatia fedha', 9),
(52, 'Hujuma', 9),
(53, 'Dawa za viwandani', 10),
(54, 'Dawa za kulevya', 10),
(55, 'Cocaine', 11),
(56, 'Heroine', 11),
(57, 'Mandrax', 11),
(58, 'Cannabis Resin', 11),
(59, 'Morphine', 11),
(60, 'Bhangi', 11),
(61, 'Mirungi', 11),
(62, 'Chini ya mwezi 1', 12),
(63, 'Mwezi 1', 12),
(64, 'Miezi 2', 12),
(65, 'Miezi 3', 12),
(66, 'Miezi 4', 12),
(67, 'Miezi 5', 12),
(68, 'Miezi 6', 12),
(69, 'Miezi 7', 12),
(70, 'Miezi 8', 12),
(71, 'Miezi 9', 12),
(72, 'Shule ya Awali', 13),
(73, 'Darasa la Kwanza', 13),
(74, 'Darasa la Pili', 13),
(75, 'Darasa la Tatu', 13),
(76, 'Darasa la Nne', 13),
(77, 'Darasa la Tano', 13),
(78, 'Darasa la Sita', 13),
(79, 'Darasa la Saba', 13),
(80, 'Kidato cha kwanza', 13),
(81, 'Kidato cha Pili', 13),
(82, 'Kidato cha Tatu', 13),
(83, 'Kidato cha Nne', 13),
(84, 'Kidato cha Tano', 13),
(85, 'Kidato cha Sita', 13),
(86, 'Jeshi la Polisi', 14),
(87, 'Jeshi la wananchi (JWTZ)', 14),
(88, 'Jeshi la kujenga Taifa (JKT)', 14),
(89, 'Jeshi la Magereza', 14),
(90, 'Jeshi la Uhamiaji', 14),
(91, 'Tanapa', 14),
(92, 'hifadhi ya wanyama', 15),
(93, 'Hifadhi ya msitu', 15),
(94, 'Arusha', 16),
(95, 'Gombe', 16),
(96, 'Katavi', 16),
(97, 'Mt. Kilimanjaro', 16),
(98, 'Kitulo Plateau', 16),
(99, 'Mahale Mountains', 16),
(100, 'Lake Manyara', 16),
(101, 'Mikumi', 16),
(102, 'Mkomazi', 16),
(103, 'Ruaha', 16),
(104, 'Rubondo Island', 16),
(105, 'Saadan', 16),
(106, 'Saanane', 16),
(107, 'Serengeti', 16),
(108, 'Tarangire', 16),
(109, 'Udzungwa Mountains', 16);

-- --------------------------------------------------------

--
-- Table structure for table `crime_subcategorytype`
--

CREATE TABLE IF NOT EXISTS `crime_subcategorytype` (
  `crimesubcat_typeid` int(10) NOT NULL AUTO_INCREMENT,
  `crimesubcat_typename` varchar(60) NOT NULL,
  PRIMARY KEY (`crimesubcat_typeid`)
) ENGINE=InnoDB  DEFAULT CHARSET=latin1 AUTO_INCREMENT=17 ;

--
-- Dumping data for table `crime_subcategorytype`
--

INSERT INTO `crime_subcategorytype` (`crimesubcat_typeid`, `crimesubcat_typename`) VALUES
(1, 'Aina ya Silaha'),
(2, 'Silaha za Jadi'),
(3, 'Sababu za kulawiti/kubaka'),
(4, 'Vyombo vya usafirishaji binadamu'),
(5, 'Sababu za kutupa watoto'),
(6, 'Sababu za wizi wa watoto'),
(7, 'Nyara aliyokutwa nayo'),
(8, 'Aina ya bomu'),
(9, 'Sababu kupatikana na nyaraka za Serikali'),
(10, 'Aina ya dawa'),
(11, 'Dawa za kulevya'),
(12, 'Umri wa mimba'),
(13, 'Daraja la elimu'),
(14, 'Aina ya Sare za Majeshi'),
(15, 'Aina ya Hifadhi'),
(16, 'Jina la Hifadhi');

-- --------------------------------------------------------

--
-- Table structure for table `crime_type`
--

CREATE TABLE IF NOT EXISTS `crime_type` (
  `crimetype_id` varchar(30) NOT NULL,
  `crimetype_name` varchar(45) NOT NULL,
  PRIMARY KEY (`crimetype_id`)
) ENGINE=InnoDB DEFAULT CHARSET=latin1;

--
-- Dumping data for table `crime_type`
--

INSERT INTO `crime_type` (`crimetype_id`, `crimetype_name`) VALUES
('1', 'Makosa dhidi ya binadamu'),
('2', 'Makosa dhidi ya maadili ya jamii'),
('3', 'Makosa ya kuwania mali'),
('4', 'Makosa ya usalama barabarani');

-- --------------------------------------------------------

--
-- Table structure for table `discussions`
--

CREATE TABLE IF NOT EXISTS `discussions` (
  `disc_id` int(255) NOT NULL AUTO_INCREMENT,
  `offence_no` int(255) NOT NULL,
  `disc_content` text NOT NULL,
  `sender_id` varchar(50) NOT NULL,
  `receiver_id` varchar(30) NOT NULL,
  `date_added` timestamp NOT NULL DEFAULT CURRENT_TIMESTAMP ON UPDATE CURRENT_TIMESTAMP,
  PRIMARY KEY (`disc_id`),
  KEY `disc_complaint_id` (`offence_no`),
  KEY `disc_staff_id` (`sender_id`)
) ENGINE=InnoDB DEFAULT CHARSET=latin1 AUTO_INCREMENT=1 ;

-- --------------------------------------------------------

--
-- Table structure for table `district_nbs`
--

CREATE TABLE IF NOT EXISTS `district_nbs` (
  `district_nbsid` int(10) NOT NULL,
  `district_nbsname` varchar(45) NOT NULL,
  `region_nbsid` int(10) NOT NULL,
  PRIMARY KEY (`district_nbsid`),
  KEY `fk_district_1_idx` (`region_nbsid`)
) ENGINE=InnoDB DEFAULT CHARSET=latin1;

--
-- Dumping data for table `district_nbs`
--

INSERT INTO `district_nbs` (`district_nbsid`, `district_nbsname`, `region_nbsid`) VALUES
(0, 'N/A', 0),
(101, 'Kondoa', 1),
(102, 'Mpwapwa', 1),
(103, 'Kongwa', 1),
(104, 'Chamwino', 1),
(105, 'Dodoma Mjini', 1),
(106, 'Bahi', 1),
(107, 'Chemba', 1),
(201, 'Monduli', 2),
(202, 'Meru', 2),
(203, 'Arusha Mjini', 2),
(204, 'Karatu', 2),
(205, 'Ngorongoro', 2),
(206, 'Arusha Vijijini', 2),
(207, 'Longido', 2),
(301, 'Rombo', 3),
(302, 'Mwanga', 3),
(303, 'Same', 3),
(304, 'Moshi Vijijini', 3),
(305, 'Hai', 3),
(306, 'Moshi Mjini', 3),
(307, 'Siha', 3),
(401, 'Lushoto', 4),
(402, 'Korogwe', 4),
(403, 'Muheza', 4),
(404, 'Tanga', 4),
(405, 'Pangani', 4),
(406, 'Handeni', 4),
(407, 'Kilindi', 4),
(408, 'Mkinga', 4),
(409, 'Korogwe Mjini', 4),
(410, 'Handeni Mjini', 4),
(501, 'Kilosa', 5),
(502, 'Morogoro', 5),
(503, 'Kilombero', 5),
(504, 'Ulanga', 5),
(505, 'Morogoro Mjini', 5),
(506, 'Mvomero', 5),
(507, 'Gairo', 5),
(601, 'Bagamoyo', 6),
(602, 'Kibaha', 6),
(603, 'Kisarawe', 6),
(604, 'Mkuranga', 6),
(605, 'Rufiji', 6),
(606, 'Mafia', 6),
(607, 'Kibaha Mjini', 6),
(701, 'Kinondoni', 7),
(702, 'Ilala', 7),
(703, 'Temeke', 7),
(801, 'Kilwa', 8),
(802, 'Lindi Vijijini', 8),
(803, 'Nachingwea', 8),
(804, 'Liwale', 8),
(805, 'Ruangwa', 8),
(806, 'Lindi Mjini', 8),
(901, 'Mtwara Vijijini', 9),
(902, 'Newala', 9),
(903, 'Masasi', 9),
(904, 'Tandahimba', 9),
(905, 'Mtwara Mjini', 9),
(906, 'Nanyumbu', 9),
(907, 'Masasi', 9),
(1001, 'Tunduru', 10),
(1002, 'Songea Vijijini', 10),
(1003, 'Mbinga', 10),
(1004, 'Songea Mjini', 10),
(1005, 'Namtumbo', 10),
(1006, 'Nyasa', 10),
(1101, 'Iringa Vijijini', 11),
(1102, 'Mufindi', 11),
(1103, 'Iringa Mjini', 11),
(1104, 'Kilolo', 11),
(1105, 'Mamlaka ya mji wa Mafinga', 11),
(1106, 'Makambako', 11),
(1201, 'Chunya', 12),
(1202, 'Mbeya Vijijini', 12),
(1203, 'Kyela', 12),
(1204, 'Rungwe', 12),
(1205, 'Ileje', 12),
(1206, 'Mbozi', 12),
(1207, 'Mbarali', 12),
(1208, 'Mbeya Mjini', 12),
(1209, 'Momba', 12),
(1301, 'Iramba', 13),
(1302, 'Singida Vijijini', 13),
(1303, 'Manyoni', 13),
(1304, 'Singida Mjini', 13),
(1305, 'Ikungi', 13),
(1306, 'Mkalama', 13),
(1401, 'Nzega', 14),
(1402, 'Igunga', 14),
(1403, 'Uyui', 14),
(1404, 'Urambo', 14),
(1405, 'Sikonge', 14),
(1406, 'Tabora Mjini', 14),
(1407, 'Kaliua', 14),
(1501, 'Kalambo', 15),
(1502, 'Sumbawanga Vijijini', 15),
(1503, 'Nkasi', 15),
(1504, 'Sumbawanga Mjini', 15),
(1601, 'Kibondo', 16),
(1602, 'Kasulu', 16),
(1603, 'Kigoma Vijijini', 16),
(1604, 'Manispaa ya Kigoma Ujiji', 16),
(1605, 'Uvinza', 16),
(1606, 'Buhigwe', 16),
(1607, 'Kakonko', 16),
(1608, 'Kasulu Mjini', 16),
(1701, 'Shinyanga Mjini', 17),
(1702, 'Kishapu', 17),
(1703, 'Shinyanga', 17),
(1704, 'Kahama', 17),
(1705, 'Mamlaka ya mji Kahama', 17),
(1801, 'Karagwe', 18),
(1802, 'Bukoba Vijijini', 18),
(1803, 'Muleba', 18),
(1804, 'Biharamulo', 18),
(1805, 'Ngara', 18),
(1806, 'Bukoba Mjini', 18),
(1807, 'Missenyi', 18),
(1808, 'Kyerwa', 18),
(1901, 'Tarime', 19),
(1902, 'Serengeti', 19),
(1903, 'Musoma', 19),
(1904, 'Bunda', 19),
(1905, 'Musoma Mjini', 19),
(1906, 'Rorya', 19),
(1907, 'Butiama', 19),
(2001, 'Ukerewe', 20),
(2002, 'Magu', 20),
(2003, 'Nyamagana', 20),
(2004, 'Kwimba', 20),
(2005, 'Sengerema', 20),
(2006, 'Ilemela', 20),
(2007, 'Misungwi', 20),
(2101, 'Babati', 21),
(2102, 'Hanang', 21),
(2103, 'Mbulu', 21),
(2104, 'Simanjiro', 21),
(2105, 'Kiteto', 21),
(2106, 'Babati Mjini', 21),
(2201, 'Njombe Mjini', 22),
(2202, 'Wang''ing''ombe', 22),
(2203, 'Makete', 22),
(2204, 'Njombe Vijijini', 22),
(2205, 'Ludewa', 22),
(2206, 'Makambako', 22),
(2301, 'Mpanda Mjini', 23),
(2302, 'Mpanda Vijijini', 23),
(2303, 'Mlele', 23),
(2401, 'Bariadi', 24),
(2402, 'Itilima', 24),
(2403, 'Meatu', 24),
(2404, 'Maswa', 24),
(2405, 'Busega', 24),
(2501, 'Geita', 25),
(2502, 'Nyang''hwale', 25),
(2503, 'Mbogwe', 25),
(2504, 'Bukombe', 25),
(2505, 'Chato', 25);

-- --------------------------------------------------------

--
-- Table structure for table `district_police`
--

CREATE TABLE IF NOT EXISTS `district_police` (
  `district_policeid` int(10) NOT NULL,
  `district_policename` varchar(45) NOT NULL,
  `region_policeid` int(10) NOT NULL,
  `district_nbsid` int(10) NOT NULL,
  PRIMARY KEY (`district_policeid`),
  KEY `fk_district_10_idx` (`region_policeid`),
  KEY `fk_district_police_2_idx` (`district_nbsid`)
) ENGINE=InnoDB DEFAULT CHARSET=latin1;

--
-- Dumping data for table `district_police`
--

INSERT INTO `district_police` (`district_policeid`, `district_policename`, `region_policeid`, `district_nbsid`) VALUES
(101, 'Ilala', 1, 1),
(102, 'Kawe', 27, 701),
(103, 'Kinondoni', 27, 701),
(104, 'Magomeni', 27, 701),
(105, 'Kimara', 27, 701),
(106, 'Kati', 26, 702),
(107, 'Kariakoo', 26, 702),
(108, 'Buguruni', 26, 702),
(109, 'Ukonga', 26, 702),
(110, 'Chang''ombe', 28, 703),
(111, 'Kigamboni', 28, 703),
(112, 'Mbagala', 28, 703);

-- --------------------------------------------------------

--
-- Table structure for table `education`
--

CREATE TABLE IF NOT EXISTS `education` (
  `education_id` varchar(30) NOT NULL,
  `education_level` varchar(45) NOT NULL,
  PRIMARY KEY (`education_id`)
) ENGINE=InnoDB DEFAULT CHARSET=latin1;

--
-- Dumping data for table `education`
--

INSERT INTO `education` (`education_id`, `education_level`) VALUES
('1', 'Hakusoma'),
('2', 'Elimu ya watu wazima'),
('3', 'Elimu ya msingi'),
('4', 'Elimu ya sekondari'),
('5', 'Elimu ya juu');

-- --------------------------------------------------------

--
-- Table structure for table `hatuazakimahakama`
--

CREATE TABLE IF NOT EXISTS `hatuazakimahakama` (
  `id` int(10) NOT NULL AUTO_INCREMENT,
  `hatua_description` varchar(100) NOT NULL,
  PRIMARY KEY (`id`)
) ENGINE=InnoDB  DEFAULT CHARSET=latin1 AUTO_INCREMENT=4 ;

--
-- Dumping data for table `hatuazakimahakama`
--

INSERT INTO `hatuazakimahakama` (`id`, `hatua_description`) VALUES
(1, 'Mtuhumiwa Kaachiwa'),
(2, 'Mtuhumiwa Kaachiwa kwa Mashariti Maalum'),
(3, 'Mtuhumiwa Kapatikana na hatia');

-- --------------------------------------------------------

--
-- Table structure for table `investigatorinfo`
--

CREATE TABLE IF NOT EXISTS `investigatorinfo` (
  `info_id` int(11) NOT NULL AUTO_INCREMENT,
  `offence_no` int(100) NOT NULL,
  `offence_statusid` varchar(10) NOT NULL,
  `force_no` varchar(10) NOT NULL,
  `allocator_no` varchar(120) NOT NULL,
  `investigator_status` int(10) NOT NULL DEFAULT '1',
  `courtAssigned` int(10) NOT NULL DEFAULT '0',
  `Date` timestamp NOT NULL DEFAULT CURRENT_TIMESTAMP ON UPDATE CURRENT_TIMESTAMP,
  PRIMARY KEY (`info_id`)
) ENGINE=InnoDB  DEFAULT CHARSET=latin1 AUTO_INCREMENT=39 ;

--
-- Dumping data for table `investigatorinfo`
--

INSERT INTO `investigatorinfo` (`info_id`, `offence_no`, `offence_statusid`, `force_no`, `allocator_no`, `investigator_status`, `courtAssigned`, `Date`) VALUES
(37, 18, '2', 'WP7298', 'OCS', 1, 0, '2015-01-30 06:25:47'),
(38, 20, '2', 'WP7298', 'OCS', 1, 1, '2015-02-19 09:45:09');

-- --------------------------------------------------------

--
-- Table structure for table `marital_status`
--

CREATE TABLE IF NOT EXISTS `marital_status` (
  `marital_statusid` varchar(30) NOT NULL,
  `marital_statusname` varchar(45) NOT NULL,
  PRIMARY KEY (`marital_statusid`)
) ENGINE=InnoDB DEFAULT CHARSET=latin1;

--
-- Dumping data for table `marital_status`
--

INSERT INTO `marital_status` (`marital_statusid`, `marital_statusname`) VALUES
('1', 'Single'),
('2', 'Married'),
('3', 'Widow'),
('4', 'Widower'),
('5', 'Cohabit');

-- --------------------------------------------------------

--
-- Stand-in structure for view `mchanganuo_view`
--
CREATE TABLE IF NOT EXISTS `mchanganuo_view` (
`offence_no` int(40)
,`date_occurance` datetime
,`year` varchar(4)
,`month` varchar(2)
,`date` varchar(2)
,`fulldate` varchar(10)
,`tukiostatus` varchar(30)
,`crimetype_id` varchar(30)
,`crimetype_name` varchar(45)
,`crimecat_id` varchar(30)
,`crimecat_name` varchar(60)
,`station_id` varchar(30)
,`ward_policeid` int(10)
,`ward_policename` varchar(45)
,`district_policeid` int(10)
,`district_policename` varchar(45)
,`region_policeid` int(10)
,`region_policename` varchar(45)
);
-- --------------------------------------------------------

--
-- Table structure for table `nationality`
--

CREATE TABLE IF NOT EXISTS `nationality` (
  `nationality_id` int(10) NOT NULL AUTO_INCREMENT,
  `nationality_name` varchar(100) NOT NULL,
  PRIMARY KEY (`nationality_id`)
) ENGINE=InnoDB  DEFAULT CHARSET=latin1 AUTO_INCREMENT=178 ;

--
-- Dumping data for table `nationality`
--

INSERT INTO `nationality` (`nationality_id`, `nationality_name`) VALUES
(1, 'Afghan'),
(2, 'Albanian'),
(3, 'Algerian'),
(4, 'Andorran'),
(5, 'Angolan'),
(6, 'Argentinian'),
(7, 'Armenian'),
(8, 'Australian'),
(9, 'Austrian'),
(10, 'Azerbaijani'),
(11, 'Bahamian'),
(12, 'Bahraini'),
(13, 'Bangladeshi'),
(14, 'Barbadian'),
(15, 'Belarusian or Belarusan'),
(16, 'Belgian'),
(17, 'Belizian'),
(18, 'Beninese'),
(19, 'Bhutanese'),
(20, 'Bolivian'),
(21, 'Bosnian'),
(22, 'Botswanan'),
(23, 'Brazilian'),
(24, 'British'),
(25, 'Bruneian'),
(26, 'Bulgarian'),
(27, 'Burkinese'),
(28, 'Burmese'),
(29, 'Burundian'),
(30, 'Cambodian'),
(31, 'Cameroonian'),
(32, 'Canadian'),
(33, 'Cape Verdean'),
(34, 'Chadian'),
(35, 'Chilean'),
(36, 'Chinese'),
(37, 'Colombian'),
(38, 'Congolese'),
(39, 'Costa Rican'),
(40, 'Croat or Croatian'),
(41, 'Cuban'),
(42, 'Cypriot'),
(43, 'Czech'),
(44, 'Danish'),
(45, 'Djiboutian'),
(46, 'Dominican'),
(47, 'Dominican'),
(48, 'Ecuadorean'),
(49, 'Egyptian'),
(50, 'Salvadorean'),
(51, 'English'),
(52, 'Eritrean'),
(53, 'Estonian'),
(54, 'Ethiopian'),
(55, 'Fijian'),
(56, 'Finnish'),
(57, 'French'),
(58, 'Gabonese'),
(59, 'Gambian'),
(60, 'Georgian'),
(61, 'German'),
(62, 'Ghanaian'),
(63, 'Greek'),
(64, 'Grenadian'),
(65, 'Guatemalan'),
(66, 'Guinean'),
(67, 'Guyanese'),
(68, 'Haitian'),
(69, 'Dutch'),
(70, 'Honduran'),
(71, 'Hungarian'),
(72, 'Icelandic'),
(73, 'Indian'),
(74, 'Indonesian'),
(75, 'Iranian'),
(76, 'Iraqi'),
(77, 'Irish'),
(78, 'Israeli'),
(79, 'Italian'),
(80, 'Jamaican'),
(81, 'Japanese'),
(82, 'Jordanian'),
(83, 'Kazakh'),
(84, 'Kenyan'),
(85, 'Kuwaiti'),
(86, 'Laotian'),
(87, 'Latvian'),
(88, 'Lebanese'),
(89, 'Liberian'),
(90, 'Libyan'),
(91, 'Lithuanian'),
(92, 'Macedonian'),
(93, 'Malagasy or Madagascan'),
(94, 'Malawian'),
(95, 'Malaysian'),
(96, 'Maldivian'),
(97, 'Malian'),
(98, 'Maltese'),
(99, 'Mauritanian'),
(100, 'Mauritian'),
(101, 'Mexican'),
(102, 'Moldovan'),
(103, 'Monacan'),
(104, 'Mongolian'),
(105, 'Montenegrin'),
(106, 'Moroccan'),
(107, 'Mozambican'),
(108, 'Belarusian or Belarusan'),
(109, 'Namibian'),
(110, 'Nepalese'),
(111, 'Dutch'),
(112, 'New Zealand'),
(113, 'Nicaraguan'),
(114, 'Nigerien'),
(115, 'Nigerian'),
(116, 'North Korean'),
(117, 'Norwegian'),
(118, 'Omani'),
(119, 'Pakistani'),
(120, 'Panamanian'),
(121, 'Guinean'),
(122, 'Paraguayan'),
(123, 'Peruvian'),
(124, 'Philippine'),
(125, 'Polish'),
(126, 'Portuguese'),
(127, 'Qatari'),
(128, 'Romanian'),
(129, 'Russian'),
(130, 'Rwandan'),
(131, 'Saudi Arabian'),
(132, 'Scottish'),
(133, 'Senegalese'),
(134, 'Serb or Serbian'),
(135, 'Seychellois'),
(136, 'Sierra Leonian'),
(137, 'Singaporean'),
(138, 'Slovak'),
(139, 'Slovene or Slovenian'),
(140, 'Somali'),
(141, 'South African'),
(142, 'South Korean'),
(143, 'Spanish'),
(144, 'Sri Lankan'),
(145, 'Sudanese'),
(146, 'Surinamese'),
(147, 'Swazi'),
(148, 'Swedish'),
(149, 'Swiss'),
(150, 'Syrian'),
(151, 'Taiwanese'),
(152, 'Tajik or Tadjik'),
(153, 'Tanzanian'),
(154, 'Thai'),
(155, 'Togolese'),
(156, 'Trinidadian\nTobagan/Tobagonian'),
(157, 'Tunisian'),
(158, 'Turkish'),
(159, 'Turkmen or Turkoman'),
(160, 'Tuvaluan'),
(161, 'Ugandan'),
(162, 'Ukrainian'),
(163, 'UAE'),
(164, 'British'),
(165, 'US'),
(166, 'Uruguayan'),
(167, 'Uzbek'),
(168, 'Vanuatuan'),
(169, 'Venezuelan'),
(170, 'Vietnamese'),
(171, 'Welsh'),
(172, 'Western Samoan'),
(173, 'Yemeni'),
(174, 'Yugoslav'),
(175, 'Zairean'),
(176, 'Zambian'),
(177, 'Zimbabwean');

-- --------------------------------------------------------

--
-- Table structure for table `occupation`
--

CREATE TABLE IF NOT EXISTS `occupation` (
  `occupation_id` varchar(30) NOT NULL,
  `occupation_name` varchar(45) NOT NULL,
  PRIMARY KEY (`occupation_id`)
) ENGINE=InnoDB DEFAULT CHARSET=latin1;

--
-- Dumping data for table `occupation`
--

INSERT INTO `occupation` (`occupation_id`, `occupation_name`) VALUES
('1', 'Mfanya kazi'),
('10', 'Utingo'),
('11', 'Hana kazi'),
('12', 'Mtendaji wa kata/ kijiji'),
('13', 'Mwenyekiti wa kijiji'),
('14', 'Mama wa nyumbani'),
('15', 'Mlinzi'),
('2', 'Mfanya biashara'),
('3', 'Daktari'),
('4', 'Mwalimu'),
('5', 'Mkulima'),
('6', 'Mhasibu'),
('7', 'Askari'),
('8', 'Mwanafunzi'),
('9', 'Dereva');

-- --------------------------------------------------------

--
-- Table structure for table `offence`
--

CREATE TABLE IF NOT EXISTS `offence` (
  `offence_no` int(40) NOT NULL AUTO_INCREMENT,
  `rb_no` varchar(255) NOT NULL,
  `ir_no` varchar(255) DEFAULT 'Haijawekwa',
  `rco_no` varchar(255) DEFAULT 'Haijawekwa',
  `dci_no` varchar(255) DEFAULT 'Haijawekwa',
  `hqinternalstatus_no` varchar(120) NOT NULL DEFAULT 'Haijawekwa',
  `dossier_no` varchar(45) NOT NULL DEFAULT 'Haijawekwa',
  `offence_statusid` int(10) DEFAULT NULL,
  `assignedstatus` varchar(120) NOT NULL DEFAULT 'Haijawekwa',
  `tukiostatus` varchar(30) NOT NULL,
  `date_reported` timestamp NOT NULL DEFAULT CURRENT_TIMESTAMP ON UPDATE CURRENT_TIMESTAMP,
  `date_occurance` datetime NOT NULL,
  `station_id` varchar(30) NOT NULL,
  `offence_location` varchar(45) NOT NULL,
  `crimetype_id` varchar(30) NOT NULL,
  `vehicle_typeid` varchar(45) DEFAULT NULL,
  `vehicle_categoryid` varchar(45) DEFAULT NULL,
  `force_no` varchar(30) NOT NULL,
  `crimecat_id` varchar(30) NOT NULL,
  `aina` varchar(40) DEFAULT NULL,
  `idadi` varchar(40) DEFAULT NULL,
  `mmiliki` varchar(40) DEFAULT NULL,
  `number` varchar(40) DEFAULT NULL,
  `sababu` varchar(40) DEFAULT NULL,
  `source` varchar(40) DEFAULT NULL,
  `mbinu` varchar(40) DEFAULT NULL,
  `item_affected` varchar(40) DEFAULT NULL,
  `item_okolewa` varchar(40) DEFAULT NULL,
  `thamani_okolewa` varchar(40) DEFAULT NULL,
  `thamani_haribika` varchar(40) DEFAULT NULL,
  `description` varchar(40) DEFAULT NULL,
  `mtenda` varchar(40) DEFAULT NULL,
  `mtendwa` varchar(40) DEFAULT NULL,
  `reactions` varchar(40) DEFAULT NULL,
  `mlalamikaji` varchar(40) DEFAULT NULL,
  `shule` varchar(40) DEFAULT NULL,
  `kidato` varchar(40) DEFAULT NULL,
  `amount` varchar(40) DEFAULT NULL,
  `value` varchar(40) DEFAULT NULL,
  `mengineyo` text,
  `ward_policeid` int(10) NOT NULL,
  `ward_nbsid` int(10) NOT NULL,
  `district_policeid` int(10) NOT NULL,
  `district_nbsid` int(10) NOT NULL,
  `region_policeid` int(10) NOT NULL,
  `region_nbsid` int(10) NOT NULL,
  PRIMARY KEY (`offence_no`),
  KEY `fk_offence_1_idx` (`offence_statusid`)
) ENGINE=InnoDB  DEFAULT CHARSET=latin1 AUTO_INCREMENT=21 ;

--
-- Dumping data for table `offence`
--

INSERT INTO `offence` (`offence_no`, `rb_no`, `ir_no`, `rco_no`, `dci_no`, `hqinternalstatus_no`, `dossier_no`, `offence_statusid`, `assignedstatus`, `tukiostatus`, `date_reported`, `date_occurance`, `station_id`, `offence_location`, `crimetype_id`, `vehicle_typeid`, `vehicle_categoryid`, `force_no`, `crimecat_id`, `aina`, `idadi`, `mmiliki`, `number`, `sababu`, `source`, `mbinu`, `item_affected`, `item_okolewa`, `thamani_okolewa`, `thamani_haribika`, `description`, `mtenda`, `mtendwa`, `reactions`, `mlalamikaji`, `shule`, `kidato`, `amount`, `value`, `mengineyo`, `ward_policeid`, `ward_nbsid`, `district_policeid`, `district_nbsid`, `region_policeid`, `region_nbsid`) VALUES
(1, 'KW/RB/000582/2015', 'KW/IR/000583/2015', 'Haijawekwa', 'Haijawekwa', 'Haijawekwa', 'Haijawekwa', 1, 'Haijawekwa', '2', '2015-01-22 14:27:55', '2015-01-18 09:00:00', '18', 'Kawe Beach Mzimuni', '3', '0', '0', 'WP7298', '48', 'Duka la Mitungi ya Gesi', '0', '0', '0', '0', '0', 'Wamekata Kufuli', '0', '0', '', '1875000', NULL, '0', '0', '0', NULL, '0', '0', '0', NULL, '', 10201, 701152, 102, 701, 27, 7),
(2, 'KW/RB/000578/2015', 'Haijawekwa', 'Haijawekwa', 'Haijawekwa', 'Haijawekwa', 'Haijawekwa', 1, 'Haijawekwa', '1', '2015-01-18 10:43:20', '2015-01-18 07:00:00', '18', 'Goba Kwa abarikiwe', '2', '0', '0', 'WP7298', '31', 'Msenge, Mkundu Unafilwa', '0', '0', '0', 'Ugomvi', '0', 'Lugha ya Matusi', '0', '0', '0', '0', NULL, '0', '0', '0', NULL, '0', '0', '0', NULL, '', 10201, 701152, 102, 701, 27, 7),
(3, 'KW/RB/000583/2015', 'Haijawekwa', 'Haijawekwa', 'Haijawekwa', 'Haijawekwa', 'Haijawekwa', 1, 'Haijawekwa', '2', '2015-01-19 05:29:06', '2015-01-18 12:00:00', '18', 'Kawe Beach, Mediterranian Hotoel', '3', '0', '0', 'WP7298', '42', 'Mfuko wa viatu, Mfuko wa Makeup, Hand ba', '0', '0', '0', '0', '0', 'Kivunja Kioo Cha Gari', '0', '0', '0', '3000000', NULL, '0', '0', '0', NULL, '0', '0', '0', NULL, '', 10201, 701152, 102, 701, 27, 7),
(4, 'KW/RB/000585/2015', 'KW/IR/000083/2015', 'Haijawekwa', 'Haijawekwa', 'Haijawekwa', 'Haijawekwa', 1, 'Haijawekwa', '1', '2015-01-22 14:28:05', '2015-01-15 09:00:00', '18', 'Buza Njiapanda ya Kitunda, Mwanagati', '3', '0', '0', 'WP7298', '42', 'Machine ya Kushindilia Matofali', '0', '0', '0', '0', '0', 'Kutapeli', '0', '0', '0', '4870000', NULL, '0', '0', '0', NULL, '0', '0', '0', NULL, '', 10201, 701152, 102, 701, 27, 7),
(5, 'KW/RB/000585/2015', 'Haijawekwa', 'Haijawekwa', 'Haijawekwa', 'Haijawekwa', 'Haijawekwa', 1, 'Haijawekwa', '1', '2015-01-20 10:00:28', '2014-12-20 02:00:00', '18', 'Mbezi Makonde', '3', '0', '0', 'WP7298', '53', '0', '0', '0', '0', 'u', '0', 'Kutapeli', '0', '0', '0', '0', NULL, '0', '0', '0', NULL, '0', '0', '0', NULL, '', 10201, 701152, 102, 701, 27, 7),
(6, 'KW/RB/000651/2015', 'Haijawekwa', 'Haijawekwa', 'Haijawekwa', 'Haijawekwa', 'Haijawekwa', 1, 'Haijawekwa', '1', '2015-01-20 12:15:13', '2015-01-20 07:00:00', '18', 'Mbezi beach, Tangi bovu', '3', '0', '0', 'WP7298', '62', 'Vifaa vya gari namba T543 CYR ', '0', '0', '0', '0', '0', 'Kuruka ukuta, na kuvunja kioo cha pemben', '0', '0', '0', '1000000', NULL, '0', '0', '0', NULL, '0', '0', '0', NULL, 'Vifaa vya gari namba T543 CYR aina ya Ipsum ikiwemo dashboard ya gari yote, side mirror zote, power window, bumper ya mbele, pesa 1,000,000', 10201, 701152, 102, 701, 27, 7),
(7, 'KW/RB/000652/2015', 'Haijawekwa', 'Haijawekwa', 'Haijawekwa', 'Haijawekwa', 'Haijawekwa', 1, 'Haijawekwa', '1', '2015-01-20 10:14:58', '2015-01-18 08:29:00', '18', 'Mbezi beach, Masoko', '3', '0', '0', 'WP7298', '50', '0', '0', '0', '0', '', '0', 'Kunyanganya kwa nguvu', '0', '0', '0', '350000', NULL, '0', '0', '0', NULL, '0', '0', '0', NULL, '', 10201, 701152, 102, 701, 27, 7),
(8, 'KW/RB/000654/2015', 'KW/IR/000183/2015', 'Haijawekwa', 'Haijawekwa', 'Haijawekwa', 'Haijawekwa', 1, 'Haijawekwa', '1', '2015-01-22 14:28:16', '2015-01-20 01:30:00', '18', 'Kawe', '3', '0', '0', 'WP7298', '42', 'Mafuta ya Oil yaliyodhaniwa ni ya wizi', '0', '0', '0', '0', '0', 'Kusafirisha kwenye gari namba T456 CVA', '0', '0', '0', '', NULL, '0', '0', '0', NULL, '0', '0', '0', NULL, '', 10201, 701152, 102, 701, 27, 7),
(9, 'KW/RB/000655/2015', 'Haijawekwa', 'Haijawekwa', 'Haijawekwa', 'Haijawekwa', 'Haijawekwa', 1, 'Haijawekwa', '1', '2015-01-20 13:06:45', '2014-10-14 04:00:00', '18', 'Mbezi beach kwa Komba', '3', '0', '0', 'WP7298', '53', '0', '0', '0', '0', 'Oda ya kutengeneza sofa', '0', 'utapeli', '0', '0', '0', '0', NULL, '0', '0', '0', NULL, '0', '0', '0', NULL, 'Oda ya kutengeneza sofa kwa kianzio cha sh 300000', 10201, 701152, 102, 701, 27, 7),
(10, 'KW/RB/000788/2015', 'Haijawekwa', 'Haijawekwa', 'Haijawekwa', 'Haijawekwa', 'Haijawekwa', 1, 'Haijawekwa', '1', '2015-01-24 08:30:40', '2015-01-23 12:00:00', '18', 'Kawe mkwamani', '3', '0', '0', 'WP7298', '42', 'Projector', '0', '0', '0', '0', '0', 'Kuchukua Projector kwenye gari na kukimb', '0', '0', '0', '1300000', NULL, '0', '0', '0', NULL, '0', '0', '0', NULL, 'Alifungua bonet ya gari T386 AAQ Toyota Corona kwa ajili ya kubust battery ya gari badala yake anachukua projector na kukimbia.Kijana mwenyewe anaitwa Peter Sanga maarufu kama fundi white. ', 10201, 701152, 102, 701, 27, 7),
(11, 'KW/RB/000786/2015', 'KW/IR/000468/2015', 'Haijawekwa', 'Haijawekwa', 'Haijawekwa', 'Haijawekwa', 1, 'Haijawekwa', '1', '2015-01-24 09:17:45', '2015-01-23 10:00:00', '18', 'Msasani Club', '3', '0', '0', 'WP7298', '42', 'Sare za Jeshi dress namba 3, Tyre za gar', '0', '0', '0', '0', '0', 'Kufungua mlango wa gari', '0', '0', '0', '475000', NULL, '0', '0', '0', NULL, '0', '0', '0', NULL, '', 10201, 701152, 102, 701, 27, 7),
(12, 'KW/RB/000785/2015', 'KW/IR/000469/2015', 'Haijawekwa', 'Haijawekwa', 'Haijawekwa', 'Haijawekwa', 1, 'Haijawekwa', '2', '2015-01-24 09:18:26', '2015-01-23 10:00:00', '18', 'mbezi kilongawima', '3', '0', '0', 'WP7298', '37', 'ng''ombe ', '0', '0', '0', '', '0', 'walivunja gate wakiingia kwenye zizi na ', '1', '0', '0', '2000000', NULL, '0', '0', '0', NULL, '0', '0', '0', NULL, '', 10201, 701152, 102, 701, 27, 7),
(13, 'KW/RB/000784/2015', 'KW/IR/000466/2015', 'Haijawekwa', 'Haijawekwa', 'Haijawekwa', 'Haijawekwa', 1, 'Haijawekwa', '2', '2015-01-24 09:33:19', '2015-01-24 02:00:00', '18', 'Mbezi beach kwa zena', '3', '3', '0', 'WP7298', '39', '0', '0', '0', '0', '0', '0', '0', '0', '0', '0', '0', NULL, '0', '0', '0', NULL, '0', '0', '0', NULL, 'Namba ya Bajaji T359 ACC. Thamani yake ni sh 6000000', 10201, 701152, 102, 701, 27, 7),
(14, 'KW/RB/000791/2015', 'KWI/IR/000011/2015', 'Haijawekwa', 'Haijawekwa', 'Haijawekwa', 'Haijawekwa', 8, 'Haijawekwa', '1', '2015-01-29 07:46:05', '2015-01-23 06:00:00', '18', 'Mbezi juu', '2', '0', '0', 'WP7298', '31', 'Mkundu, msenge,kuma la mama yake,anafirw', '0', '0', '0', 'hakuna', '0', 'Matusi', '0', '0', '0', '0', NULL, '0', '0', '0', NULL, '0', '0', '0', NULL, '', 10201, 701152, 102, 701, 27, 7),
(15, 'KW/RB/000855/2015', 'Haijawekwa', 'Haijawekwa', 'Haijawekwa', 'Haijawekwa', 'Haijawekwa', 1, 'Haijawekwa', '1', '2015-01-26 13:12:26', '2015-01-13 12:00:00', '18', 'NMB Mbezi Afrikana', '3', '0', '0', 'WP7298', '53', '0', '0', '0', '0', 'Tamaa za kujipatia fedha', '0', 'Utapeli', '0', '0', '0', '0', NULL, '0', '0', '0', NULL, '0', '0', '3000000', NULL, '', 10201, 701152, 102, 701, 27, 7),
(16, 'KW/RB/000932/2015', 'KW/IR/000586/2015', 'Haijawekwa', 'Haijawekwa', 'Haijawekwa', 'Haijawekwa', 2, 'Haijawekwa', '2', '2015-01-30 09:27:25', '2015-01-28 07:30:00', '18', 'Mbezi juu', '3', '0', '0', 'WP7298', '48', 'Play station 2, Tv moja aina ya Panasoni', '0', '0', '0', '0', '0', 'Kuvunja makufuli ya fremu na kuingia', '0', '0', '0', '1300000', NULL, '0', '0', '0', NULL, '0', '0', '0', NULL, '', 10201, 701152, 102, 701, 27, 7),
(17, 'KW/RB/000942/2015', 'KW/IR/000585/2015', 'Haijawekwa', 'Haijawekwa', 'Haijawekwa', 'Haijawekwa', 2, 'Haijawekwa', '1', '2015-01-30 05:49:14', '2015-01-28 02:34:00', '18', 'Mbezi juu', '1', '0', '0', 'WP7298', '63', '0', '0', '0', '0', '0', '0', 'Kupiga mke na watoto', '0', '0', '0', '0', NULL, '0', '0', '0', NULL, '0', '0', '0', NULL, '', 10201, 701152, 102, 701, 27, 7),
(18, 'KW/RB/000941/2015', 'KW/IR/000584/2015', 'Haijawekwa', 'Haijawekwa', 'Haijawekwa', 'Haijawekwa', 2, 'Haijawekwa', '2', '2015-01-29 17:18:17', '2015-01-28 01:50:00', '18', 'Salasala', '3', '0', '0', 'WP7298', '48', 'Nyumba', '0', '0', '0', '0', '0', 'Kuvunja nyumba usiku na kuiba', '0', '0', '0', '1600000', NULL, '0', '0', '0', NULL, '0', '0', '0', NULL, '', 10201, 701152, 102, 701, 27, 7),
(19, 'KW/RB/000944/2015', 'Haijawekwa', 'Haijawekwa', 'Haijawekwa', 'Haijawekwa', 'Haijawekwa', 1, 'Haijawekwa', '1', '2015-01-30 09:25:02', '2015-01-30 12:23:00', '18', 'kawe b', '2', '0', '0', 'WP7298', '10', 'BARUTI', '1', 'jeshi la polisi', '45', '0', '0', '0', '0', '0', '0', '0', NULL, '0', '0', '0', NULL, '0', '0', '0', NULL, 'Walivamia kituo cha polisi', 10201, 701152, 102, 701, 27, 7),
(20, 'KW/RB/000946/2015', 'KW/IR/000587/2015', 'MZA/RCO/000114/2015', 'DCI/SCR/000021/2015', 'z', 'Haijawekwa', 5, 'Haijawekwa', '1', '2015-02-19 09:56:26', '2015-02-17 10:10:00', '18', 'Mbezi juu', '3', '0', '0', 'WP7298', '42', 'Mafuta ya Oil yaliyodhaniwa ni ya wizi', '0', '0', '0', '0', '0', 'Kuruka ukuta, na kuvunja kioo cha pemben', '0', '0', '0', '3,000,000', NULL, '0', '0', '0', NULL, '0', '0', '0', NULL, '', 10201, 701152, 102, 701, 27, 7);

--
-- Triggers `offence`
--
DROP TRIGGER IF EXISTS `offence_trigger`;
DELIMITER //
CREATE TRIGGER `offence_trigger` AFTER INSERT ON `offence`
 FOR EACH ROW BEGIN
    INSERT INTO offence_track SET offence_no = NEW.offence_no, rb_no=NEW.rb_no, ir_no = NEW.ir_no, rco_no = NEW.rco_no, dci_no = NEW.dci_no, offence_statusid = NEW.offence_statusid,
   tukiostatus = NEW.tukiostatus, date_reported=NEW.date_reported, date_occurance=NEW.date_occurance, station_id=NEW.station_id,offence_location=NEW.offence_location, crimetype_id = NEW.crimetype_id, force_no=NEW.force_no, crimecat_id=NEW.crimecat_id, aina=NEW.aina, idadi=NEW.idadi, mmiliki=NEW.mmiliki, number=NEW.number, sababu=NEW.sababu, source=NEW.source,
mbinu=NEW.mbinu, item_affected=NEW.item_affected, item_okolewa=NEW.item_okolewa, thamani_okolewa=NEW.thamani_okolewa, thamani_haribika=NEW.thamani_haribika, description=NEW.description, mtenda=NEW.mtenda, mtendwa=NEW.mtendwa, reactions=NEW.reactions, mlalamikaji=NEW.mlalamikaji, shule=NEW.shule, kidato=NEW.kidato, amount=NEW.amount, value=NEW.value, mengineyo=NEW.mengineyo;
  END
//
DELIMITER ;
DROP TRIGGER IF EXISTS `offence_trigger_update`;
DELIMITER //
CREATE TRIGGER `offence_trigger_update` AFTER UPDATE ON `offence`
 FOR EACH ROW BEGIN
    INSERT INTO offence_track SET offence_no = NEW.offence_no, rb_no=NEW.rb_no, ir_no = NEW.ir_no, rco_no = NEW.rco_no, dci_no = NEW.dci_no, offence_statusid = NEW.offence_statusid,
   tukiostatus = NEW.tukiostatus, date_reported=NEW.date_reported, date_occurance=NEW.date_occurance, station_id=NEW.station_id,offence_location=NEW.offence_location, crimetype_id = NEW.crimetype_id, force_no=NEW.force_no, crimecat_id=NEW.crimecat_id, aina=NEW.aina, idadi=NEW.idadi, mmiliki=NEW.mmiliki, number=NEW.number, sababu=NEW.sababu, source=NEW.source,
mbinu=NEW.mbinu, item_affected=NEW.item_affected, item_okolewa=NEW.item_okolewa, thamani_okolewa=NEW.thamani_okolewa, thamani_haribika=NEW.thamani_haribika, description=NEW.description, mtenda=NEW.mtenda, mtendwa=NEW.mtendwa, reactions=NEW.reactions, mlalamikaji=NEW.mlalamikaji, shule=NEW.shule, kidato=NEW.kidato, amount=NEW.amount, value=NEW.value, mengineyo=NEW.mengineyo;
  END
//
DELIMITER ;

-- --------------------------------------------------------

--
-- Table structure for table `offence_closinginfo`
--

CREATE TABLE IF NOT EXISTS `offence_closinginfo` (
  `offence_closingid` int(10) NOT NULL,
  `walioachiwa` varchar(10) NOT NULL DEFAULT '0',
  `waliofungwa` varchar(10) NOT NULL DEFAULT '0',
  `waliotozwafidia` varchar(10) NOT NULL DEFAULT '0',
  `kifungofidia` int(10) NOT NULL,
  `maelezo` varchar(225) NOT NULL,
  PRIMARY KEY (`offence_closingid`)
) ENGINE=InnoDB DEFAULT CHARSET=latin1;

--
-- Dumping data for table `offence_closinginfo`
--

INSERT INTO `offence_closinginfo` (`offence_closingid`, `walioachiwa`, `waliofungwa`, `waliotozwafidia`, `kifungofidia`, `maelezo`) VALUES
(36, '1', '0', '0', 1, ''),
(39, '2', '0', '1', 0, ''),
(40, '1', '0', '1', 0, '');

-- --------------------------------------------------------

--
-- Table structure for table `offence_evidence`
--

CREATE TABLE IF NOT EXISTS `offence_evidence` (
  `id` int(10) NOT NULL AUTO_INCREMENT,
  `offence_no` int(45) NOT NULL,
  `offence_statusid` int(10) NOT NULL,
  `force_no` varchar(10) NOT NULL,
  `description` varchar(250) NOT NULL,
  `link` varchar(250) DEFAULT NULL,
  `date` timestamp NOT NULL DEFAULT CURRENT_TIMESTAMP,
  PRIMARY KEY (`id`)
) ENGINE=InnoDB  DEFAULT CHARSET=latin1 AUTO_INCREMENT=2 ;

--
-- Dumping data for table `offence_evidence`
--

INSERT INTO `offence_evidence` (`id`, `offence_no`, `offence_statusid`, `force_no`, `description`, `link`, `date`) VALUES
(1, 18, 2, 'WP7298', 'weeeeeeeeewww', '', '2015-01-30 06:26:35');

-- --------------------------------------------------------

--
-- Table structure for table `offence_statement`
--

CREATE TABLE IF NOT EXISTS `offence_statement` (
  `statement_id` int(15) NOT NULL AUTO_INCREMENT,
  `offence_no` int(45) NOT NULL,
  `minute_file` varchar(200) NOT NULL,
  `force_no` varchar(45) NOT NULL,
  `date_uploaded` timestamp NOT NULL DEFAULT CURRENT_TIMESTAMP ON UPDATE CURRENT_TIMESTAMP,
  PRIMARY KEY (`statement_id`)
) ENGINE=InnoDB  DEFAULT CHARSET=latin1 AUTO_INCREMENT=19 ;

--
-- Dumping data for table `offence_statement`
--

INSERT INTO `offence_statement` (`statement_id`, `offence_no`, `minute_file`, `force_no`, `date_uploaded`) VALUES
(9, 41, '52a7fac9324b250d281460900092b72b.pdf', 'TB1234E', '2015-01-21 05:45:00'),
(14, 15, '5c8d7360a781135992e4bb15d2cdcb48.pdf', 'WP7298', '2015-01-26 13:36:04'),
(15, 14, '896228cfcddc59e7e1674ae6f4d85fdf.pdf', 'WP7298', '2015-01-27 08:35:35'),
(16, 14, 'd6dd8b9a4b8c351655951097c4e224c4.pdf', 'WP7298', '2015-01-27 08:35:37'),
(17, 18, '4a246073e206e27d9db7b11afb781ec9.pdf', 'WP7298', '2015-01-28 14:20:42'),
(18, 17, 'd3a7d39573cb56a871e1a5b084c5bce3.docx', 'WP7298', '2015-01-30 05:50:32');

-- --------------------------------------------------------

--
-- Table structure for table `offence_status`
--

CREATE TABLE IF NOT EXISTS `offence_status` (
  `offence_statusid` int(11) NOT NULL AUTO_INCREMENT,
  `offence_statusname` varchar(120) NOT NULL,
  PRIMARY KEY (`offence_statusid`)
) ENGINE=InnoDB  DEFAULT CHARSET=latin1 AUTO_INCREMENT=19 ;

--
-- Dumping data for table `offence_status`
--

INSERT INTO `offence_status` (`offence_statusid`, `offence_statusname`) VALUES
(1, '<span class="label label-default">imeripotiwa</span>'),
(2, '<span class="label label-primary">Imewekwa IR-no</span>'),
(3, ' <span class="label label-success">Iko Wilayani</span>'),
(4, '<span class="label label-info">Iko Mkoani</span>'),
(5, '<span class="label label-warning">Iko makao makuu</span>'),
(6, '<span class="label label-dci">Iko kwa  Dci</span>'),
(7, '<span class="label label-dpp ">Iko kwa  Dpp</span>'),
(8, '<span class="label label-wardcourt">Iko Mahakama ya Mwanzo</span>'),
(9, '<span class="label label-districtcourt">Iko mahakama ya Wilaya</span>'),
(10, '<span class="label label-regioncourt">Iko mahakama ya mkoa</span>'),
(11, '<span class="label label-highcourt">Iko mahakama Kuu'),
(12, '<span class="label label-nfa">Imefungwa-NFA</span>'),
(13, '<span class="label label-nod">Imefungwa-NOD</span>'),
(14, '<span class="label label-u">Imefungwa-U</span>'),
(15, '<span class="label label-courtward">Imefungwa-WC</span>'),
(16, '<span class="label label-courtdistrict">Imefungwa-DC</span>'),
(17, '<span class="label label-courtregion">Imefungwa-RC</span>'),
(18, '<span class="label label-courthigh">Imefungwa-HC</span>');

-- --------------------------------------------------------

--
-- Table structure for table `offence_track`
--

CREATE TABLE IF NOT EXISTS `offence_track` (
  `id` int(120) NOT NULL AUTO_INCREMENT,
  `offence_no` int(40) NOT NULL,
  `rb_no` varchar(255) NOT NULL,
  `ir_no` varchar(255) DEFAULT NULL,
  `rco_no` varchar(255) DEFAULT NULL,
  `dci_no` varchar(255) DEFAULT NULL,
  `offence_statusid` int(10) DEFAULT NULL,
  `tukiostatus` varchar(30) NOT NULL,
  `date_reported` timestamp NOT NULL DEFAULT CURRENT_TIMESTAMP ON UPDATE CURRENT_TIMESTAMP,
  `date_occurance` datetime NOT NULL,
  `station_id` varchar(30) NOT NULL,
  `offence_location` varchar(45) NOT NULL,
  `crimetype_id` varchar(30) NOT NULL,
  `force_no` varchar(30) NOT NULL,
  `crimecat_id` varchar(30) NOT NULL,
  `aina` varchar(40) DEFAULT NULL,
  `idadi` varchar(40) DEFAULT NULL,
  `mmiliki` varchar(40) DEFAULT NULL,
  `number` varchar(40) DEFAULT NULL,
  `sababu` varchar(40) DEFAULT NULL,
  `source` varchar(40) DEFAULT NULL,
  `mbinu` varchar(40) DEFAULT NULL,
  `item_affected` varchar(40) DEFAULT NULL,
  `item_okolewa` varchar(40) DEFAULT NULL,
  `thamani_okolewa` varchar(40) DEFAULT NULL,
  `thamani_haribika` varchar(40) DEFAULT NULL,
  `description` varchar(40) DEFAULT NULL,
  `mtenda` varchar(40) DEFAULT NULL,
  `mtendwa` varchar(40) DEFAULT NULL,
  `reactions` varchar(40) DEFAULT NULL,
  `mlalamikaji` varchar(40) DEFAULT NULL,
  `shule` varchar(40) DEFAULT NULL,
  `kidato` varchar(40) DEFAULT NULL,
  `amount` varchar(40) DEFAULT NULL,
  `value` varchar(40) DEFAULT NULL,
  `mengineyo` text,
  PRIMARY KEY (`id`),
  KEY `fk_offence_1_idx` (`offence_statusid`),
  KEY `id` (`id`)
) ENGINE=InnoDB  DEFAULT CHARSET=latin1 AUTO_INCREMENT=531 ;

--
-- Dumping data for table `offence_track`
--

INSERT INTO `offence_track` (`id`, `offence_no`, `rb_no`, `ir_no`, `rco_no`, `dci_no`, `offence_statusid`, `tukiostatus`, `date_reported`, `date_occurance`, `station_id`, `offence_location`, `crimetype_id`, `force_no`, `crimecat_id`, `aina`, `idadi`, `mmiliki`, `number`, `sababu`, `source`, `mbinu`, `item_affected`, `item_okolewa`, `thamani_okolewa`, `thamani_haribika`, `description`, `mtenda`, `mtendwa`, `reactions`, `mlalamikaji`, `shule`, `kidato`, `amount`, `value`, `mengineyo`) VALUES
(441, 41, 'KWR/RB/000238/2015', 'Haijawekwa', 'Haijawekwa', 'Haijawekwa', 1, '1', '2015-01-18 09:04:24', '2015-01-01 12:00:00', '18', 'Kawe', '1', 'WP7298', '3', '0', '0', '0', '0', 'TAMAA ZA KIMWILI', '0', 'Nguvu', '0', '0', '0', '0', NULL, '0', '0', '0', NULL, '0', '0', '0', NULL, ''),
(442, 41, 'KWR/RB/000238/2015', 'Haijawekwa', 'Haijawekwa', 'Haijawekwa', 3, '1', '2015-01-18 09:24:55', '2015-01-01 12:00:00', '18', 'Kawe', '1', 'WP7298', '3', '0', '0', '0', '0', 'TAMAA ZA KIMWILI', '0', 'Nguvu', '0', '0', '0', '0', NULL, '0', '0', '0', NULL, '0', '0', '0', NULL, ''),
(443, 41, 'KWR/RB/000238/2015', 'Haijawekwa', 'Haijawekwa', 'Haijawekwa', 3, '1', '2015-01-18 09:24:55', '2015-01-01 12:00:00', '18', 'Kawe', '1', 'WP7298', '3', '0', '0', '0', '0', 'TAMAA ZA KIMWILI', '0', 'Nguvu', '0', '0', '0', '0', NULL, '0', '0', '0', NULL, '0', '0', '0', NULL, ''),
(444, 41, 'KWR/RB/000238/2015', 'Haijawekwa', 'Haijawekwa', 'Haijawekwa', 3, '1', '2015-01-18 09:24:55', '2015-01-01 12:00:00', '18', 'Kawe', '1', 'WP7298', '3', '0', '0', '0', '0', 'TAMAA ZA KIMWILI', '0', 'Nguvu', '0', '0', '0', '0', NULL, '0', '0', '0', NULL, '0', '0', '0', NULL, ''),
(445, 41, 'KWR/RB/000238/2015', 'Haijawekwa', 'Haijawekwa', 'Haijawekwa', 3, '1', '2015-01-18 09:24:55', '2015-01-01 12:00:00', '18', 'Kawe', '1', 'WP7298', '3', '0', '0', '0', '0', 'TAMAA ZA KIMWILI', '0', 'Nguvu', '0', '0', '0', '0', NULL, '0', '0', '0', NULL, '0', '0', '0', NULL, ''),
(446, 41, 'KWR/RB/000238/2015', 'Haijawekwa', 'Haijawekwa', 'Haijawekwa', 3, '1', '2015-01-18 09:24:55', '2015-01-01 12:00:00', '18', 'Kawe', '1', 'WP7298', '3', '0', '0', '0', '0', 'TAMAA ZA KIMWILI', '0', 'Nguvu', '0', '0', '0', '0', NULL, '0', '0', '0', NULL, '0', '0', '0', NULL, ''),
(447, 41, 'KWR/RB/000238/2015', 'Haijawekwa', 'Haijawekwa', 'Haijawekwa', 3, '1', '2015-01-18 09:24:55', '2015-01-01 12:00:00', '18', 'Kawe', '1', 'WP7298', '3', '0', '0', '0', '0', 'TAMAA ZA KIMWILI', '0', 'Nguvu', '0', '0', '0', '0', NULL, '0', '0', '0', NULL, '0', '0', '0', NULL, ''),
(448, 41, 'KWR/RB/000238/2015', 'Haijawekwa', 'Haijawekwa', 'Haijawekwa', 3, '1', '2015-01-18 09:24:55', '2015-01-01 12:00:00', '18', 'Kawe', '1', 'WP7298', '3', '0', '0', '0', '0', 'TAMAA ZA KIMWILI', '0', 'Nguvu', '0', '0', '0', '0', NULL, '0', '0', '0', NULL, '0', '0', '0', NULL, ''),
(449, 41, 'KWR/RB/000238/2015', 'Haijawekwa', 'Haijawekwa', 'Haijawekwa', 3, '1', '2015-01-18 09:24:55', '2015-01-01 12:00:00', '18', 'Kawe', '1', 'WP7298', '3', '0', '0', '0', '0', 'TAMAA ZA KIMWILI', '0', 'Nguvu', '0', '0', '0', '0', NULL, '0', '0', '0', NULL, '0', '0', '0', NULL, ''),
(450, 41, 'KWR/RB/000238/2015', 'KW/IR/45/2015', 'Haijawekwa', 'Haijawekwa', 3, '1', '2015-01-18 09:30:24', '2015-01-01 12:00:00', '18', 'Kawe', '1', 'WP7298', '3', '0', '0', '0', '0', 'TAMAA ZA KIMWILI', '0', 'Nguvu', '0', '0', '0', '0', NULL, '0', '0', '0', NULL, '0', '0', '0', NULL, ''),
(451, 41, 'KWR/RB/000238/2015', 'KW/IR/45/2015', 'Haijawekwa', 'Haijawekwa', 8, '1', '2015-01-18 09:31:51', '2015-01-01 12:00:00', '18', 'Kawe', '1', 'WP7298', '3', '0', '0', '0', '0', 'TAMAA ZA KIMWILI', '0', 'Nguvu', '0', '0', '0', '0', NULL, '0', '0', '0', NULL, '0', '0', '0', NULL, ''),
(452, 41, 'KWR/RB/000238/2015', 'KW/IR/45/2015', 'Haijawekwa', 'Haijawekwa', 3, '1', '2015-01-18 09:38:44', '2015-01-01 12:00:00', '18', 'Kawe', '1', 'WP7298', '3', '0', '0', '0', '0', 'TAMAA ZA KIMWILI', '0', 'Nguvu', '0', '0', '0', '0', NULL, '0', '0', '0', NULL, '0', '0', '0', NULL, ''),
(453, 41, 'KWR/RB/000238/2015', 'KW/IR/45/2015', 'Haijawekwa', 'Haijawekwa', 4, '1', '2015-01-18 09:41:35', '2015-01-01 12:00:00', '18', 'Kawe', '1', 'WP7298', '3', '0', '0', '0', '0', 'TAMAA ZA KIMWILI', '0', 'Nguvu', '0', '0', '0', '0', NULL, '0', '0', '0', NULL, '0', '0', '0', NULL, ''),
(454, 1, 'KWR/RB/000582/2015', 'Haijawekwa', 'Haijawekwa', 'Haijawekwa', 1, '1', '2015-01-18 10:12:42', '2015-01-18 09:00:00', '18', 'Kawe Beach Mzimuni', '3', 'WP7298', '48', 'Duka la Mitungi ya Gesi', '0', '0', '0', '0', '0', 'Wamekata Kufuli', '0', '0', '', '1875000', NULL, '0', '0', '0', NULL, '0', '0', '0', NULL, ''),
(455, 1, 'KW/RB/000582/2015', 'Haijawekwa', 'Haijawekwa', 'Haijawekwa', 1, '1', '2015-01-18 10:21:36', '2015-01-18 09:00:00', '18', 'Kawe Beach Mzimuni', '3', 'WP7298', '48', 'Duka la Mitungi ya Gesi', '0', '0', '0', '0', '0', 'Wamekata Kufuli', '0', '0', '', '1875000', NULL, '0', '0', '0', NULL, '0', '0', '0', NULL, ''),
(456, 1, 'KW/RB/000582/2015', 'Haijawekwa', 'Haijawekwa', 'Haijawekwa', 1, '2', '2015-01-18 10:22:35', '2015-01-18 09:00:00', '18', 'Kawe Beach Mzimuni', '3', 'WP7298', '48', 'Duka la Mitungi ya Gesi', '0', '0', '0', '0', '0', 'Wamekata Kufuli', '0', '0', '', '1875000', NULL, '0', '0', '0', NULL, '0', '0', '0', NULL, ''),
(457, 2, 'KWR/RB/000578/2015', 'Haijawekwa', 'Haijawekwa', 'Haijawekwa', 1, '1', '2015-01-18 10:37:16', '2015-01-18 07:00:00', '18', 'Goba Kwa abarikiwe', '2', 'WP7298', '31', 'Msenge, Mkundu Unafilwa', '0', '0', '0', 'Ugomvi', '0', 'Lugha ya Matusi', '0', '0', '0', '0', NULL, '0', '0', '0', NULL, '0', '0', '0', NULL, ''),
(458, 2, 'KW/RB/000578/2015', 'Haijawekwa', 'Haijawekwa', 'Haijawekwa', 1, '1', '2015-01-18 10:43:20', '2015-01-18 07:00:00', '18', 'Goba Kwa abarikiwe', '2', 'WP7298', '31', 'Msenge, Mkundu Unafilwa', '0', '0', '0', 'Ugomvi', '0', 'Lugha ya Matusi', '0', '0', '0', '0', NULL, '0', '0', '0', NULL, '0', '0', '0', NULL, ''),
(459, 3, 'KWR/RB/000583/2015', 'Haijawekwa', 'Haijawekwa', 'Haijawekwa', 1, '2', '2015-01-18 11:09:08', '2015-01-18 12:00:00', '18', 'Kawe Beach, Mediterranian Hotoel', '3', 'WP7298', '42', 'Mfuko wa viatu, Mfuko wa Makeup, Hand ba', '0', '0', '0', '0', '0', 'Kivunja Kioo Cha Gari', '0', '0', '0', '3,000,000', NULL, '0', '0', '0', NULL, '0', '0', '0', NULL, ''),
(460, 3, 'KW/RB/000583/2015', 'Haijawekwa', 'Haijawekwa', 'Haijawekwa', 1, '2', '2015-01-18 11:13:26', '2015-01-18 12:00:00', '18', 'Kawe Beach, Mediterranian Hotoel', '3', 'WP7298', '42', 'Mfuko wa viatu, Mfuko wa Makeup, Hand ba', '0', '0', '0', '0', '0', 'Kivunja Kioo Cha Gari', '0', '0', '0', '3,000,000', NULL, '0', '0', '0', NULL, '0', '0', '0', NULL, ''),
(461, 4, 'KWR/RB/000585/2015', 'Haijawekwa', 'Haijawekwa', 'Haijawekwa', 1, '1', '2015-01-18 11:56:25', '2015-01-15 09:00:00', '18', 'Buza Njiapanda ya Kitunda, Mwanagati', '3', 'WP7298', '42', 'Machine ya Kushindilia Matofali', '0', '0', '0', '0', '0', 'Kutapeli', '0', '0', '0', '4,870,000', NULL, '0', '0', '0', NULL, '0', '0', '0', NULL, ''),
(462, 4, 'KW/RB/000585/2015', 'Haijawekwa', 'Haijawekwa', 'Haijawekwa', 1, '1', '2015-01-18 12:01:12', '2015-01-15 09:00:00', '18', 'Buza Njiapanda ya Kitunda, Mwanagati', '3', 'WP7298', '42', 'Machine ya Kushindilia Matofali', '0', '0', '0', '0', '0', 'Kutapeli', '0', '0', '0', '4,870,000', NULL, '0', '0', '0', NULL, '0', '0', '0', NULL, ''),
(463, 5, 'KWR/RB/000585/2015', 'Haijawekwa', 'Haijawekwa', 'Haijawekwa', 1, '1', '2015-01-18 13:12:30', '2014-12-20 02:00:00', '18', 'Mbezi Makonde', '3', 'WP7298', '53', '0', '0', '0', '0', 'u', '0', 'Kutapeli', '0', '0', '0', '0', NULL, '0', '0', '0', NULL, '0', '0', '0', NULL, ''),
(464, 4, 'KW/RB/000585/2015', 'Haijawekwa', 'Haijawekwa', 'Haijawekwa', 1, '1', '2015-01-19 05:29:00', '2015-01-15 09:00:00', '18', 'Buza Njiapanda ya Kitunda, Mwanagati', '3', 'WP7298', '42', 'Machine ya Kushindilia Matofali', '0', '0', '0', '0', '0', 'Kutapeli', '0', '0', '0', '4870000', NULL, '0', '0', '0', NULL, '0', '0', '0', NULL, ''),
(465, 3, 'KW/RB/000583/2015', 'Haijawekwa', 'Haijawekwa', 'Haijawekwa', 1, '2', '2015-01-19 05:29:06', '2015-01-18 12:00:00', '18', 'Kawe Beach, Mediterranian Hotoel', '3', 'WP7298', '42', 'Mfuko wa viatu, Mfuko wa Makeup, Hand ba', '0', '0', '0', '0', '0', 'Kivunja Kioo Cha Gari', '0', '0', '0', '3000000', NULL, '0', '0', '0', NULL, '0', '0', '0', NULL, ''),
(466, 6, 'KWR/RB/000051/2015', 'Haijawekwa', 'Haijawekwa', 'Haijawekwa', 1, '1', '2015-01-20 09:55:11', '2015-01-20 07:00:00', '18', 'Mbezi beach, Tangi bovu', '3', 'WP7298', '42', 'Vifaa vya gari namba T543 CYR aina ya Ip', '0', '0', '0', '0', '0', 'Kuruka ukuta, na kuvunja kioo cha pemben', '0', '0', '0', '1000000', NULL, '0', '0', '0', NULL, '0', '0', '0', NULL, ''),
(467, 6, 'KW/RB/000651/2015', 'Haijawekwa', 'Haijawekwa', 'Haijawekwa', 1, '1', '2015-01-20 10:00:22', '2015-01-20 07:00:00', '18', 'Mbezi beach, Tangi bovu', '3', 'WP7298', '42', 'Vifaa vya gari namba T543 CYR aina ya Ip', '0', '0', '0', '0', '0', 'Kuruka ukuta, na kuvunja kioo cha pemben', '0', '0', '0', '1000000', NULL, '0', '0', '0', NULL, '0', '0', '0', NULL, ''),
(468, 5, 'KW/RB/000585/2015', 'Haijawekwa', 'Haijawekwa', 'Haijawekwa', 1, '1', '2015-01-20 10:00:28', '2014-12-20 02:00:00', '18', 'Mbezi Makonde', '3', 'WP7298', '53', '0', '0', '0', '0', 'u', '0', 'Kutapeli', '0', '0', '0', '0', NULL, '0', '0', '0', NULL, '0', '0', '0', NULL, ''),
(469, 6, 'KW/RB/000651/2015', 'Haijawekwa', 'Haijawekwa', 'Haijawekwa', 1, '1', '2015-01-20 10:02:16', '2015-01-20 07:00:00', '18', 'Mbezi beach, Tangi bovu', '3', 'WP7298', '42', 'Vifaa vya gari namba T543 CYR aina ya Ip', '0', '0', '0', '0', '0', 'Kuruka ukuta, na kuvunja kioo cha pemben', '0', '0', '0', '1000000', NULL, '0', '0', '0', NULL, '0', '0', '0', NULL, 'Vifaa vya gari namba T543 CYR aina ya Ipsum ikiwemo dashboard ya gari yote, side mirror zote, power window, bumper ya mbele, pesa 1,000,000'),
(470, 6, 'KW/RB/000651/2015', 'Haijawekwa', 'Haijawekwa', 'Haijawekwa', 1, '1', '2015-01-20 10:02:31', '2015-01-20 07:00:00', '18', 'Mbezi beach, Tangi bovu', '3', 'WP7298', '42', 'Vifaa vya gari namba T543 CYR ', '0', '0', '0', '0', '0', 'Kuruka ukuta, na kuvunja kioo cha pemben', '0', '0', '0', '1000000', NULL, '0', '0', '0', NULL, '0', '0', '0', NULL, 'Vifaa vya gari namba T543 CYR aina ya Ipsum ikiwemo dashboard ya gari yote, side mirror zote, power window, bumper ya mbele, pesa 1,000,000'),
(471, 7, 'KWR/RB/000652/2015', 'Haijawekwa', 'Haijawekwa', 'Haijawekwa', 1, '1', '2015-01-20 10:09:50', '2015-01-18 08:29:00', '18', 'Mbezi beach, Masoko', '3', 'WP7298', '50', '0', '0', '0', '0', '', '0', 'Kunyanganya kwa nguvu', '0', '0', '0', '350000', NULL, '0', '0', '0', NULL, '0', '0', '0', NULL, ''),
(472, 7, 'KW/RB/000652/2015', 'Haijawekwa', 'Haijawekwa', 'Haijawekwa', 1, '1', '2015-01-20 10:14:58', '2015-01-18 08:29:00', '18', 'Mbezi beach, Masoko', '3', 'WP7298', '50', '0', '0', '0', '0', '', '0', 'Kunyanganya kwa nguvu', '0', '0', '0', '350000', NULL, '0', '0', '0', NULL, '0', '0', '0', NULL, ''),
(473, 8, 'KRR/RB/000654/2015', 'Haijawekwa', 'Haijawekwa', 'Haijawekwa', 1, '1', '2015-01-20 11:31:42', '2015-01-20 01:30:00', '18', 'Kawe', '3', 'WP7298', '42', 'Mafuta ya Oil yaliyodhaniwa ni ya wizi', '0', '0', '0', '0', '0', 'Kusafirisha kwenye gari namba T456 CVA', '0', '0', '0', '', NULL, '0', '0', '0', NULL, '0', '0', '0', NULL, ''),
(474, 8, 'KW/RB/000654/2015', 'Haijawekwa', 'Haijawekwa', 'Haijawekwa', 1, '1', '2015-01-20 11:32:18', '2015-01-20 01:30:00', '18', 'Kawe', '3', 'WP7298', '42', 'Mafuta ya Oil yaliyodhaniwa ni ya wizi', '0', '0', '0', '0', '0', 'Kusafirisha kwenye gari namba T456 CVA', '0', '0', '0', '', NULL, '0', '0', '0', NULL, '0', '0', '0', NULL, ''),
(475, 1, 'KW/RB/000582/2015', 'Haijawekwa', 'Haijawekwa', 'Haijawekwa', 1, '2', '2015-01-20 12:08:36', '2015-01-18 09:00:00', '18', 'Kawe Beach Mzimuni', '3', 'WP7298', '61', 'Duka la Mitungi ya Gesi', '0', '0', '0', '0', '0', 'Wamekata Kufuli', '0', '0', '', '1875000', NULL, '0', '0', '0', NULL, '0', '0', '0', NULL, ''),
(476, 1, 'KW/RB/000582/2015', 'Haijawekwa', 'Haijawekwa', 'Haijawekwa', 1, '2', '2015-01-20 12:13:15', '2015-01-18 09:00:00', '18', 'Kawe Beach Mzimuni', '3', 'WP7298', '62', 'Duka la Mitungi ya Gesi', '0', '0', '0', '0', '0', 'Wamekata Kufuli', '0', '0', '', '1875000', NULL, '0', '0', '0', NULL, '0', '0', '0', NULL, ''),
(477, 1, 'KW/RB/000582/2015', 'Haijawekwa', 'Haijawekwa', 'Haijawekwa', 1, '2', '2015-01-20 12:13:40', '2015-01-18 09:00:00', '18', 'Kawe Beach Mzimuni', '3', 'WP7298', '48', 'Duka la Mitungi ya Gesi', '0', '0', '0', '0', '0', 'Wamekata Kufuli', '0', '0', '', '1875000', NULL, '0', '0', '0', NULL, '0', '0', '0', NULL, ''),
(478, 6, 'KW/RB/000651/2015', 'Haijawekwa', 'Haijawekwa', 'Haijawekwa', 1, '1', '2015-01-20 12:15:13', '2015-01-20 07:00:00', '18', 'Mbezi beach, Tangi bovu', '3', 'WP7298', '62', 'Vifaa vya gari namba T543 CYR ', '0', '0', '0', '0', '0', 'Kuruka ukuta, na kuvunja kioo cha pemben', '0', '0', '0', '1000000', NULL, '0', '0', '0', NULL, '0', '0', '0', NULL, 'Vifaa vya gari namba T543 CYR aina ya Ipsum ikiwemo dashboard ya gari yote, side mirror zote, power window, bumper ya mbele, pesa 1,000,000'),
(479, 9, 'KWR/RB/000655/2015', 'Haijawekwa', 'Haijawekwa', 'Haijawekwa', 1, '1', '2015-01-20 13:00:56', '2014-10-14 04:00:00', '18', 'Mbezi beach kwa Komba', '3', 'WP7298', '53', '0', '0', '0', '0', 'Oda ya kutengeneza sofa', '0', 'utapeli', '0', '0', '0', '0', NULL, '0', '0', '0', NULL, '0', '0', '0', NULL, ''),
(480, 9, 'KW/RB/000655/2015', 'Haijawekwa', 'Haijawekwa', 'Haijawekwa', 1, '1', '2015-01-20 13:01:14', '2014-10-14 04:00:00', '18', 'Mbezi beach kwa Komba', '3', 'WP7298', '53', '0', '0', '0', '0', 'Oda ya kutengeneza sofa', '0', 'utapeli', '0', '0', '0', '0', NULL, '0', '0', '0', NULL, '0', '0', '0', NULL, ''),
(481, 9, 'KW/RB/000655/2015', 'Haijawekwa', 'Haijawekwa', 'Haijawekwa', 1, '1', '2015-01-20 13:06:45', '2014-10-14 04:00:00', '18', 'Mbezi beach kwa Komba', '3', 'WP7298', '53', '0', '0', '0', '0', 'Oda ya kutengeneza sofa', '0', 'utapeli', '0', '0', '0', '0', NULL, '0', '0', '0', NULL, '0', '0', '0', NULL, 'Oda ya kutengeneza sofa kwa kianzio cha sh 300000'),
(482, 1, 'KW/RB/000582/2015', 'KW/IB/000583/2015', 'Haijawekwa', 'Haijawekwa', 1, '2', '2015-01-22 14:27:39', '2015-01-18 09:00:00', '18', 'Kawe Beach Mzimuni', '3', 'WP7298', '48', 'Duka la Mitungi ya Gesi', '0', '0', '0', '0', '0', 'Wamekata Kufuli', '0', '0', '', '1875000', NULL, '0', '0', '0', NULL, '0', '0', '0', NULL, ''),
(483, 1, 'KW/RB/000582/2015', 'KW/IR/000583/2015', 'Haijawekwa', 'Haijawekwa', 1, '2', '2015-01-22 14:27:55', '2015-01-18 09:00:00', '18', 'Kawe Beach Mzimuni', '3', 'WP7298', '48', 'Duka la Mitungi ya Gesi', '0', '0', '0', '0', '0', 'Wamekata Kufuli', '0', '0', '', '1875000', NULL, '0', '0', '0', NULL, '0', '0', '0', NULL, ''),
(484, 4, 'KW/RB/000585/2015', 'KW/IR/000083/2015', 'Haijawekwa', 'Haijawekwa', 1, '1', '2015-01-22 14:28:05', '2015-01-15 09:00:00', '18', 'Buza Njiapanda ya Kitunda, Mwanagati', '3', 'WP7298', '42', 'Machine ya Kushindilia Matofali', '0', '0', '0', '0', '0', 'Kutapeli', '0', '0', '0', '4870000', NULL, '0', '0', '0', NULL, '0', '0', '0', NULL, ''),
(485, 8, 'KW/RB/000654/2015', 'KW/IR/000183/2015', 'Haijawekwa', 'Haijawekwa', 1, '1', '2015-01-22 14:28:16', '2015-01-20 01:30:00', '18', 'Kawe', '3', 'WP7298', '42', 'Mafuta ya Oil yaliyodhaniwa ni ya wizi', '0', '0', '0', '0', '0', 'Kusafirisha kwenye gari namba T456 CVA', '0', '0', '0', '', NULL, '0', '0', '0', NULL, '0', '0', '0', NULL, ''),
(486, 10, 'KW/RB/000656/2015', 'Haijawekwa', 'Haijawekwa', 'Haijawekwa', 1, '1', '2015-01-24 08:25:29', '2015-01-23 12:00:00', '18', 'Kawe mkwamani', '3', 'WP7298', '42', 'Projector', '0', '0', '0', '0', '0', 'Kuchukua kwenye gari na kukimbia', '0', '0', '0', '1300000', NULL, '0', '0', '0', NULL, '0', '0', '0', NULL, 'Alifungua bonet ya gari T386 AAQ kwa ajili ya kubust battery ya gari badala yake anachukua projector na kukimbia.Kijana mwenyewe anaitwa Peter Sanga maarufu kama fundi white. '),
(487, 10, 'KW/RB/000788/2015', 'Haijawekwa', 'Haijawekwa', 'Haijawekwa', 1, '1', '2015-01-24 08:27:23', '2015-01-23 12:00:00', '18', 'Kawe mkwamani', '3', 'WP7298', '42', 'Projector', '0', '0', '0', '0', '0', 'Kuchukua kwenye gari na kukimbia', '0', '0', '0', '1300000', NULL, '0', '0', '0', NULL, '0', '0', '0', NULL, 'Alifungua bonet ya gari T386 AAQ kwa ajili ya kubust battery ya gari badala yake anachukua projector na kukimbia.Kijana mwenyewe anaitwa Peter Sanga maarufu kama fundi white. '),
(488, 10, 'KW/RB/000788/2015', 'Haijawekwa', 'Haijawekwa', 'Haijawekwa', 1, '1', '2015-01-24 08:30:09', '2015-01-23 12:00:00', '18', 'Kawe mkwamani', '3', 'WP7298', '42', 'Projector', '0', '0', '0', '0', '0', 'Kuchukua Projector kwenye gari na kukimb', '0', '0', '0', '1300000', NULL, '0', '0', '0', NULL, '0', '0', '0', NULL, 'Alifungua bonet ya gari T386 AAQ kwa ajili ya kubust battery ya gari badala yake anachukua projector na kukimbia.Kijana mwenyewe anaitwa Peter Sanga maarufu kama fundi white. '),
(489, 10, 'KW/RB/000788/2015', 'Haijawekwa', 'Haijawekwa', 'Haijawekwa', 1, '1', '2015-01-24 08:30:09', '2015-01-23 12:00:00', '18', 'Kawe mkwamani', '3', 'WP7298', '42', 'Projector', '0', '0', '0', '0', '0', 'Kuchukua Projector kwenye gari na kukimb', '0', '0', '0', '1300000', NULL, '0', '0', '0', NULL, '0', '0', '0', NULL, 'Alifungua bonet ya gari T386 AAQ kwa ajili ya kubust battery ya gari badala yake anachukua projector na kukimbia.Kijana mwenyewe anaitwa Peter Sanga maarufu kama fundi white. '),
(490, 10, 'KW/RB/000788/2015', 'Haijawekwa', 'Haijawekwa', 'Haijawekwa', 1, '1', '2015-01-24 08:30:40', '2015-01-23 12:00:00', '18', 'Kawe mkwamani', '3', 'WP7298', '42', 'Projector', '0', '0', '0', '0', '0', 'Kuchukua Projector kwenye gari na kukimb', '0', '0', '0', '1300000', NULL, '0', '0', '0', NULL, '0', '0', '0', NULL, 'Alifungua bonet ya gari T386 AAQ Toyota Corona kwa ajili ya kubust battery ya gari badala yake anachukua projector na kukimbia.Kijana mwenyewe anaitwa Peter Sanga maarufu kama fundi white. '),
(491, 10, 'KW/RB/000788/2015', 'Haijawekwa', 'Haijawekwa', 'Haijawekwa', 1, '1', '2015-01-24 08:30:40', '2015-01-23 12:00:00', '18', 'Kawe mkwamani', '3', 'WP7298', '42', 'Projector', '0', '0', '0', '0', '0', 'Kuchukua Projector kwenye gari na kukimb', '0', '0', '0', '1300000', NULL, '0', '0', '0', NULL, '0', '0', '0', NULL, 'Alifungua bonet ya gari T386 AAQ Toyota Corona kwa ajili ya kubust battery ya gari badala yake anachukua projector na kukimbia.Kijana mwenyewe anaitwa Peter Sanga maarufu kama fundi white. '),
(492, 10, 'KW/RB/000788/2015', 'Haijawekwa', 'Haijawekwa', 'Haijawekwa', 1, '1', '2015-01-24 08:30:40', '2015-01-23 12:00:00', '18', 'Kawe mkwamani', '3', 'WP7298', '42', 'Projector', '0', '0', '0', '0', '0', 'Kuchukua Projector kwenye gari na kukimb', '0', '0', '0', '1300000', NULL, '0', '0', '0', NULL, '0', '0', '0', NULL, 'Alifungua bonet ya gari T386 AAQ Toyota Corona kwa ajili ya kubust battery ya gari badala yake anachukua projector na kukimbia.Kijana mwenyewe anaitwa Peter Sanga maarufu kama fundi white. '),
(493, 10, 'KW/RB/000788/2015', 'Haijawekwa', 'Haijawekwa', 'Haijawekwa', 1, '1', '2015-01-24 08:30:40', '2015-01-23 12:00:00', '18', 'Kawe mkwamani', '3', 'WP7298', '42', 'Projector', '0', '0', '0', '0', '0', 'Kuchukua Projector kwenye gari na kukimb', '0', '0', '0', '1300000', NULL, '0', '0', '0', NULL, '0', '0', '0', NULL, 'Alifungua bonet ya gari T386 AAQ Toyota Corona kwa ajili ya kubust battery ya gari badala yake anachukua projector na kukimbia.Kijana mwenyewe anaitwa Peter Sanga maarufu kama fundi white. '),
(494, 10, 'KW/RB/000788/2015', 'Haijawekwa', 'Haijawekwa', 'Haijawekwa', 1, '1', '2015-01-24 08:30:40', '2015-01-23 12:00:00', '18', 'Kawe mkwamani', '3', 'WP7298', '42', 'Projector', '0', '0', '0', '0', '0', 'Kuchukua Projector kwenye gari na kukimb', '0', '0', '0', '1300000', NULL, '0', '0', '0', NULL, '0', '0', '0', NULL, 'Alifungua bonet ya gari T386 AAQ Toyota Corona kwa ajili ya kubust battery ya gari badala yake anachukua projector na kukimbia.Kijana mwenyewe anaitwa Peter Sanga maarufu kama fundi white. '),
(495, 10, 'KW/RB/000788/2015', 'Haijawekwa', 'Haijawekwa', 'Haijawekwa', 1, '1', '2015-01-24 08:30:40', '2015-01-23 12:00:00', '18', 'Kawe mkwamani', '3', 'WP7298', '42', 'Projector', '0', '0', '0', '0', '0', 'Kuchukua Projector kwenye gari na kukimb', '0', '0', '0', '1300000', NULL, '0', '0', '0', NULL, '0', '0', '0', NULL, 'Alifungua bonet ya gari T386 AAQ Toyota Corona kwa ajili ya kubust battery ya gari badala yake anachukua projector na kukimbia.Kijana mwenyewe anaitwa Peter Sanga maarufu kama fundi white. '),
(496, 11, 'KW/RB/000789/2015', 'Haijawekwa', 'Haijawekwa', 'Haijawekwa', 1, '1', '2015-01-24 08:49:04', '2015-01-23 10:00:00', '18', 'Msasani Club', '3', 'WP7298', '42', 'Sare za Jeshi dress namba 3, Tyre za gar', '0', '0', '0', '0', '0', 'Kufungua mlango wa gari', '0', '0', '0', '475000', NULL, '0', '0', '0', NULL, '0', '0', '0', NULL, ''),
(497, 11, 'KW/RB/000786/2015', 'Haijawekwa', 'Haijawekwa', 'Haijawekwa', 1, '1', '2015-01-24 08:49:32', '2015-01-23 10:00:00', '18', 'Msasani Club', '3', 'WP7298', '42', 'Sare za Jeshi dress namba 3, Tyre za gar', '0', '0', '0', '0', '0', 'Kufungua mlango wa gari', '0', '0', '0', '475000', NULL, '0', '0', '0', NULL, '0', '0', '0', NULL, ''),
(498, 12, 'KW/RB/000790/2015', 'Haijawekwa', 'Haijawekwa', 'Haijawekwa', 1, '2', '2015-01-24 09:03:32', '2015-01-23 10:00:00', '18', 'mbezi kilongawima', '3', 'WP7298', '37', 'ng''ombe ', '0', '0', '0', '', '0', 'walivunja gate wakiingia kwenye zizi na ', '1', '0', '0', '2000000', NULL, '0', '0', '0', NULL, '0', '0', '0', NULL, ''),
(499, 11, 'KW/RB/000786/2015', 'KW/IR/000468/2015', 'Haijawekwa', 'Haijawekwa', 1, '1', '2015-01-24 09:17:45', '2015-01-23 10:00:00', '18', 'Msasani Club', '3', 'WP7298', '42', 'Sare za Jeshi dress namba 3, Tyre za gar', '0', '0', '0', '0', '0', 'Kufungua mlango wa gari', '0', '0', '0', '475000', NULL, '0', '0', '0', NULL, '0', '0', '0', NULL, ''),
(500, 12, 'KW/RB/000790/2015', 'KW/IR/000469/2015', 'Haijawekwa', 'Haijawekwa', 1, '2', '2015-01-24 09:18:09', '2015-01-23 10:00:00', '18', 'mbezi kilongawima', '3', 'WP7298', '37', 'ng''ombe ', '0', '0', '0', '', '0', 'walivunja gate wakiingia kwenye zizi na ', '1', '0', '0', '2000000', NULL, '0', '0', '0', NULL, '0', '0', '0', NULL, ''),
(501, 12, 'KW/RB/000785/2015', 'KW/IR/000469/2015', 'Haijawekwa', 'Haijawekwa', 1, '2', '2015-01-24 09:18:26', '2015-01-23 10:00:00', '18', 'mbezi kilongawima', '3', 'WP7298', '37', 'ng''ombe ', '0', '0', '0', '', '0', 'walivunja gate wakiingia kwenye zizi na ', '1', '0', '0', '2000000', NULL, '0', '0', '0', NULL, '0', '0', '0', NULL, ''),
(502, 13, 'KW/RB/000784/2015', 'Haijawekwa', 'Haijawekwa', 'Haijawekwa', 1, '2', '2015-01-24 09:24:37', '2015-01-24 02:00:00', '18', 'Mbezi beach kwa zena', '3', 'WP7298', '39', '0', '0', '0', '0', '0', '0', '0', '0', '0', '0', '0', NULL, '0', '0', '0', NULL, '0', '0', '0', NULL, ''),
(503, 13, 'KW/RB/000784/2015', 'Haijawekwa', 'Haijawekwa', 'Haijawekwa', 1, '2', '2015-01-24 09:32:49', '2015-01-24 02:00:00', '18', 'Mbezi beach kwa zena', '3', 'WP7298', '39', '0', '0', '0', '0', '0', '0', '0', '0', '0', '0', '0', NULL, '0', '0', '0', NULL, '0', '0', '0', NULL, 'Namba ya Bajaji T359 ACC. Thamani yake ni sh 6000000'),
(504, 13, 'KW/RB/000784/2015', 'KW/IR/000466/2015', 'Haijawekwa', 'Haijawekwa', 1, '2', '2015-01-24 09:33:19', '2015-01-24 02:00:00', '18', 'Mbezi beach kwa zena', '3', 'WP7298', '39', '0', '0', '0', '0', '0', '0', '0', '0', '0', '0', '0', NULL, '0', '0', '0', NULL, '0', '0', '0', NULL, 'Namba ya Bajaji T359 ACC. Thamani yake ni sh 6000000'),
(505, 14, 'KW/RB/000785/2015', 'Haijawekwa', 'Haijawekwa', 'Haijawekwa', 1, '1', '2015-01-24 09:50:10', '2015-01-23 06:00:00', '18', 'Mbezi juu', '2', 'WP7298', '31', 'Mkundu, msenge,kuma la mama yake,anafirw', '0', '0', '0', 'hakuna', '0', 'Matusi', '0', '0', '0', '0', NULL, '0', '0', '0', NULL, '0', '0', '0', NULL, ''),
(506, 14, 'KW/RB/000791/2015', 'Haijawekwa', 'Haijawekwa', 'Haijawekwa', 1, '1', '2015-01-24 09:55:00', '2015-01-23 06:00:00', '18', 'Mbezi juu', '2', 'WP7298', '31', 'Mkundu, msenge,kuma la mama yake,anafirw', '0', '0', '0', 'hakuna', '0', 'Matusi', '0', '0', '0', '0', NULL, '0', '0', '0', NULL, '0', '0', '0', NULL, ''),
(507, 15, 'KW/RB/000855/2015', 'Haijawekwa', 'Haijawekwa', 'Haijawekwa', 1, '1', '2015-01-26 13:11:20', '2015-01-13 12:00:00', '18', 'NMB Mbezi Afrikana', '3', 'WP7298', '53', '0', '0', '0', '0', 'Tamaa za kujipatia fedha', '0', 'Utapeli', '0', '0', '0', '0', NULL, '0', '0', '0', NULL, '0', '0', '0', NULL, ''),
(508, 15, 'KW/RB/000855/2015', 'Haijawekwa', 'Haijawekwa', 'Haijawekwa', 1, '1', '2015-01-26 13:12:26', '2015-01-13 12:00:00', '18', 'NMB Mbezi Afrikana', '3', 'WP7298', '53', '0', '0', '0', '0', 'Tamaa za kujipatia fedha', '0', 'Utapeli', '0', '0', '0', '0', NULL, '0', '0', '0', NULL, '0', '0', '3000000', NULL, ''),
(509, 14, 'KW/RB/000791/2015', 'KWI/IR/100011/2015', 'Haijawekwa', 'Haijawekwa', 2, '1', '2015-01-27 09:12:53', '2015-01-23 06:00:00', '18', 'Mbezi juu', '2', 'WP7298', '31', 'Mkundu, msenge,kuma la mama yake,anafirw', '0', '0', '0', 'hakuna', '0', 'Matusi', '0', '0', '0', '0', NULL, '0', '0', '0', NULL, '0', '0', '0', NULL, ''),
(510, 14, 'KW/RB/000791/2015', 'KWI/IR/100011/2015', 'Haijawekwa', 'Haijawekwa', 8, '1', '2015-01-27 10:05:48', '2015-01-23 06:00:00', '18', 'Mbezi juu', '2', 'WP7298', '31', 'Mkundu, msenge,kuma la mama yake,anafirw', '0', '0', '0', 'hakuna', '0', 'Matusi', '0', '0', '0', '0', NULL, '0', '0', '0', NULL, '0', '0', '0', NULL, ''),
(511, 16, 'KW/RB/000932/2015', 'Haijawekwa', 'Haijawekwa', 'Haijawekwa', 1, '1', '2015-01-28 09:15:03', '2015-01-28 07:30:00', '18', 'Mbezi juu', '3', 'WP7298', '42', 'Play station 2, Tv moja aina ya Panasoni', '0', '0', '0', '0', '0', 'Kuvunja makufuli ya fremu na kuingia', '0', '0', '0', '1300000', NULL, '0', '0', '0', NULL, '0', '0', '0', NULL, ''),
(512, 16, 'KW/RB/000932/2015', 'Haijawekwa', 'Haijawekwa', 'Haijawekwa', 1, '1', '2015-01-28 09:35:42', '2015-01-28 07:30:00', '18', 'Mbezi juu', '3', 'WP7298', '48', 'Play station 2, Tv moja aina ya Panasoni', '0', '0', '0', '0', '0', 'Kuvunja makufuli ya fremu na kuingia', '0', '0', '0', '1300000', NULL, '0', '0', '0', NULL, '0', '0', '0', NULL, ''),
(513, 16, 'KW/RB/000932/2015', 'Haijawekwa', 'Haijawekwa', 'Haijawekwa', 1, '2', '2015-01-28 09:36:21', '2015-01-28 07:30:00', '18', 'Mbezi juu', '3', 'WP7298', '48', 'Play station 2, Tv moja aina ya Panasoni', '0', '0', '0', '0', '0', 'Kuvunja makufuli ya fremu na kuingia', '0', '0', '0', '1300000', NULL, '0', '0', '0', NULL, '0', '0', '0', NULL, ''),
(514, 17, 'KW/RB/000942/2015', 'Haijawekwa', 'Haijawekwa', 'Haijawekwa', 1, '1', '2015-01-28 12:14:33', '2015-01-28 02:34:00', '18', 'Mbezi juu', '1', 'WP7298', '63', '0', '0', '0', '0', '0', '0', 'Kupiga mke na watoto', '0', '0', '0', '0', NULL, '0', '0', '0', NULL, '0', '0', '0', NULL, ''),
(515, 18, 'KW/RB/000941/2015', 'Haijawekwa', 'Haijawekwa', 'Haijawekwa', 1, '2', '2015-01-28 12:26:00', '2015-01-28 01:50:00', '18', 'Salasala', '3', 'WP7298', '48', 'Nyumba', '0', '0', '0', '0', '0', 'Kuvunja nyumba usiku na kuiba', '0', '0', '0', '1600000', NULL, '0', '0', '0', NULL, '0', '0', '0', NULL, ''),
(516, 14, 'KW/RB/000791/2015', 'KWI/IR/000011/2015', 'Haijawekwa', 'Haijawekwa', 8, '1', '2015-01-29 07:46:05', '2015-01-23 06:00:00', '18', 'Mbezi juu', '2', 'WP7298', '31', 'Mkundu, msenge,kuma la mama yake,anafirw', '0', '0', '0', 'hakuna', '0', 'Matusi', '0', '0', '0', '0', NULL, '0', '0', '0', NULL, '0', '0', '0', NULL, ''),
(517, 18, 'KW/RB/000941/2015', 'KW/IR/000584/2015', 'Haijawekwa', 'Haijawekwa', 2, '2', '2015-01-29 07:46:35', '2015-01-28 01:50:00', '18', 'Salasala', '3', 'WP7298', '48', 'Nyumba', '0', '0', '0', '0', '0', 'Kuvunja nyumba usiku na kuiba', '0', '0', '0', '1600000', NULL, '0', '0', '0', NULL, '0', '0', '0', NULL, ''),
(518, 18, 'KW/RB/000941/2015', 'Haijawekwa', 'Haijawekwa', 'Haijawekwa', 2, '2', '2015-01-29 07:52:52', '2015-01-28 01:50:00', '18', 'Salasala', '3', 'WP7298', '48', 'Nyumba', '0', '0', '0', '0', '0', 'Kuvunja nyumba usiku na kuiba', '0', '0', '0', '1600000', NULL, '0', '0', '0', NULL, '0', '0', '0', NULL, ''),
(519, 18, 'KW/RB/000941/2015', 'Haijawekwa', 'Haijawekwa', 'Haijawekwa', 1, '2', '2015-01-29 07:53:42', '2015-01-28 01:50:00', '18', 'Salasala', '3', 'WP7298', '48', 'Nyumba', '0', '0', '0', '0', '0', 'Kuvunja nyumba usiku na kuiba', '0', '0', '0', '1600000', NULL, '0', '0', '0', NULL, '0', '0', '0', NULL, ''),
(520, 18, 'KW/RB/000941/2015', 'KW/IR/000584/2015', 'Haijawekwa', 'Haijawekwa', 2, '2', '2015-01-29 17:18:17', '2015-01-28 01:50:00', '18', 'Salasala', '3', 'WP7298', '48', 'Nyumba', '0', '0', '0', '0', '0', 'Kuvunja nyumba usiku na kuiba', '0', '0', '0', '1600000', NULL, '0', '0', '0', NULL, '0', '0', '0', NULL, ''),
(521, 17, 'KW/RB/000942/2015', 'KW/IR/000585/2015', 'Haijawekwa', 'Haijawekwa', 2, '1', '2015-01-30 05:49:14', '2015-01-28 02:34:00', '18', 'Mbezi juu', '1', 'WP7298', '63', '0', '0', '0', '0', '0', '0', 'Kupiga mke na watoto', '0', '0', '0', '0', NULL, '0', '0', '0', NULL, '0', '0', '0', NULL, ''),
(522, 19, 'KW/RB/000944/2015', 'Haijawekwa', 'Haijawekwa', 'Haijawekwa', 1, '1', '2015-01-30 09:25:02', '2015-01-30 12:23:00', '18', 'kawe b', '2', 'WP7298', '10', 'BARUTI', '1', 'jeshi la polisi', '45', '0', '0', '0', '0', '0', '0', '0', NULL, '0', '0', '0', NULL, '0', '0', '0', NULL, 'Walivamia kituo cha polisi'),
(523, 16, 'KW/RB/000932/2015', 'KW/IR/000586/2015', 'Haijawekwa', 'Haijawekwa', 2, '2', '2015-01-30 09:27:25', '2015-01-28 07:30:00', '18', 'Mbezi juu', '3', 'WP7298', '48', 'Play station 2, Tv moja aina ya Panasoni', '0', '0', '0', '0', '0', 'Kuvunja makufuli ya fremu na kuingia', '0', '0', '0', '1300000', NULL, '0', '0', '0', NULL, '0', '0', '0', NULL, ''),
(524, 20, 'KW/RB/000946/2015', 'Haijawekwa', 'Haijawekwa', 'Haijawekwa', 1, '1', '2015-02-19 09:39:47', '2015-02-17 10:10:00', '18', 'Mbezi juu', '3', 'WP7298', '42', 'Mafuta ya Oil yaliyodhaniwa ni ya wizi', '0', '0', '0', '0', '0', 'Kuruka ukuta, na kuvunja kioo cha pemben', '0', '0', '0', '3,000,000', NULL, '0', '0', '0', NULL, '0', '0', '0', NULL, ''),
(525, 20, 'KW/RB/000946/2015', 'KW/IR/000587/2015', 'Haijawekwa', 'Haijawekwa', 2, '1', '2015-02-19 09:43:57', '2015-02-17 10:10:00', '18', 'Mbezi juu', '3', 'WP7298', '42', 'Mafuta ya Oil yaliyodhaniwa ni ya wizi', '0', '0', '0', '0', '0', 'Kuruka ukuta, na kuvunja kioo cha pemben', '0', '0', '0', '3,000,000', NULL, '0', '0', '0', NULL, '0', '0', '0', NULL, ''),
(526, 20, 'KW/RB/000946/2015', 'KW/IR/000587/2015', 'Haijawekwa', 'Haijawekwa', 3, '1', '2015-02-19 09:52:41', '2015-02-17 10:10:00', '18', 'Mbezi juu', '3', 'WP7298', '42', 'Mafuta ya Oil yaliyodhaniwa ni ya wizi', '0', '0', '0', '0', '0', 'Kuruka ukuta, na kuvunja kioo cha pemben', '0', '0', '0', '3,000,000', NULL, '0', '0', '0', NULL, '0', '0', '0', NULL, ''),
(527, 20, 'KW/RB/000946/2015', 'KW/IR/000587/2015', 'Haijawekwa', 'Haijawekwa', 4, '1', '2015-02-19 09:53:38', '2015-02-17 10:10:00', '18', 'Mbezi juu', '3', 'WP7298', '42', 'Mafuta ya Oil yaliyodhaniwa ni ya wizi', '0', '0', '0', '0', '0', 'Kuruka ukuta, na kuvunja kioo cha pemben', '0', '0', '0', '3,000,000', NULL, '0', '0', '0', NULL, '0', '0', '0', NULL, ''),
(528, 20, 'KW/RB/000946/2015', 'KW/IR/000587/2015', 'MZA/RCO/000114/2015', 'Haijawekwa', 4, '1', '2015-02-19 09:54:39', '2015-02-17 10:10:00', '18', 'Mbezi juu', '3', 'WP7298', '42', 'Mafuta ya Oil yaliyodhaniwa ni ya wizi', '0', '0', '0', '0', '0', 'Kuruka ukuta, na kuvunja kioo cha pemben', '0', '0', '0', '3,000,000', NULL, '0', '0', '0', NULL, '0', '0', '0', NULL, ''),
(529, 20, 'KW/RB/000946/2015', 'KW/IR/000587/2015', 'MZA/RCO/000114/2015', 'Haijawekwa', 5, '1', '2015-02-19 09:54:47', '2015-02-17 10:10:00', '18', 'Mbezi juu', '3', 'WP7298', '42', 'Mafuta ya Oil yaliyodhaniwa ni ya wizi', '0', '0', '0', '0', '0', 'Kuruka ukuta, na kuvunja kioo cha pemben', '0', '0', '0', '3,000,000', NULL, '0', '0', '0', NULL, '0', '0', '0', NULL, ''),
(530, 20, 'KW/RB/000946/2015', 'KW/IR/000587/2015', 'MZA/RCO/000114/2015', 'DCI/SCR/000021/2015', 5, '1', '2015-02-19 09:56:26', '2015-02-17 10:10:00', '18', 'Mbezi juu', '3', 'WP7298', '42', 'Mafuta ya Oil yaliyodhaniwa ni ya wizi', '0', '0', '0', '0', '0', 'Kuruka ukuta, na kuvunja kioo cha pemben', '0', '0', '0', '3,000,000', NULL, '0', '0', '0', NULL, '0', '0', '0', NULL, '');

-- --------------------------------------------------------

--
-- Table structure for table `region_nbs`
--

CREATE TABLE IF NOT EXISTS `region_nbs` (
  `region_nbsid` int(10) NOT NULL,
  `region_nbsname` varchar(45) NOT NULL,
  PRIMARY KEY (`region_nbsid`)
) ENGINE=InnoDB DEFAULT CHARSET=latin1;

--
-- Dumping data for table `region_nbs`
--

INSERT INTO `region_nbs` (`region_nbsid`, `region_nbsname`) VALUES
(0, 'N/A'),
(1, 'Dodoma'),
(2, 'Arusha'),
(3, 'Kilimanjaro'),
(4, 'Tanga'),
(5, 'Morogoro'),
(6, 'Pwani'),
(7, 'Dar-es-salaam'),
(8, 'Lindi'),
(9, 'Mtwara'),
(10, 'Ruvuma'),
(11, 'Iringa'),
(12, 'Mbeya'),
(13, 'Singida'),
(14, 'Tabora'),
(15, 'Rukwa'),
(16, 'Kigoma'),
(17, 'Shinyanga'),
(18, 'Kagera'),
(19, 'Mara'),
(20, 'Mwanza'),
(21, 'Manyara'),
(22, 'Njombe'),
(23, 'Katavi'),
(24, 'Simiyu'),
(25, 'Geita');

-- --------------------------------------------------------

--
-- Table structure for table `region_police`
--

CREATE TABLE IF NOT EXISTS `region_police` (
  `region_policeid` int(10) NOT NULL,
  `region_policename` varchar(45) NOT NULL,
  `region_nbsid` int(10) DEFAULT NULL,
  PRIMARY KEY (`region_policeid`),
  KEY `fk_region_police_1_idx` (`region_nbsid`)
) ENGINE=InnoDB DEFAULT CHARSET=latin1;

--
-- Dumping data for table `region_police`
--

INSERT INTO `region_police` (`region_policeid`, `region_policename`, `region_nbsid`) VALUES
(1, 'Dodoma', 1),
(2, 'Arusha', 2),
(3, 'Kilimanjaro', 3),
(4, 'Tanga', 4),
(5, 'Morogoro', 5),
(6, 'Pwani', 6),
(8, 'Lindi', 8),
(9, 'Mtwara', 9),
(10, 'Ruvuma', 10),
(11, 'Iringa', 11),
(12, 'Mbeya', 12),
(13, 'Singida', 13),
(14, 'Tabora', 14),
(15, 'Rukwa', 15),
(16, 'Kigoma', 16),
(17, 'Shinyanga', 17),
(18, 'Kagera', 18),
(19, 'Mara', 19),
(20, 'Mwanza', 20),
(21, 'Manyara', 21),
(22, 'Njombe', 22),
(23, 'Katavi', 23),
(24, 'Simiyu', 24),
(25, 'Geita', 25),
(26, 'Ilala', 7),
(27, 'Kinondoni', 7),
(28, 'Temeke', 7),
(29, 'Kaskazini Pemba', 29),
(30, 'Kaskazini Unguja', 30),
(31, 'Kusini Pemba', 31),
(32, 'Kusini Unguja', 32),
(33, 'Mjini Magharibi', 33);

-- --------------------------------------------------------

--
-- Table structure for table `religion`
--

CREATE TABLE IF NOT EXISTS `religion` (
  `religion_id` varchar(30) NOT NULL,
  `religion_name` varchar(45) NOT NULL,
  PRIMARY KEY (`religion_id`)
) ENGINE=InnoDB DEFAULT CHARSET=latin1;

--
-- Dumping data for table `religion`
--

INSERT INTO `religion` (`religion_id`, `religion_name`) VALUES
('1', 'Mkristu'),
('2', 'Muislamu'),
('3', 'Hindu'),
('4', 'Pagani'),
('5', 'Budha'),
('6', 'Nyingine');

-- --------------------------------------------------------

--
-- Table structure for table `sex`
--

CREATE TABLE IF NOT EXISTS `sex` (
  `sex_id` int(11) NOT NULL AUTO_INCREMENT,
  `sex_name` varchar(30) NOT NULL,
  PRIMARY KEY (`sex_id`)
) ENGINE=InnoDB  DEFAULT CHARSET=latin1 AUTO_INCREMENT=3 ;

--
-- Dumping data for table `sex`
--

INSERT INTO `sex` (`sex_id`, `sex_name`) VALUES
(1, 'Mme'),
(2, 'Mke');

-- --------------------------------------------------------

--
-- Table structure for table `station`
--

CREATE TABLE IF NOT EXISTS `station` (
  `station_id` int(10) NOT NULL AUTO_INCREMENT,
  `station_name` varchar(40) NOT NULL,
  `station_initial` varchar(30) NOT NULL,
  `station_classid` int(10) DEFAULT NULL,
  `station_typeid` int(10) DEFAULT NULL,
  `region_nbsid` int(10) NOT NULL,
  `region_policeid` int(10) NOT NULL,
  `district_nbsid` int(10) NOT NULL,
  `district_policeid` int(10) NOT NULL,
  `ward_nbsid` int(10) NOT NULL,
  `ward_policeid` int(10) NOT NULL,
  PRIMARY KEY (`station_id`),
  KEY `fk_station_1_idx` (`station_classid`),
  KEY `fk_station_2_idx` (`station_typeid`),
  KEY `fk_station_3_idx` (`region_nbsid`),
  KEY `fk_station_4_idx` (`district_policeid`),
  KEY `fk_station_5_idx` (`district_nbsid`),
  KEY `fk_station_7_idx` (`ward_nbsid`),
  KEY `fk_station_8_idx` (`ward_policeid`),
  KEY `region_policeid` (`region_policeid`)
) ENGINE=InnoDB  DEFAULT CHARSET=latin1 AUTO_INCREMENT=23 ;

--
-- Dumping data for table `station`
--

INSERT INTO `station` (`station_id`, `station_name`, `station_initial`, `station_classid`, `station_typeid`, `region_nbsid`, `region_policeid`, `district_nbsid`, `district_policeid`, `ward_nbsid`, `ward_policeid`) VALUES
(1, 'Central', '', 1, 1, 7, 26, 702, 101, 702162, 702170),
(17, 'Testing1', '', 2, 2, 7, 27, 101, 101, 702172, 702170),
(18, 'Kawe Police Station', 'KW', 1, 2, 7, 27, 701, 102, 701152, 10201),
(20, 'Oyesterbay', 'OYB', 1, 2, 7, 27, 701, 103, 701062, 701062),
(21, 'Kijitonyama', '', 2, 2, 7, 27, 701, 103, 701232, 701232),
(22, 'UNIVERSITY OF DSM', '', 2, 1, 7, 27, 701, 103, 410052, 410052);

-- --------------------------------------------------------

--
-- Table structure for table `station_class`
--

CREATE TABLE IF NOT EXISTS `station_class` (
  `station_classid` int(11) NOT NULL AUTO_INCREMENT,
  `station_classname` varchar(30) NOT NULL,
  PRIMARY KEY (`station_classid`)
) ENGINE=InnoDB  DEFAULT CHARSET=latin1 AUTO_INCREMENT=4 ;

--
-- Dumping data for table `station_class`
--

INSERT INTO `station_class` (`station_classid`, `station_classname`) VALUES
(1, 'A'),
(2, 'B'),
(3, 'C');

-- --------------------------------------------------------

--
-- Table structure for table `station_type`
--

CREATE TABLE IF NOT EXISTS `station_type` (
  `station_typeid` int(11) NOT NULL AUTO_INCREMENT,
  `station_typename` varchar(30) NOT NULL,
  PRIMARY KEY (`station_typeid`)
) ENGINE=InnoDB  DEFAULT CHARSET=latin1 AUTO_INCREMENT=4 ;

--
-- Dumping data for table `station_type`
--

INSERT INTO `station_type` (`station_typeid`, `station_typename`) VALUES
(1, 'Post'),
(2, 'Station'),
(3, 'District Station');

-- --------------------------------------------------------

--
-- Table structure for table `taarifa`
--

CREATE TABLE IF NOT EXISTS `taarifa` (
  `taarifa_id` int(11) NOT NULL AUTO_INCREMENT,
  `offence_no` int(40) DEFAULT NULL,
  `station_id` int(10) NOT NULL,
  `rb_no` varchar(60) NOT NULL,
  `taarifa_title` text,
  `taarifa_content` text,
  `date_added` timestamp NULL DEFAULT CURRENT_TIMESTAMP ON UPDATE CURRENT_TIMESTAMP,
  `date_occured` varchar(30) DEFAULT NULL,
  `is_taarifa` tinyint(1) NOT NULL DEFAULT '0',
  `added_by` varchar(30) DEFAULT NULL,
  PRIMARY KEY (`taarifa_id`),
  KEY `offence_no` (`offence_no`)
) ENGINE=InnoDB  DEFAULT CHARSET=latin1 AUTO_INCREMENT=24 ;

--
-- Dumping data for table `taarifa`
--

INSERT INTO `taarifa` (`taarifa_id`, `offence_no`, `station_id`, `rb_no`, `taarifa_title`, `taarifa_content`, `date_added`, `date_occured`, `is_taarifa`, `added_by`) VALUES
(1, 9, 18, 'KW/RB/000655/2015', NULL, NULL, '2015-01-24 07:46:49', NULL, 0, NULL),
(8, NULL, 18, 'KW/RB/000788/2015', NULL, NULL, '2015-01-24 08:27:57', NULL, 0, 'WP7298'),
(9, NULL, 18, 'KW/RB/000789/2015', NULL, NULL, '2015-01-24 08:49:04', NULL, 0, 'WP7298'),
(10, NULL, 18, 'KW/RB/000790/2015', NULL, NULL, '2015-01-24 09:03:32', NULL, 0, 'WP7298'),
(11, NULL, 18, 'KW/RB/000784/2015', NULL, NULL, '2015-01-24 09:24:37', NULL, 0, 'WP7298'),
(12, NULL, 18, 'KW/RB/000785/2015', NULL, NULL, '2015-01-24 09:50:10', NULL, 0, 'WP7298'),
(13, NULL, 18, 'KW/RB/000855/2015', NULL, NULL, '2015-01-26 13:11:20', NULL, 0, 'WP7298'),
(15, NULL, 18, 'KW/RB/000932/2015', NULL, NULL, '2015-01-28 09:15:03', NULL, 0, 'WP7298'),
(17, NULL, 18, 'KW/RB/000942/2015', NULL, NULL, '2015-01-28 12:14:33', NULL, 0, 'WP7298'),
(18, NULL, 18, 'KW/RB/000941/2015', NULL, NULL, '2015-01-28 12:26:00', NULL, 0, 'WP7298'),
(19, NULL, 18, 'KW/RB/000942/2015', 'nkupotea kwa mtoto', '     Mnamo tarehe 28/1/2015 ', '2015-01-29 16:55:19', '2015-01-28 23:52:00', 1, 'WP7298'),
(20, NULL, 18, 'KW/RB/000943/2015', 'nkupotea kwa mtoto', '     weee', '2015-01-30 09:21:18', '2015-01-30 01:01:00', 1, 'WP7298'),
(21, NULL, 18, 'KW/RB/000944/2015', NULL, NULL, '2015-01-30 09:25:02', NULL, 0, 'WP7298'),
(22, NULL, 18, 'KW/RB/000945/2015', 'Kupoteza kitambulisho', 'Maelezo', '2015-02-19 09:33:18', '2015-02-18 00:00:00', 1, 'WP7298'),
(23, NULL, 18, 'KW/RB/000946/2015', NULL, NULL, '2015-02-19 09:39:47', NULL, 0, 'WP7298');

-- --------------------------------------------------------

--
-- Table structure for table `taarifazakimahakama`
--

CREATE TABLE IF NOT EXISTS `taarifazakimahakama` (
  `id` int(10) NOT NULL AUTO_INCREMENT,
  `taarifa_description` varchar(100) NOT NULL,
  PRIMARY KEY (`id`)
) ENGINE=InnoDB  DEFAULT CHARSET=latin1 AUTO_INCREMENT=4 ;

--
-- Dumping data for table `taarifazakimahakama`
--

INSERT INTO `taarifazakimahakama` (`id`, `taarifa_description`) VALUES
(1, 'Mtuhumiwa Kasomewa Mashitaka'),
(2, 'Kesi imeahirishwa'),
(3, 'Kesi imefungwa');

-- --------------------------------------------------------

--
-- Table structure for table `tribes`
--

CREATE TABLE IF NOT EXISTS `tribes` (
  `tribe_id` int(11) NOT NULL AUTO_INCREMENT,
  `tribe_name` varchar(30) NOT NULL,
  PRIMARY KEY (`tribe_id`)
) ENGINE=InnoDB  DEFAULT CHARSET=latin1 AUTO_INCREMENT=119 ;

--
-- Dumping data for table `tribes`
--

INSERT INTO `tribes` (`tribe_id`, `tribe_name`) VALUES
(1, 'alagwa'),
(2, 'Abakuria'),
(3, 'bembe'),
(4, 'bena'),
(5, 'bende'),
(6, 'bondei'),
(7, 'bungu'),
(8, 'burunge'),
(9, 'chagga'),
(10, 'datoga'),
(11, 'dhaiso'),
(12, 'digo'),
(13, 'doe'),
(14, 'fipa'),
(15, 'gogo'),
(16, 'gorowa'),
(17, 'gweno'),
(18, 'Waha'),
(19, 'hangaza'),
(20, 'haya'),
(21, 'hehe'),
(22, 'ikizu'),
(23, 'ikoma'),
(24, 'iraqw'),
(25, 'isanzu'),
(26, 'jita'),
(27, 'kabwa'),
(28, 'kaguru'),
(29, 'kahe'),
(30, 'kami'),
(31, 'kara'),
(32, 'Wakerewe'),
(33, 'Wakimbu'),
(34, 'Wakinga'),
(35, 'Wakisi'),
(36, 'Wakonongo'),
(37, 'Wakuria'),
(38, 'Wakutu'),
(39, 'Wakwaya'),
(40, 'Wakwere'),
(41, 'Walambya'),
(42, 'Waluguru'),
(43, 'Waluo'),
(44, 'Wamachinga'),
(45, 'Wamagoma'),
(46, 'makonde'),
(47, 'makua'),
(48, 'makwe'),
(49, 'malila'),
(50, 'mambwe'),
(51, 'matengo'),
(52, 'matumbi'),
(53, 'mbugwe'),
(54, 'mbunga'),
(55, 'mpoto'),
(56, 'mwera'),
(57, 'ndali'),
(58, 'ndamba'),
(59, 'ndendeule'),
(60, 'ndengereko'),
(61, 'ndonde'),
(62, 'ngindo'),
(63, 'ngoni'),
(64, 'ngulu'),
(65, 'ngurimi'),
(66, 'nindi'),
(67, 'nyakyusa'),
(68, 'nyambo'),
(69, 'nyamwanga'),
(70, 'nyamwezi'),
(71, 'nyaturu'),
(72, 'nyiha'),
(73, 'pangwa'),
(74, 'pimbwe'),
(75, 'pogolo'),
(76, 'rangi'),
(77, 'rufiji'),
(78, 'rungi'),
(79, 'rungu'),
(80, 'rungwa'),
(81, 'rwa'),
(82, 'safwa'),
(83, 'sagara'),
(84, 'sandawe'),
(85, 'sangu '),
(86, 'segeju'),
(87, 'shambaa'),
(88, 'shubi'),
(89, 'sizaki'),
(90, 'suba'),
(91, 'sukuma'),
(92, 'sumbwa'),
(93, 'swahili'),
(94, 'temi'),
(95, 'tiriko'),
(96, 'tongwe'),
(97, 'tumbuka'),
(98, 'vidunda'),
(99, 'vinza'),
(100, 'Waarusha'),
(101, 'manyema'),
(102, 'mbugu'),
(103, 'wanda'),
(104, 'wanji'),
(105, 'ogiek'),
(106, 'ware'),
(107, 'yao'),
(108, 'zanaki'),
(109, 'zaramo'),
(110, 'zigula'),
(111, 'zinza'),
(112, 'zyoba'),
(113, 'manda'),
(114, 'nyasa'),
(115, 'kisi'),
(116, 'pare'),
(117, 'Mwarabu'),
(118, 'Others');

-- --------------------------------------------------------

--
-- Table structure for table `type_id`
--

CREATE TABLE IF NOT EXISTS `type_id` (
  `type_id` int(11) NOT NULL,
  `type_name` varchar(30) NOT NULL,
  PRIMARY KEY (`type_id`)
) ENGINE=InnoDB DEFAULT CHARSET=latin1;

--
-- Dumping data for table `type_id`
--

INSERT INTO `type_id` (`type_id`, `type_name`) VALUES
(1, 'Kitambulisho cha Kupiga kura'),
(2, 'Kitambulisho cha Mkazi'),
(3, 'Kitambulisho cha Kazi'),
(4, 'Leseni ya Gari'),
(5, 'Kitambulisho cha Taifa'),
(6, 'Hana');

-- --------------------------------------------------------

--
-- Table structure for table `users`
--

CREATE TABLE IF NOT EXISTS `users` (
  `id` int(11) NOT NULL AUTO_INCREMENT,
  `force_no` varchar(30) NOT NULL,
  `password` varchar(120) NOT NULL,
  `fname` varchar(30) NOT NULL,
  `midname` varchar(30) NOT NULL,
  `lname` varchar(30) NOT NULL,
  `mobile_no` varchar(30) NOT NULL,
  `user_typeid` int(10) NOT NULL,
  `station_id` int(10) NOT NULL,
  `user_statusid` int(10) NOT NULL,
  PRIMARY KEY (`id`),
  UNIQUE KEY `force_no` (`force_no`),
  KEY `fk_users_1_idx` (`user_statusid`),
  KEY `fk_users_2_idx` (`station_id`),
  KEY `fk_users_3_idx` (`user_typeid`),
  KEY `user_typeid` (`user_typeid`),
  KEY `user_typeid_2` (`user_typeid`),
  KEY `user_statusid` (`user_statusid`)
) ENGINE=InnoDB  DEFAULT CHARSET=latin1 AUTO_INCREMENT=21 ;

--
-- Dumping data for table `users`
--

INSERT INTO `users` (`id`, `force_no`, `password`, `fname`, `midname`, `lname`, `mobile_no`, `user_typeid`, `station_id`, `user_statusid`) VALUES
(1, 'T222BBB', '8cb2237d0679ca88db6464eac60da96345513964', 'Tumainiel', 'Elifuraha', 'Mbwambo', '+255713393762', 8, 18, 1),
(2, 'T111AAA', '8cb2237d0679ca88db6464eac60da96345513964', 'Joseph', 'Michael', 'Shirima', '+255715111112', 1, 17, 1),
(3, 'WP7298', '8cb2237d0679ca88db6464eac60da96345513964', 'Pauline', 'Vitus', 'Mlolere', ' 255713706941', 1, 18, 1),
(5, 'T232313', '8cb2237d0679ca88db6464eac60da96345513964', 'Emmanuel', 'Sungura', 'Moses', ' 255713792932', 12, 1, 1),
(6, '1234', '8cb2237d0679ca88db6464eac60da96345513964', 'Thomas', 'S', 'Wenje', ' 255713792932', 6, 1, 1),
(9, 'TB1234E', '8cb2237d0679ca88db6464eac60da96345513964', 'Charles', 'Kuwilwa', 'Nyaki', ' 255713792932', 1, 18, 1),
(10, 'T2323333', '8cb2237d0679ca88db6464eac60da96345513964', 'Emmanuel', 'Nassib', 'Diamond', ' 255767015170', 1, 1, 1),
(11, '34546', '8cb2237d0679ca88db6464eac60da96345513964', 'Emmanuel', 'S', 'Raphael', 'T222BBB', 3, 17, 1),
(14, '123467686', '8cb2237d0679ca88db6464eac60da96345513964', 'Emmanuel', 'Shabani', 'Wenje', '+255713792932', 4, 17, 1),
(15, 'ww3434', '8cb2237d0679ca88db6464eac60da96345513964', 'Thomas', 'Shabani', 'Wenje', '+255713792932', 1, 1, 1),
(16, 'IGP', '8cb2237d0679ca88db6464eac60da96345513964', 'IGP', 'ERNEST', 'Mangu', '+255713792932', 14, 1, 1),
(17, 'OCS', '8cb2237d0679ca88db6464eac60da96345513964', 'OCS', 'Pamphil', 'Mholery', '', 2, 18, 1),
(19, 'user', '8cb2237d0679ca88db6464eac60da96345513964', 'Occid fname', '', 'Lname', '', 7, 18, 1),
(20, 'rpc', '8cb2237d0679ca88db6464eac60da96345513964', 'Rpc fname', '', 'Lname', '', 3, 18, 1);

-- --------------------------------------------------------

--
-- Table structure for table `user_status`
--

CREATE TABLE IF NOT EXISTS `user_status` (
  `userstatus_id` int(11) NOT NULL AUTO_INCREMENT,
  `userstatus_name` varchar(30) NOT NULL,
  PRIMARY KEY (`userstatus_id`)
) ENGINE=InnoDB  DEFAULT CHARSET=latin1 AUTO_INCREMENT=3 ;

--
-- Dumping data for table `user_status`
--

INSERT INTO `user_status` (`userstatus_id`, `userstatus_name`) VALUES
(1, 'Active'),
(2, 'Inactive');

-- --------------------------------------------------------

--
-- Table structure for table `user_types`
--

CREATE TABLE IF NOT EXISTS `user_types` (
  `user_typeid` int(11) NOT NULL AUTO_INCREMENT,
  `user_typename` varchar(100) NOT NULL,
  `user_controller` varchar(30) NOT NULL,
  PRIMARY KEY (`user_typeid`)
) ENGINE=InnoDB  DEFAULT CHARSET=latin1 AUTO_INCREMENT=15 ;

--
-- Dumping data for table `user_types`
--

INSERT INTO `user_types` (`user_typeid`, `user_typename`, `user_controller`) VALUES
(1, 'Charge Room Officer', 'cro'),
(2, 'OCS', 'ocs'),
(3, 'occid', 'occid'),
(4, 'ocd', 'ocd'),
(5, 'rco', 'rco'),
(6, 'rpc', 'rpc'),
(7, 'csu_hq', 'hq'),
(8, 'System Admin', 'admin'),
(9, 'csu_hqx', 'csuhqx'),
(10, 'csu_hqy', 'csuhqy'),
(11, 'csu_hqz', 'csuhqz'),
(12, 'Director of Criminal Investigation', 'dci'),
(13, 'Mkurungezi  wa Mashitaka', 'dpp'),
(14, 'Inspector General of Police', 'igp');

-- --------------------------------------------------------

--
-- Table structure for table `vehicle_subcategory`
--

CREATE TABLE IF NOT EXISTS `vehicle_subcategory` (
  `vehicle_subcategId` int(5) NOT NULL AUTO_INCREMENT,
  `vehicle_subcategname` varchar(100) NOT NULL,
  `vehiclesub_typeid` int(5) NOT NULL,
  PRIMARY KEY (`vehicle_subcategId`),
  KEY `vehicle_typeid` (`vehiclesub_typeid`)
) ENGINE=InnoDB  DEFAULT CHARSET=latin1 AUTO_INCREMENT=26 ;

--
-- Dumping data for table `vehicle_subcategory`
--

INSERT INTO `vehicle_subcategory` (`vehicle_subcategId`, `vehicle_subcategname`, `vehiclesub_typeid`) VALUES
(1, 'Toyota', 1),
(2, 'Nissan', 1),
(3, 'Honda', 1),
(4, 'Mazda', 1),
(5, 'Mitsubushi', 1),
(6, 'Subaru', 1),
(7, 'Suzuki', 1),
(8, 'Daihatsu', 1),
(9, 'Hino', 1),
(15, 'Audi', 1),
(16, 'Ford', 1),
(17, 'Jeep', 1),
(18, 'Kia', 1),
(19, 'Jaquar', 1),
(20, 'Volvo', 1),
(21, 'Land Rover', 1),
(22, 'Bmw', 1),
(23, 'Boxer', 2),
(24, 'Hero Dawn', 2),
(25, 'Fekon', 2);

-- --------------------------------------------------------

--
-- Table structure for table `vehicle_type`
--

CREATE TABLE IF NOT EXISTS `vehicle_type` (
  `vehicle_typeId` int(5) NOT NULL AUTO_INCREMENT,
  `vehicle_name` varchar(100) NOT NULL,
  PRIMARY KEY (`vehicle_typeId`)
) ENGINE=InnoDB  DEFAULT CHARSET=latin1 AUTO_INCREMENT=8 ;

--
-- Dumping data for table `vehicle_type`
--

INSERT INTO `vehicle_type` (`vehicle_typeId`, `vehicle_name`) VALUES
(1, 'Gari'),
(2, 'Pikipiki'),
(3, 'Bajaji'),
(4, 'Mtumbwi'),
(5, 'Meli'),
(6, 'Trekta'),
(7, 'Powertiller');

-- --------------------------------------------------------

--
-- Table structure for table `wahusika`
--

CREATE TABLE IF NOT EXISTS `wahusika` (
  `wahusika_id` int(45) NOT NULL AUTO_INCREMENT,
  `offence_no` int(40) NOT NULL,
  `wahusika_typeid` int(10) NOT NULL,
  `fname` varchar(45) NOT NULL,
  `midname` varchar(45) NOT NULL,
  `lname` varchar(45) NOT NULL,
  `nickname` varchar(45) DEFAULT NULL,
  `sex` varchar(45) NOT NULL,
  `age` varchar(45) NOT NULL,
  `nationality_id` int(10) NOT NULL,
  `tribe_id` int(11) NOT NULL,
  `address` varchar(45) NOT NULL,
  `phy_address` varchar(45) NOT NULL,
  `place_of_birth` varchar(45) NOT NULL,
  `mobile_no` varchar(45) DEFAULT NULL,
  `email` varchar(45) DEFAULT NULL,
  `religion_id` varchar(30) NOT NULL,
  `id_type` varchar(30) NOT NULL,
  `id_no` varchar(60) DEFAULT NULL,
  `maritalstatus_id` varchar(30) NOT NULL,
  `education_id` varchar(30) NOT NULL,
  `occupation_id` varchar(30) NOT NULL,
  `image` varchar(30) NOT NULL DEFAULT 'default',
  `closing_statusid` int(11) DEFAULT '0',
  PRIMARY KEY (`wahusika_id`)
) ENGINE=InnoDB  DEFAULT CHARSET=latin1 AUTO_INCREMENT=53 ;

--
-- Dumping data for table `wahusika`
--

INSERT INTO `wahusika` (`wahusika_id`, `offence_no`, `wahusika_typeid`, `fname`, `midname`, `lname`, `nickname`, `sex`, `age`, `nationality_id`, `tribe_id`, `address`, `phy_address`, `place_of_birth`, `mobile_no`, `email`, `religion_id`, `id_type`, `id_no`, `maritalstatus_id`, `education_id`, `occupation_id`, `image`, `closing_statusid`) VALUES
(33, 1, 1, 'Suleiman', 'Nasoro', 'Khamis', 'Suleiman', '1', '34', 153, 118, 'P.o.box 23050 Dar es salaam', '0', 'Pemba', '255652114584', 's.khamis81@gmail.com', '2', '4', '4001608595', '2', '5', '2', 'default', 0),
(34, 1, 1, 'Aisha', 'Yakubu', 'Shomary', '', '2', '41', 153, 70, 'Goba', '0', 'Msasani', '255653466607', '', '2', '3', '2555', '2', '4', '11', 'default', 0),
(35, 3, 1, 'Zein', 'Omary', 'Simba', 'Zeina', '1', '36', 153, 109, 'P. o. box 20741 Dar es salaam', '0', 'Kinondoni, Dar es salaam', '255756404080', 'omari.zeina@yahoo.com', '2', '3', '255', '1', '5', '2', 'default', 0),
(36, 4, 1, 'Jacob', '', 'Kinyaha', 'Jacob', '1', '42', 153, 9, 'Mbezi Beach, Dar es salaam', '0', 'Kilimanjaro', '255714029125', '', '1', '1', '255', '2', '3', '2', 'default', 0),
(37, 5, 1, 'Emmanuel', 'Anthony', 'Mweke', 'emmanuel', '1', '28', 84, 118, '75333 Dar es salaam', '0', 'Taveta count, Kenya', '0656046569', '', '1', '2', 'A064681', '1', '5', '1', 'default', 0),
(38, 6, 1, 'Nkinde', 'Charles', 'Mwakitalu', '', '2', '34', 153, 67, 'P.O.Box 7618 Dar es salaam', '0', 'Dar es salaam', ' 255713753113', '', '1', '4', '4001363871', '2', '5', '2', 'default', 0),
(39, 7, 1, 'Sufiani', 'Sulutani', 'Mkwanywe', '', '1', '40', 153, 70, 'Dar es salaam', '0', 'Temeke', ' 255652552888', 'mkwanywe@gmail.com', '2', '4', '4000753600', '2', '4', '15', 'default', 0),
(40, 9, 1, 'Prisca', 'Michael', 'Shirima', '', '2', '21', 153, 9, 'Dar es salaam', '0', 'Dar es salaam', '255718477570', 'priscasharpai@gmail.com', '1', '1', '002', '1', '5', '1', 'default', 0),
(44, 10, 1, 'Jacob', 'Gregory', 'Mogendi', '', '1', '29', 153, 37, 'Dar es salaam', '0', 'Mara', '0714553415', 'jacobmogendi@gmail.com', '1', '4', '4001862141', '1', '5', '1', 'default', 0),
(45, 11, 1, 'Charles', '-', 'Mlonda', 'Kanal Charles Mlonda', '1', '58', 153, 63, '-', '0', '-', '0754670164', '-', '1', '4', '-', '2', '5', '7', 'default', 0),
(46, 12, 1, 'Libent ', '-', 'Kalikawe', '-', '1', '56', 153, 20, '-', '0', 'Bukoba', '0754278754', '-', '1', '1', '-', '2', '4', '2', 'default', 0),
(47, 13, 1, 'Ambrose ', 'maiko', '-', '-', '1', '25', 153, 46, '-', '0', '-', '0712405470', '-', '1', '1', '-', '1', '4', '9', 'default', 0),
(48, 14, 1, 'Aisha ', '-', 'Ramadhani', '-', '2', '26', 153, 87, '-', '0', 'Tanga', '0712525282', '-', '2', '1', '-', '1', '3', '1', 'default', 0),
(49, 15, 1, 'Miraji', 'Hamis', 'Mwiru', '', '1', '20', 153, 52, '-', '0', 'Temeke', '0716396856', '-', '2', '6', '-', '1', '4', '11', 'default', 0),
(50, 16, 1, 'Stanley', 'Nicolas', 'Mushi', '', '1', '28', 153, 9, '-', '0', 'Hai kilimanjaro', '0718441608', '-', '1', '3', 'K5755', '2', '4', '7', 'default', 0),
(51, 17, 1, 'Eva', '-', 'Samson', '-', '2', '29', 153, 21, '-', '0', 'Iringa', '-', '-', '2', '6', '-', '2', '3', '2', 'default', 0),
(52, 18, 1, 'Victor', '-', 'Ally', '-', '1', '37', 153, 71, '-', '0', '-', '0783225000', '-', '1', '6', '-', '2', '4', '2', 'default', 0);

-- --------------------------------------------------------

--
-- Table structure for table `wahusika_taarifa`
--

CREATE TABLE IF NOT EXISTS `wahusika_taarifa` (
  `mtoa_taarifa_id` int(45) NOT NULL AUTO_INCREMENT,
  `taarifa_id` int(40) NOT NULL,
  `fname` varchar(45) NOT NULL,
  `midname` varchar(45) NOT NULL,
  `lname` varchar(45) NOT NULL,
  `nickname` varchar(45) DEFAULT NULL,
  `sex` varchar(45) NOT NULL,
  `age` varchar(45) NOT NULL,
  `nationality_id` int(10) NOT NULL,
  `tribe_id` int(11) NOT NULL,
  `address` varchar(45) NOT NULL,
  `phy_address` varchar(45) NOT NULL,
  `place_of_birth` varchar(45) NOT NULL,
  `mobile_no` varchar(45) DEFAULT NULL,
  `email` varchar(45) DEFAULT NULL,
  `religion_id` varchar(30) NOT NULL,
  `id_type` varchar(30) NOT NULL,
  `id_no` varchar(60) DEFAULT NULL,
  `maritalstatus_id` varchar(30) NOT NULL,
  `education_id` varchar(30) NOT NULL,
  `occupation_id` varchar(30) NOT NULL,
  `image` varchar(30) NOT NULL DEFAULT 'default',
  PRIMARY KEY (`mtoa_taarifa_id`)
) ENGINE=InnoDB  DEFAULT CHARSET=latin1 AUTO_INCREMENT=2 ;

--
-- Dumping data for table `wahusika_taarifa`
--

INSERT INTO `wahusika_taarifa` (`mtoa_taarifa_id`, `taarifa_id`, `fname`, `midname`, `lname`, `nickname`, `sex`, `age`, `nationality_id`, `tribe_id`, `address`, `phy_address`, `place_of_birth`, `mobile_no`, `email`, `religion_id`, `id_type`, `id_no`, `maritalstatus_id`, `education_id`, `occupation_id`, `image`) VALUES
(1, 22, 'Salma', 'ytr', 'Chobu', '', '2', '19', 153, 9, 'P.O.Box 1212', '0', 'Mwanza', ' 255713393762', '', '1', '4', '4356456456', '3', '4', '5', 'default');

-- --------------------------------------------------------

--
-- Table structure for table `wahusika_type`
--

CREATE TABLE IF NOT EXISTS `wahusika_type` (
  `wahusika_typeid` int(10) NOT NULL AUTO_INCREMENT,
  `wahusika_typename` varchar(120) NOT NULL,
  PRIMARY KEY (`wahusika_typeid`)
) ENGINE=InnoDB  DEFAULT CHARSET=latin1 AUTO_INCREMENT=4 ;

--
-- Dumping data for table `wahusika_type`
--

INSERT INTO `wahusika_type` (`wahusika_typeid`, `wahusika_typename`) VALUES
(1, '<span class="label label-success">Mlalamikaji</span>'),
(2, '<span class="label label-warning">Mtuhumiwa</span>'),
(3, '<span class="label label-success">Shahidi</span>');

-- --------------------------------------------------------

--
-- Table structure for table `ward`
--

CREATE TABLE IF NOT EXISTS `ward` (
  `ward_id` varchar(30) NOT NULL,
  `ward_name` varchar(45) NOT NULL,
  `district_id` varchar(30) NOT NULL,
  PRIMARY KEY (`ward_id`),
  KEY `fk_station_1_idx` (`district_id`)
) ENGINE=InnoDB DEFAULT CHARSET=latin1;

--
-- Dumping data for table `ward`
--

INSERT INTO `ward` (`ward_id`, `ward_name`, `district_id`) VALUES
('0', 'N/A', '0'),
('0101011', 'Bumbuta', '0101'),
('0101021', 'Pahi', '0101'),
('0101031', 'Busi', '0101'),
('0101041', 'Haubi', '0101'),
('0101051', 'Kalamba', '0101'),
('0101061', 'Kwadelo', '0101'),
('0101071', 'Masange', '0101'),
('0101081', 'Kikilo', '0101'),
('0101091', 'Bereko', '0101'),
('0101101', 'Kisese', '0101'),
('0101111', 'Kikore', '0101'),
('0101121', 'Serya', '0101'),
('0101133', 'Kilimani', '0101'),
('0101142', 'Chemchem', '0101'),
('0101151', 'Hondomairo', '0101'),
('0101161', 'Bolisa', '0101'),
('0101171', 'Kinyasi', '0101'),
('0101181', 'Salanka', '0101'),
('0101191', 'Itololo', '0101'),
('0101201', 'Itaswi', '0101'),
('0101211', 'Suruke', '0101'),
('0101221', 'Kingale', '0101'),
('0101232', 'Kondoa Mjini', '0101'),
('0101241', 'Kolo', '0101'),
('0101251', 'Changaa', '0101'),
('0101261', 'Thawi', '0101'),
('0101271', 'Mnenia', '0101'),
('0101281', 'Soera', '0101'),
('0102011', 'Mazae', '0102'),
('0102023', 'Ving''hawe', '0102'),
('0102031', 'Matomondo', '0102'),
('0102041', 'Kimagai', '0102'),
('0102053', 'Kibakwe', '0102'),
('0102061', 'Lumuma', '0102'),
('0102071', 'Luhundwa', '0102'),
('0102081', 'Massa', '0102'),
('0102091', 'Ipera', '0102'),
('0102101', 'Rudi', '0102'),
('0102111', 'Mlunduzi', '0102'),
('0102121', 'Wolta', '0102'),
('0102131', 'Mima', '0102'),
('0102141', 'Berege', '0102'),
('0102151', 'Chunyu', '0102'),
('0102161', 'Mbuga', '0102'),
('0102171', 'Godegode', '0102'),
('0102183', 'Mpwapwa Mjini', '0102'),
('0102191', 'Lupeta', '0102'),
('0102201', 'Gulwe', '0102'),
('0102211', 'Nghabi', '0102'),
('0102221', 'Chitemo', '0102'),
('0102231', 'Iwondo', '0102'),
('0102241', 'Kingiti', '0102'),
('0102251', 'Lufu', '0102'),
('0102261', 'Pwaga', '0102'),
('0102271', 'Galigali', '0102'),
('0102281', 'Mtera', '0102'),
('0102291', 'Chipogoro', '0102'),
('0102301', 'Malolo', '0102'),
('0103013', 'Kongwa', '0103'),
('0103021', 'Sejeli', '0103'),
('0103031', 'Hogoro', '0103'),
('0103041', 'Zoissa', '0103'),
('0103051', 'Mkoka', '0103'),
('0103061', 'Njoge', '0103'),
('0103071', 'Mtanana', '0103'),
('0103081', 'Pandambili', '0103'),
('0103091', 'Mlali', '0103'),
('0103101', 'Iduo', '0103'),
('0103111', 'Sagara', '0103'),
('0103123', 'Kibaigwa', '0103'),
('0103133', 'Ugogoni', '0103'),
('0103141', 'Chamkoroma', '0103'),
('0103151', 'Makawa', '0103'),
('0103161', 'Chitego', '0103'),
('0103171', 'Matongoro', '0103'),
('0103181', 'Ngomai', '0103'),
('0103191', 'Songambele', '0103'),
('0103201', 'Chiwe', '0103'),
('0103211', 'Lenjulu', '0103'),
('0103221', 'Nghumbi', '0103'),
('0104011', 'Haneti', '0104'),
('0104021', 'Segala', '0104'),
('0104031', 'Itiso', '0104'),
('0104041', 'Dabalo', '0104'),
('0104051', 'Membe', '0104'),
('0104061', 'Msanga', '0104'),
('0104071', 'Chinonwa', '0104'),
('0104083', 'Buigiri', '0104'),
('0104091', 'Majeleko', '0104'),
('0104101', 'Manchali', '0104'),
('0104111', 'Ikowa', '0104'),
('0104121', 'Msamalo', '0104'),
('0104131', 'Igandu', '0104'),
('0104141', 'Muungano', '0104'),
('0104151', 'Mvumi Makulu', '0104'),
('0104161', 'Handali', '0104'),
('0104173', 'Mvumi mission', '0104'),
('0104181', 'Idifu', '0104'),
('0104191', 'Makang''wa', '0104'),
('0104201', 'Iringa Mvumi Zamani', '0104'),
('0104211', 'Manzase', '0104'),
('0104221', 'Fufu', '0104'),
('0104231', 'Mlowa Bwawani', '0104'),
('0104241', 'Mpwayungu', '0104'),
('0104251', 'Nghambaku', '0104'),
('0104261', 'Chinugulu', '0104'),
('0104271', 'Manda', '0104'),
('0104281', 'Huzi', '0104'),
('0104291', 'Loje', '0104'),
('0104301', 'Chiboli', '0104'),
('0104311', 'Nhinhi', '0104'),
('0104321', 'Zajilwa', '0104'),
('0105012', 'Viwandani', '0105'),
('0105022', 'Uhuru', '0105'),
('0105032', 'Chamwino', '0105'),
('0105042', 'Kiwanja/Ndege', '0105'),
('0105052', 'Makole', '0105'),
('0105062', 'Miyuji', '0105'),
('0105071', 'Msalato', '0105'),
('0105081', 'Makutupora', '0105'),
('0105091', 'Chihanga', '0105'),
('0105101', 'Hombolo', '0105'),
('0105111', 'Ipala', '0105'),
('0105123', 'Nzuguni', '0105'),
('0105131', 'Dodoma  Makulu', '0105'),
('0105141', 'Mtumba', '0105'),
('0105151', 'Kikombo', '0105'),
('0105161', 'Ng''hong''honha', '0105'),
('0105171', 'Mpunguzi', '0105'),
('0105182', 'Tambukareli', '0105'),
('0105192', 'Kilimani', '0105'),
('0105202', 'Kikuyu Kusini', '0105'),
('0105212', 'Kikuyu Kaskazini', '0105'),
('0105221', 'Mkonze', '0105'),
('0105231', 'Mbabala', '0105'),
('0105241', 'Zuzu', '0105'),
('0105252', 'Hazina', '0105'),
('0105262', 'Madukani', '0105'),
('0105272', 'Majengo', '0105'),
('0105282', 'Kizota', '0105'),
('0105292', 'Nala', '0105'),
('0105301', 'Mbalawala', '0105'),
('0105311', 'Nityuka', '0105'),
('0105322', 'Chigogwe', '0105'),
('0105332', 'Chang''ombe', '0105'),
('0105341', 'Iyumbu', '0105'),
('0105351', 'Chahwa', '0105'),
('0105362', 'Mnadani', '0105'),
('0105372', 'Ipagala', '0105'),
('0106011', 'Makanda', '0106'),
('0106021', 'Lamaiti', '0106'),
('0106031', 'Babayu', '0106'),
('0106041', 'Zanka', '0106'),
('0106051', 'Msisi', '0106'),
('0106061', 'Mundemu', '0106'),
('0106071', 'Bahi', '0106'),
('0106081', 'Mpamantwa', '0106'),
('0106091', 'Ibihwa', '0106'),
('0106101', 'Ibihwa', '0106'),
('0106111', 'Kigwe', '0106'),
('0106121', 'Chikola', '0106'),
('0106131', 'Chipanga', '0106'),
('0106141', 'Chali', '0106'),
('0106151', 'Nondwa', '0106'),
('0106161', 'Mpalanga', '0106'),
('0106171', 'Ibugule', '0106'),
('0106181', 'Chibelela', '0106'),
('0106191', 'Mwitikira', '0106'),
('0106201', 'Mtitaa', '0106'),
('0107011', 'Makorongo', '0107'),
('0107021', 'Ovada', '0107'),
('0107031', 'Msaada', '0107'),
('0107041', 'Kimaha', '0107'),
('0107051', 'Churuku', '0107'),
('0107061', 'Songoro', '0107'),
('0107071', 'Mondo', '0107'),
('0107081', 'Dalai', '0107'),
('0107091', 'Jangalo', '0107'),
('0107103', 'Mrijo', '0107'),
('0107111', 'Chandama', '0107'),
('0107121', 'Goima', '0107'),
('0107131', 'Chemba', '0107'),
('0107141', 'Paranga', '0107'),
('0107151', 'Gwandi', '0107'),
('0107161', 'Farkwa', '0107'),
('0107171', 'Mpendo', '0107'),
('0107181', 'Sanzawa', '0107'),
('0107191', 'Kwamtoro', '0107'),
('0107201', 'Lalta', '0107'),
('0201011', 'Engaruka', '0201'),
('0201021', 'Selela', '0201'),
('0201031', 'Monduli Juu', '0201'),
('0201043', 'Engutoto', '0201'),
('0201052', 'Monduli Mjini', '0201'),
('0201061', 'Moita', '0201'),
('0201071', 'Sepeko', '0201'),
('0201081', 'Lolkisale', '0201'),
('0201091', 'Makuyuni', '0201'),
('0201101', 'Esilalei', '0201'),
('0201113', 'Mto wa Mbu', '0201'),
('0201121', 'Lepurko', '0201'),
('0201131', 'Meserani', '0201'),
('0201141', 'Mswakini', '0201'),
('0201151', 'Majengo', '0201'),
('0202011', 'Ngarenanyuki', '0202'),
('0202021', 'Leguruki', '0202'),
('0202033', 'King''ori', '0202'),
('0202043', 'Maji ya Chai', '0202'),
('0202053', 'Kikatiti', '0202'),
('0202061', 'Maroroni', '0202'),
('0202073', 'Makiba', '0202'),
('0202083', 'Mbuguni', '0202'),
('0202091', 'Kikwe', '0202'),
('0202103', 'Usa River', '0202'),
('0202113', 'Nkoaranga', '0202'),
('0202123', 'Poli', '0202'),
('0202131', 'Seela Sing''isi', '0202'),
('0202143', 'Akheri', '0202'),
('0202151', 'Nkoanrua', '0202'),
('0202161', 'Songoro', '0202'),
('0202171', 'Nkoarisambu', '0202'),
('0203012', 'Kati', '0203'),
('0203022', 'Kaloleni', '0203'),
('0203032', 'Sekei', '0203'),
('0203042', 'Kimandolu', '0203'),
('0203052', 'Baraa', '0203'),
('0203062', 'Oloirien', '0203'),
('0203072', 'Themi', '0203'),
('0203082', 'Lemara', '0203'),
('0203092', 'Terrat', '0203'),
('0203102', 'Sokon I', '0203'),
('0203112', 'Daraja 2', '0203'),
('0203122', 'Unga Ltd', '0203'),
('0203132', 'Sombetini', '0203'),
('0203142', 'Ngarenaro', '0203'),
('0203152', 'Levolos', '0203'),
('0203162', 'Engutoto', '0203'),
('0203172', 'Elerai', '0203'),
('0203182', 'Olasiti', '0203'),
('0203192', 'Moshono', '0203'),
('0204013', 'Karatu', '0204'),
('0204021', 'Endamarariek', '0204'),
('0204031', 'Buger', '0204'),
('0204041', 'Endabash', '0204'),
('0204051', 'Kansay', '0204'),
('0204061', 'Baray', '0204'),
('0204071', 'Mang''ola', '0204'),
('0204081', 'Daa', '0204'),
('0204091', 'Oldean', '0204'),
('0204101', 'Qurus', '0204'),
('0204111', 'Ganako', '0204'),
('0204121', 'Rhotia', '0204'),
('0204131', 'Mbulumbulu', '0204'),
('0204141', 'Endamaghang', '0204'),
('0205013', 'Orgosorok', '0205'),
('0205021', 'Tinaga', '0205'),
('0205031', 'Oldonyosambu', '0205'),
('0205041', 'Pinyinyi', '0205'),
('0205051', 'Sale', '0205'),
('0205061', 'Malambo', '0205'),
('0205071', 'Naiyobi', '0205'),
('0205081', 'Nainokanoka', '0205'),
('0205091', 'Olbalbal', '0205'),
('0205103', 'Ngorongoro', '0205'),
('0205111', 'Enduleni', '0205'),
('0205121', 'Kakesio', '0205'),
('0205131', 'Arash', '0205'),
('0205141', 'Soit-Sambu', '0205'),
('0205151', 'Enguserosambu', '0205'),
('0205163', 'Oloirien', '0205'),
('0205171', 'Samunge', '0205'),
('0205181', 'Alailelai', '0205'),
('0205191', 'Maalon', '0205'),
('0205201', 'Ololosokwan', '0205'),
('0205211', 'Oloipiri', '0205'),
('0206011', 'Oldonyosambu', '0206'),
('0206021', 'Olkokola', '0206'),
('0206031', 'Ilkiding''a', '0206'),
('0206041', 'Bangata', '0206'),
('0206053', 'Sokon II', '0206'),
('0206061', 'Oltoroto', '0206'),
('0206073', 'Moivo', '0206'),
('0206083', 'Kiranyi', '0206'),
('0206091', 'Kimnyaki', '0206'),
('0206101', 'Oltrumet', '0206'),
('0206111', 'Mwandeti', '0206'),
('0206121', 'Mussa', '0206'),
('0206131', 'Kisongo', '0206'),
('0206143', 'Mateves', '0206'),
('0206151', 'Oljoro', '0206'),
('0206161', 'Bwawani', '0206'),
('0206171', 'Nduruma', '0206'),
('0206181', 'Mlangarini', '0206'),
('0206191', 'Sambasha', '0206'),
('0206201', 'Olorieni', '0206'),
('0206213', 'Olmotonyi', '0206'),
('0207011', 'Ketumbeine', '0207'),
('0207021', 'Engikaret', '0207'),
('0207031', 'Eleng''ata Dapash', '0207'),
('0207041', 'Ilorienito', '0207'),
('0207051', 'Gelai Meirugoi', '0207'),
('0207061', 'Gelai lumbwa', '0207'),
('0207071', 'Matale', '0207'),
('0207081', 'Engarenaibor', '0207'),
('0207091', 'Mundarara', '0207'),
('0207101', 'Kimokouwa', '0207'),
('0207113', 'Namanga', '0207'),
('0207121', 'Orbomba', '0207'),
('0207132', 'Longido', '0207'),
('0207141', 'Tingatinga', '0207'),
('0207151', 'Olmolog', '0207'),
('0207161', 'Kamwanga', '0207'),
('0301011', 'Mamsera', '0301'),
('0301021', 'Mahida', '0301'),
('0301031', 'Mengwe', '0301'),
('0301041', 'Keni  Mengeni', '0301'),
('0301051', 'Aleni', '0301'),
('0301061', 'Shimbi', '0301'),
('0301071', 'Makiidi', '0301'),
('0301083', 'Kelamfua Mokala', '0301'),
('0301091', 'Ushiri ikuini', '0301'),
('0301101', 'Mrao keryo', '0301'),
('0301111', 'Kirwa keni', '0301'),
('0301121', 'Katangara mrere', '0301'),
('0301131', 'Kisale Msaranga', '0301'),
('0301141', 'Olele', '0301'),
('0301151', 'Kirongo samanga', '0301'),
('0301161', 'Kitirima kingachi', '0301'),
('0301171', 'Ubetu kahe', '0301'),
('0301181', 'Nanjara reha', '0301'),
('0301193', 'Tarakea- motamburu', '0301'),
('0301201', 'Motamburu kitendeni', '0301'),
('0301211', 'Marangu Kitowo', '0301'),
('0301221', 'Ngoyoni', '0301'),
('0301231', 'Manda', '0301'),
('0301243', 'Holili', '0301'),
('0302013', 'Kileo', '0302'),
('0302022', 'Mwanga', '0302'),
('0302031', 'Msangeni', '0302'),
('0302041', 'Kifula', '0302'),
('0302051', 'Kighare', '0302'),
('0302061', 'Kirongwe', '0302'),
('0302071', 'Kwakoa', '0302'),
('0302083', 'Lembeni', '0302'),
('0302091', 'Jipe', '0302'),
('0302101', 'Mwaniko', '0302'),
('0302111', 'Chomvu', '0302'),
('0302121', 'Ngujini', '0302'),
('0302133', 'Kirya', '0302'),
('0302141', 'Kilomeni', '0302'),
('0302151', 'Shighatini', '0302'),
('0302163', 'Lang''ata', '0302'),
('0302171', 'Mgagao', '0302'),
('0302181', 'Toloha', '0302'),
('0302191', 'Kigonigoni', '0302'),
('0302201', 'Kivisini', '0302'),
('0303012', 'Same', '0303'),
('0303021', 'Ruvu', '0303'),
('0303031', 'Njoro', '0303'),
('0303043', 'Kisiwani', '0303'),
('0303051', 'Msindo', '0303'),
('0303061', 'Mshewa', '0303'),
('0303071', 'Mhezi', '0303'),
('0303083', 'Mwembe', '0303'),
('0303091', 'Vudee', '0303'),
('0303101', 'Vuje', '0303'),
('0303111', 'Bombo', '0303'),
('0303121', 'Mtii', '0303'),
('0303133', 'Maore', '0303'),
('0303143', 'Ndungu', '0303'),
('0303153', 'Kihurio', '0303'),
('0303163', 'Bendera', '0303'),
('0303171', 'Myamba', '0303'),
('0303181', 'Mpinji', '0303'),
('0303191', 'Bwambo', '0303'),
('0303201', 'Vunta', '0303'),
('0303211', 'Chome', '0303'),
('0303221', 'Suji', '0303'),
('0303233', 'Makanya', '0303'),
('0303243', 'Hedaru', '0303'),
('0303251', 'Kirangare', '0303'),
('0303262', 'Kisima', '0303'),
('0303272', 'Stesheni', '0303'),
('0303281', 'Vumari', '0303'),
('0303291', 'Mabilioni', '0303'),
('0303301', 'Kalemawe', '0303'),
('0303311', 'Lugulu', '0303'),
('0304011', 'Mwika kusini', '0304'),
('0304021', 'Mwika kaskazini', '0304'),
('0304031', 'Mamba kaskazini', '0304'),
('0304041', 'Mamba kusini', '0304'),
('0304051', 'Marangu mashariki', '0304'),
('0304061', 'Marangu magharibi', '0304'),
('0304073', 'Makuyuni', '0304'),
('0304081', 'Kilema kaskazini', '0304'),
('0304091', 'Kilema kusini', '0304'),
('0304101', 'Kirua vunjo mashariki', '0304'),
('0304111', 'Kirua vunjo Magharibi', '0304'),
('0304121', 'Kahe', '0304'),
('0304131', 'Kahe mashariki', '0304'),
('0304141', 'Old moshi mashariki', '0304'),
('0304151', 'Old moshi magharibi', '0304'),
('0304161', 'Mbokomu', '0304'),
('0304171', 'Uru mashariki', '0304'),
('0304181', 'Uru shimbwe', '0304'),
('0304191', 'Uru kusini', '0304'),
('0304201', 'Uru kaskazini', '0304'),
('0304211', 'Mabogini', '0304'),
('0304221', 'Arusha chini', '0304'),
('0304231', 'Kibosho mashariki', '0304'),
('0304241', 'Kibosho kati', '0304'),
('0304251', 'Kibosho Magharibi', '0304'),
('0304261', 'Kindi', '0304'),
('0304271', 'Kiruavunjo kusini', '0304'),
('0304281', 'Kirima', '0304'),
('0304291', 'Okaoni', '0304'),
('0304301', 'Kimochi', '0304'),
('0304311', 'Kilema kati', '0304'),
('0305011', 'Machame Mashariki', '0305'),
('0305021', 'Machame Kusini', '0305'),
('0305031', 'Machame kaskazini', '0305'),
('0305041', 'Machame Magharibi', '0305'),
('0305051', 'Machame Uroki', '0305'),
('0305061', 'Masama Mashariki', '0305'),
('0305071', 'Masama Magharibi', '0305'),
('0305083', 'Masama Kusini', '0305'),
('0305091', 'Masama Rundugai', '0305'),
('0305102', 'Hai Mjini', '0305'),
('0305111', 'Masama Kati', '0305'),
('0305121', 'Machame Weruweru', '0305'),
('0305133', 'KIA', '0305'),
('0305141', 'Machame Narumu', '0305'),
('0306012', 'Kilimanjaro', '0306'),
('0306022', 'Njoro', '0306'),
('0306032', 'Mji mpya', '0306'),
('0306042', 'Majengo', '0306'),
('0306052', 'Mawenzi', '0306'),
('0306062', 'Rau', '0306'),
('0306072', 'Korongoni', '0306'),
('0306082', 'Kiusa', '0306'),
('0306092', 'Bondeni', '0306'),
('0306102', 'Pasua', '0306'),
('0306112', 'Kaloleni', '0306'),
('0306122', 'Kiboriloni', '0306'),
('0306132', 'Msaranga', '0306'),
('0306142', 'Karanga', '0306'),
('0306152', 'Longuo B', '0306'),
('0306162', 'Miembeni', '0306'),
('0306172', 'Mfumuni', '0306'),
('0306182', 'Soweto', '0306'),
('0306192', 'Boma Mbuzi', '0306'),
('0306202', 'Ng''ambo', '0306'),
('0306212', 'Shirimatunda', '0306'),
('0307011', 'Ndumeti', '0307'),
('0307023', 'Ngarenairobi', '0307'),
('0307031', 'Gararagua', '0307'),
('0307042', 'Sanya juu', '0307'),
('0307051', 'Biriri', '0307'),
('0307061', 'Makiwaru', '0307'),
('0307071', 'Nasai', '0307'),
('0307081', 'Livishi', '0307'),
('0307091', 'Naeny', '0307'),
('0307101', 'Kashashi', '0307'),
('0307111', 'Karansi', '0307'),
('0307121', 'Olkolili', '0307'),
('0401012', 'Lushoto', '0401'),
('0401021', 'Gare', '0401'),
('0401031', 'Kwai', '0401'),
('0401041', 'Ubiri', '0401'),
('0401053', 'Soni', '0401'),
('0401061', 'Vuga', '0401'),
('0401071', 'Mponde', '0401'),
('0401081', 'Mamba', '0401'),
('0401091', 'Mbuzii', '0401'),
('0401101', 'Tamota', '0401'),
('0401111', 'Bumbuli', '0401'),
('0401121', 'Funta', '0401'),
('0401131', 'Mayo', '0401'),
('0401141', 'Baga', '0401'),
('0401151', 'Milingano', '0401'),
('0401161', 'Mgwashi', '0401'),
('0401171', 'Mtae', '0401'),
('0401181', 'Sunga', '0401'),
('0401191', 'Rangwi', '0401'),
('0401201', 'Mnazi', '0401'),
('0401211', 'Lunguza', '0401'),
('0401221', 'Mbaramo', '0401'),
('0401231', 'Mng''aro', '0401'),
('0401243', 'Mlalo', '0401'),
('0401251', 'Mwangoi', '0401'),
('0401261', 'Shume', '0401'),
('0401271', 'Malindi', '0401'),
('0401281', 'Hemtoye', '0401'),
('0401291', 'Malibwi', '0401'),
('0401301', 'Mlola', '0401'),
('0401311', 'Makanya', '0401'),
('0401321', 'Ngwelo', '0401'),
('0401331', 'Kilole', '0401'),
('0401341', 'Kwekanga', '0401'),
('0401351', 'Lukozi', '0401'),
('0401361', 'Manolo', '0401'),
('0401371', 'Dule M', '0401'),
('0401383', 'Kwemshasha', '0401'),
('0401391', 'Nkongoi', '0401'),
('0401401', 'Dule B', '0401'),
('0401411', 'Maheza ngulu', '0401'),
('0401421', 'Usambara', '0401'),
('0401431', 'Ngulwi', '0401'),
('0401441', 'Kwemashai', '0401'),
('0402011', 'M ashewa', '0402'),
('0402021', 'Kizara', '0402'),
('0402031', 'Magoma', '0402'),
('0402041', 'Kerenge', '0402'),
('0402051', 'Kwagunda', '0402'),
('0402063', 'Mnyuzi', '0402'),
('0402071', 'Vugiri', '0402'),
('0402081', 'Dindira', '0402'),
('0402091', 'Bungu', '0402'),
('0402101', 'Lutindi', '0402'),
('0402111', 'Makuyuni', '0402'),
('0402121', 'Chekelei', '0402'),
('0402133', 'Mombo', '0402'),
('0402141', 'Mkalamo', '0402'),
('0402153', 'Mazinde', '0402'),
('0402161', 'Mkomazi', '0402'),
('0402171', 'Kwashemshi', '0402'),
('0402181', 'Mpale', '0402'),
('0402191', 'Mswaha', '0402'),
('0402201', 'Magamba Kwalukonge', '0402'),
('0403011', 'Misozwe', '0403'),
('0403021', 'Pande Darajani', '0403'),
('0403031', 'Ngomeni', '0403'),
('0403041', 'Kigombe', '0403'),
('0403053', 'Lusanga', '0403'),
('0403061', 'Kicheba', '0403'),
('0403071', 'Magoroto', '0403'),
('0403081', 'Magila', '0403'),
('0403091', 'Mbaramo', '0403'),
('0403102', 'Majengo', '0403'),
('0403113', 'Masuguru', '0403'),
('0403121', 'Tingeni', '0403'),
('0403131', 'Kilulu', '0403'),
('0403141', 'Mkuzi', '0403'),
('0403151', 'Mtindiro', '0403'),
('0403161', 'Kwafungo', '0403'),
('0403171', 'Songa', '0403'),
('0403181', 'Bwembwera', '0403'),
('0403191', 'Potwe', '0403'),
('0403201', 'Nkumba', '0403'),
('0403211', 'Kisiwani', '0403'),
('0403221', 'Misalai', '0403'),
('0403231', 'Zirai', '0403'),
('0403241', 'Mbomole', '0403'),
('0403251', 'Amani', '0403'),
('0403261', 'Tongwe', '0403'),
('0403271', 'Mhamba', '0403'),
('0403281', 'Kwakifua', '0403'),
('0403291', 'Kwemkabala', '0403'),
('0403301', 'Genge', '0403'),
('0403311', 'Tanganyika', '0403'),
('0403321', 'Mpapayu', '0403'),
('0403331', 'Mlingoni', '0403'),
('0404012', 'Central', '0404'),
('0404022', 'Majengo', '0404'),
('0404032', 'Nguvumali', '0404'),
('0404042', 'Chumbageni', '0404'),
('0404052', 'Ngamiani Kaskazini', '0404'),
('0404062', 'Ngamiani Kati', '0404'),
('0404072', 'Ngamiani Kusini', '0404'),
('0404082', 'Usagara', '0404'),
('0404092', 'Makorora', '0404'),
('0404102', 'Mzingani', '0404'),
('0404112', 'Msambweni', '0404'),
('0404122', 'Mwanzange', '0404'),
('0404133', 'Tangasisi', '0404'),
('0404142', 'Mabawa', '0404'),
('0404151', 'Tongoni', '0404'),
('0404161', 'Marungu', '0404'),
('0404173', 'Pongwe', '0404'),
('0404181', 'Maweni', '0404'),
('0404192', 'Duga', '0404'),
('0404203', 'Mzizima', '0404'),
('0404211', 'Mabokweni', '0404'),
('0404221', 'Kirare', '0404'),
('0404231', 'Kiomoni', '0404'),
('0404241', 'Chongoleani', '0404'),
('0405013', 'Pangani Mashariki', '0405'),
('0405022', 'Pangani Magharibi', '0405'),
('0405031', 'Bweni', '0405'),
('0405041', 'Madanga', '0405'),
('0405051', 'Kimang''a', '0405'),
('0405061', 'Bushiri', '0405'),
('0405071', 'Mwera', '0405'),
('0405081', 'Tungamaa', '0405'),
('0405091', 'Kipumbwi', '0405'),
('0405101', 'Mikunguni', '0405'),
('0405111', 'Ubangaa', '0405'),
('0405121', 'Mkwaja', '0405'),
('0405131', 'Mkalamo', '0405'),
('0406011', 'Segera', '0406'),
('0406021', 'Ndolwa', '0406'),
('0406031', 'Mazingara', '0406'),
('0406041', 'Kwamsisi', '0406'),
('0406051', 'Kwasunga', '0406'),
('0406061', 'Kwaluguru', '0406'),
('0406071', 'Kang''ata', '0406'),
('0406081', 'Kwankonje', '0406'),
('0406091', 'Kwachaga', '0406'),
('0406101', 'Sindeni', '0406'),
('0406111', 'Misima', '0406'),
('0406121', 'Kiva', '0406'),
('0406131', 'Kabuku', '0406'),
('0406141', 'Kwamatuku', '0406'),
('0406151', 'Kwedizinga', '0406'),
('0406161', 'Mgambo', '0406'),
('0406171', 'Komkonga', '0406'),
('0406181', 'Mkata', '0406'),
('0406191', 'Kabuku ndani', '0406'),
('0406201', 'Kwamgwe', '0406'),
('0407011', 'Lwande', '0407'),
('0407021', 'Kikunde', '0407'),
('0407031', 'Songe', '0407'),
('0407041', 'Pagwi', '0407'),
('0407051', 'Masagulu', '0407'),
('0407061', 'Kimbe', '0407'),
('0407071', 'Kilindi', '0407'),
('0407081', 'Negero', '0407'),
('0407091', 'Mkindi', '0407'),
('0407101', 'Mvungwe', '0407'),
('0407111', 'Kwediboma', '0407'),
('0407121', 'Saunyi', '0407'),
('0407131', 'Jaila', '0407'),
('0407141', 'Msanja', '0407'),
('0407151', 'Kisangasa', '0407'),
('0407161', 'Mabalanga', '0407'),
('0407171', 'Kibirashi', '0407'),
('0407181', 'Kilwa', '0407'),
('0407191', 'Tunguli', '0407'),
('0407201', 'Kwekivu', '0407'),
('0408011', 'Mwakijembe', '0408'),
('0408021', 'Mkinga', '0408'),
('0408031', 'Duga', '0408'),
('0408041', 'Moa', '0408'),
('0408051', 'Manza', '0408'),
('0408061', 'Kwale', '0408'),
('0408071', 'Mtimbwani', '0408'),
('0408081', 'Gombero', '0408'),
('0408091', 'Mhinduro', '0408'),
('0408103', 'Maramba', '0408'),
('0408111', 'Kigongoi', '0408'),
('0408121', 'Daluni', '0408'),
('0408131', 'Bosha', '0408'),
('0408141', 'Mapatano', '0408'),
('0408151', 'Bwiti', '0408'),
('0408161', 'Mnyenzani', '0408'),
('0408171', 'Doda', '0408'),
('0408181', 'Boma', '0408'),
('0408191', 'Parungu  Kasera', '0408'),
('0408201', 'Mayomboni', '0408'),
('0408211', 'Sigaya', '0408'),
('0409013', 'Ngombezi', '0409'),
('0409022', 'Mtonga', '0409'),
('0409032', 'Magunga', '0409'),
('0409041', 'Kwamndolwa', '0409'),
('0409052', 'Old Korogwe', '0409'),
('0409062', 'Manundu', '0409'),
('0409072', 'Kilole', '0409'),
('0409081', 'Kwamsisi', '0409'),
('0410012', 'Malezi', '0410'),
('0410022', 'kwenjugo', '0410'),
('0410032', 'Mabanda', '0410'),
('0410042', 'Konje', '0410'),
('0410052', 'Mlimani', '0410'),
('0410062', 'Msasa', '0410'),
('0410072', 'Kideleko', '0410'),
('0410082', 'Kwamagome', '0410'),
('0410092', 'Vibaoni', '0410'),
('0410102', 'Chanika', '0410'),
('0410112', 'Mdoe', '0410'),
('0410122', 'Kwediyamba', '0410'),
('0501011', 'Mabula', '0501'),
('0501021', 'Maguha', '0501'),
('0501031', 'Berega', '0501'),
('0501043', 'Magubike', '0501'),
('0501051', 'Mamboya', '0501'),
('0501063', 'Dumila', '0501'),
('0501073', 'Magole', '0501'),
('0501083', 'Msowero', '0501'),
('0501091', 'Rudewa', '0501'),
('0501101', 'Chanzulu', '0501'),
('0501112', 'Kimamba A', '0501'),
('0501122', 'Kimamba B', '0501'),
('0501132', 'Mbumi', '0501'),
('0501142', 'Mkwatani', '0501'),
('0501152', 'Magomeni', '0501'),
('0501162', 'Kasiki', '0501'),
('0501171', 'Mabwerebwere', '0501'),
('0501181', 'Kilangali', '0501'),
('0501193', 'Mikumi', '0501'),
('0501201', 'Ruhembe', '0501'),
('0501213', 'Kidodi', '0501'),
('0501221', 'Vidunda', '0501'),
('0501231', 'Malolo', '0501'),
('0501243', 'Kisanga', '0501'),
('0501251', 'Uleling`ombe', '0501'),
('0501261', 'Ulaya', '0501'),
('0501271', 'Zombo', '0501'),
('0501281', 'Lumuma', '0501'),
('0501291', 'Masanze', '0501'),
('0501301', 'Kidete', '0501'),
('0501311', 'Lumbiji', '0501'),
('0501321', 'Kitete', '0501'),
('0501331', 'Madoto', '0501'),
('0501341', 'Tindiga', '0501'),
('0501353', 'Ruaha', '0501'),
('0502011', 'Kasanga', '0502'),
('0502021', 'Kolero', '0502'),
('0502031', 'Mvuha', '0502'),
('0502041', 'Selembala', '0502'),
('0502051', 'Bwakila chini', '0502'),
('0502061', 'Bwakila juu', '0502'),
('0502071', 'Kisaki', '0502'),
('0502081', 'Mngazi', '0502'),
('0502091', 'Singisa', '0502'),
('0502101', 'Mkambarani', '0502'),
('0502111', 'Mikese', '0502'),
('0502121', 'Kidugalo', '0502'),
('0502131', 'Mkulazi', '0502'),
('0502143', 'Ngerengere', '0502'),
('0502151', 'Tununguo', '0502'),
('0502161', 'Kinole', '0502'),
('0502171', 'Kiroka', '0502'),
('0502181', 'Mkuyuni', '0502'),
('0502191', 'Tegetero', '0502'),
('0502201', 'Kibogwa', '0502'),
('0502211', 'Kibungo Juu', '0502'),
('0502223', 'Kisemu', '0502'),
('0502231', 'Lundi', '0502'),
('0502241', 'Mtombozi', '0502'),
('0502251', 'Tawa', '0502'),
('0502261', 'Matuli', '0502'),
('0502271', 'Gwata', '0502'),
('0502281', 'Konde', '0502'),
('0502291', 'Bungu', '0502'),
('0503013', 'Kidatu', '0503'),
('0503021', 'Sanje', '0503'),
('0503031', 'Mkula', '0503'),
('0503043', 'Mang''ula', '0503'),
('0503051', 'Kisawasawa', '0503'),
('0503061', 'Kiberege', '0503'),
('0503073', 'Kibaoni', '0503'),
('0503083', 'Ifakara', '0503'),
('0503091', 'Lumemo', '0503'),
('0503101', 'Idete', '0503'),
('0503111', 'Mbingu', '0503'),
('0503121', 'Mofu', '0503'),
('0503131', 'Mchombe', '0503'),
('0503141', 'Chita', '0503'),
('0503151', 'Chisano', '0503'),
('0503163', 'Mlimba', '0503'),
('0503171', 'Utengule', '0503'),
('0503181', 'Masagati', '0503'),
('0503191', 'Uchindile', '0503'),
('0504011', 'Minepa', '0504'),
('0504023', 'Lupiro', '0504'),
('0504031', 'Kichangani', '0504'),
('0504041', 'Msongezi', '0504'),
('0504053', 'Vigoi', '0504'),
('0504062', 'Mahenge', '0504'),
('0504071', 'Isongo', '0504'),
('0504081', 'Ruaha', '0504'),
('0504091', 'Chirombola', '0504'),
('0504101', 'Sali', '0504'),
('0504111', 'Euga', '0504'),
('0504123', 'Mwaya', '0504'),
('0504131', 'Lukande', '0504'),
('0504141', 'Mbuga', '0504'),
('0504151', 'Ilonga', '0504'),
('0504161', 'Kilosa kwa Mpepo', '0504'),
('0504171', 'Ngoheranga', '0504'),
('0504181', 'Biro', '0504'),
('0504193', 'Malinyi', '0504'),
('0504201', 'Sofi', '0504'),
('0504211', 'Usangule', '0504'),
('0504223', 'Mtimbira', '0504'),
('0504231', 'Itete', '0504'),
('0504241', 'Iragua', '0504'),
('0505012', 'Sabasaba', '0505'),
('0505022', 'Uwanja wa taifa', '0505'),
('0505032', 'K / Ndege', '0505'),
('0505042', 'Mji Mpya', '0505'),
('0505052', 'Kingo', '0505'),
('0505062', 'Mji Mkuu', '0505'),
('0505072', 'Sultan Area', '0505'),
('0505082', 'Mafiga', '0505'),
('0505092', 'Mazimbu', '0505'),
('0505102', 'Mwembesongo', '0505'),
('0505112', 'Kichangani', '0505'),
('0505122', 'Kilakala', '0505'),
('0505132', 'Boma', '0505'),
('0505142', 'Mlimani', '0505'),
('0505152', 'Mbuyuni', '0505'),
('0505162', 'Kingolwira', '0505'),
('0505173', 'Bigwa', '0505'),
('0505182', 'Mzinga', '0505'),
('0505192', 'Kihonda', '0505'),
('0506013', 'Mvomero', '0506'),
('0506021', 'Hembeti', '0506'),
('0506031', 'Maskati', '0506'),
('0506041', 'Kibati', '0506'),
('0506051', 'Sungaji', '0506'),
('0506063', 'Mhonda', '0506'),
('0506071', 'Diongoya', '0506'),
('0506083', 'Mtibwa', '0506'),
('0506091', 'Kanga', '0506'),
('0506101', 'Bunduki', '0506'),
('0506111', 'Kikeo', '0506'),
('0506123', 'Langali', '0506'),
('0506131', 'Tchenzema', '0506'),
('0506141', 'Mzumbe', '0506'),
('0506151', 'Mlali', '0506'),
('0506161', 'Doma', '0506'),
('0506171', 'Melela', '0506'),
('0507011', 'Chakwale', '0507'),
('0507021', 'Iyogwe', '0507'),
('0507031', 'Idibo', '0507'),
('0507041', 'Kibedya', '0507'),
('0507051', 'Msingisi', '0507'),
('0507063', 'Gairo', '0507'),
('0507071', 'Rubeho', '0507'),
('0507081', 'Mandege', '0507'),
('0507091', 'Chagongwe', '0507'),
('0507101', 'Chanjale', '0507'),
('0507111', 'Nongwe', '0507'),
('0601011', 'Kiwangwa', '0601'),
('0601021', 'Msata', '0601'),
('0601033', 'Miono', '0601'),
('0601041', 'Mkange', '0601'),
('0601053', 'Magomeni', '0601'),
('0601062', 'Dunda', '0601'),
('0601071', 'Kiromo', '0601'),
('0601081', 'Zinga', '0601'),
('0601091', 'Yombo', '0601'),
('0601101', 'Vigwaza', '0601'),
('0601111', 'Talawanda', '0601'),
('0601123', 'Bwilingu', '0601'),
('0601133', 'Lugoba', '0601'),
('0601141', 'Ubenazomozi', '0601'),
('0601153', 'Mbwewe', '0601'),
('0601161', 'Kibindu', '0601'),
('0601171', 'Fukayosi', '0601'),
('0601181', 'Kerege', '0601'),
('0601193', 'Pera', '0601'),
('0601203', 'Msoga', '0601'),
('0601211', 'Kimange', '0601'),
('0601221', 'Mandera', '0601'),
('0602011', 'Gwata', '0602'),
('0602021', 'Dutumi', '0602'),
('0602031', 'Magindu', '0602'),
('0602041', 'Soga', '0602'),
('0602051', 'Kikongo', '0602'),
('0602061', 'Ruvu', '0602'),
('0602073', 'Mlandizi', '0602'),
('0602081', 'Kwala', '0602'),
('0602093', 'Kilangalanga', '0602'),
('0602103', 'Janga', '0602'),
('0602111', 'Bokomnemela', '0602'),
('0603013', 'Kisarawe', '0603'),
('0603021', 'Msimbu', '0603'),
('0603031', 'Masaki', '0603'),
('0603041', 'Kibuta', '0603'),
('0603051', 'Marumbo', '0603'),
('0603063', 'Maneromango', '0603'),
('0603073', 'Msanga', '0603'),
('0603081', 'Marui', '0603'),
('0603091', 'Cholesamvula', '0603'),
('0603101', 'Vikumbulu', '0603'),
('0603111', 'Mafizi', '0603'),
('0603121', 'Kurui', '0603'),
('0603131', 'Mzenga', '0603'),
('0603141', 'Vihingo', '0603'),
('0603153', 'Kiluvya', '0603'),
('0604013', 'Mkuranga', '0604'),
('0604021', 'Tambani', '0604'),
('0604033', 'Vikindu', '0604'),
('0604041', 'Mbezi', '0604'),
('0604051', 'Shungubweni', '0604'),
('0604061', 'Kisiju', '0604'),
('0604071', 'Magawa', '0604'),
('0604081', 'Kitomondo', '0604'),
('0604091', 'Lukanga', '0604'),
('0604101', 'Mkanoge', '0604'),
('0604113', 'Kimanzichana', '0604'),
('0604121', 'Mkamba', '0604'),
('0604131', 'Panzuo', '0604'),
('0604141', 'Bupu', '0604'),
('0604153', 'Mwalusembe', '0604'),
('0604163', 'Vianzi', '0604'),
('0604171', 'Njia nne', '0604'),
('0604181', 'Kiparang''anda', '0604'),
('0605013', 'Ikwiriri', '0605'),
('0605023', 'Mgomba', '0605'),
('0605032', 'Umwe', '0605'),
('0605043', 'Utete', '0605'),
('0605051', 'Mkongo', '0605'),
('0605061', 'Ngorongo', '0605'),
('0605071', 'Mwaseni', '0605'),
('0605083', 'Kibiti', '0605'),
('0605093', 'Bungu', '0605'),
('0605101', 'Mahege', '0605'),
('0605111', 'Mchukwi', '0605'),
('0605121', 'Chumbi', '0605'),
('0605131', 'Mbwara', '0605'),
('0605141', 'Mtunda', '0605'),
('0605151', 'Ruaruke', '0605'),
('0605161', 'Salale', '0605'),
('0605171', 'Mbuchi', '0605'),
('0605181', 'Kiongoroni', '0605'),
('0605191', 'Maparoni', '0605'),
('0605203', 'Chemchem', '0605'),
('0605211', 'Ngarambe', '0605'),
('0605221', 'Dimani', '0605'),
('0605231', 'Mtawanya', '0605'),
('0605241', 'Mjawa', '0605'),
('0605251', 'Mlanzi', '0605'),
('0605261', 'Mwambao', '0605'),
('0606011', 'Kanga', '0606'),
('0606021', 'Kirongwe', '0606'),
('0606031', 'Baleni', '0606'),
('0606043', 'Kilindoni', '0606'),
('0606051', 'Miburani', '0606'),
('0606061', 'Kiegeani', '0606'),
('0606071', 'Jibondo', '0606'),
('0606081', 'Ndagoni', '0606'),
('0607012', 'Pangani', '0607'),
('0607022', 'Maili Moja', '0607'),
('0607032', 'Tumbi', '0607'),
('0607042', 'Picha ya Ndege', '0607'),
('0607052', 'Mkuza', '0607'),
('0607062', 'Kibaha', '0607'),
('0607072', 'Msangani', '0607'),
('0607082', 'Kongowe', '0607'),
('0607092', 'Misugusugu', '0607'),
('0607102', 'Visiga', '0607'),
('0607112', 'Mbwawa', '0607'),
('0701012', 'Magomeni', '0701'),
('0701022', 'Makurumla', '0701'),
('0701032', 'Ndugumbi', '0701'),
('0701042', 'Tandale', '0701'),
('0701052', 'Mwananyamala', '0701'),
('0701062', 'Msasani', '0701'),
('0701072', 'Kinondoni', '0701'),
('0701082', 'Mzimuni', '0701'),
('0701092', 'Kigogo', '0701'),
('0701102', 'Mabibo', '0701'),
('0701112', 'Manzese', '0701'),
('0701122', 'Ubungo', '0701'),
('0701132', 'Kibamba', '0701'),
('0701142', 'Goba', '0701'),
('0701152', 'Kawe', '0701'),
('0701162', 'Kunduchi', '0701'),
('0701172', 'Mbweni', '0701'),
('0701182', 'Bunju', '0701'),
('0701192', 'Makuburi', '0701'),
('0701202', 'Mburahati', '0701'),
('0701212', 'Makumbusho', '0701'),
('0701222', 'Sinza', '0701'),
('0701232', 'Kijitonyama', '0701'),
('0701242', 'Kimara', '0701'),
('0701252', 'Mikocheni', '0701'),
('0701262', 'Mbezi', '0701'),
('0701272', 'Hananasif', '0701'),
('0701282', 'Saranga', '0701'),
('0701292', 'Kwembe', '0701'),
('0701302', 'Msigani', '0701'),
('0701312', 'Mbezi juu', '0701'),
('0701322', 'Makongo', '0701'),
('0701332', 'Mabwepande', '0701'),
('0701342', 'Wazo', '0701'),
('0702012', 'Ukonga', '0702'),
('0702022', 'Pugu', '0702'),
('0702032', 'Msongola', '0702'),
('0702042', 'Tabata', '0702'),
('0702052', 'Kinyerezi', '0702'),
('0702062', 'Ilala', '0702'),
('0702072', 'Mchikichini', '0702'),
('0702082', 'Vingunguti', '0702'),
('0702092', 'Kipawa', '0702'),
('0702102', 'Buguruni', '0702'),
('0702112', 'Kariakoo', '0702'),
('0702122', 'Jangwani', '0702'),
('0702132', 'Gerezani', '0702'),
('0702142', 'Kisutu', '0702'),
('0702152', 'Mchafukoge', '0702'),
('0702162', 'Upanga Mashariki', '0702'),
('0702172', 'Upanga Magharibi', '0702'),
('0702182', 'Kivukoni', '0702'),
('0702192', 'Kiwalani', '0702'),
('0702202', 'Segerea', '0702'),
('0702212', 'Kitunda', '0702'),
('0702222', 'Chanika', '0702'),
('0702232', 'Kivule', '0702'),
('0702242', 'G/Mboto', '0702'),
('0702252', 'Majohe', '0702'),
('0702262', 'Kimanga', '0702'),
('0703012', 'Kigamboni', '0703'),
('0703022', 'Vijibweni', '0703'),
('0703032', 'Kibada', '0703'),
('0703042', 'Kisarawe II', '0703'),
('0703052', 'Somangila', '0703'),
('0703062', 'Kimbiji', '0703'),
('0703072', 'Mbagala', '0703'),
('0703082', 'Chamazi', '0703'),
('0703092', 'Yombo vituka', '0703'),
('0703102', 'Charambe', '0703'),
('0703112', 'Toangoma', '0703'),
('0703122', 'Miburani', '0703'),
('0703132', 'Temeke', '0703'),
('0703142', 'Mtoni', '0703'),
('0703152', 'Keko', '0703'),
('0703162', 'Kurasini', '0703'),
('0703172', 'Azimio', '0703'),
('0703182', 'Tandika', '0703'),
('0703192', 'Sandali', '0703'),
('0703202', 'Chang''ombe', '0703'),
('0703212', 'Mbagala kuu', '0703'),
('0703222', 'Makangarawe', '0703'),
('0703232', 'Pembamnazi', '0703'),
('0703242', 'Mjimwema', '0703'),
('0703252', 'Tungi', '0703'),
('0703262', 'Kijichi', '0703'),
('0703272', 'Mianzini', '0703'),
('0703282', 'Kiburugwa', '0703'),
('0703292', 'Buza', '0703'),
('0703302', 'Kilakala', '0703'),
('0801011', 'Tingi', '0801'),
('0801021', 'Miteja', '0801'),
('0801031', 'Mingumbi', '0801'),
('0801041', 'Kinjumbi', '0801'),
('0801051', 'Chumo', '0801'),
('0801061', 'Kipatimu', '0801'),
('0801071', 'Kandawale', '0801'),
('0801081', 'Njinjo', '0801'),
('0801091', 'Mitole', '0801'),
('0801101', 'Miguruwe', '0801'),
('0801111', 'Likawage', '0801'),
('0801121', 'Nanjirinji', '0801'),
('0801131', 'Kiranjeranje', '0801'),
('0801141', 'Mandawa', '0801'),
('0801151', 'Lihimalyao', '0801'),
('0801161', 'Pande Mikoma', '0801'),
('0801171', 'Kikole', '0801'),
('0801183', 'Kivinjesingino', '0801'),
('0801191', 'Songosongo', '0801'),
('0801202', 'Masoko', '0801'),
('0801211', 'Kibata', '0801'),
('0802011', 'Mipingo', '0802'),
('0802021', 'Kitomanga', '0802'),
('0802031', 'Mchinga', '0802'),
('0802041', 'Kilolambwani', '0802'),
('0802051', 'Kilangala', '0802'),
('0802063', 'Kiwalala', '0802'),
('0802071', 'Navanga', '0802'),
('0802081', 'Mnolela', '0802'),
('0802091', 'Sudi', '0802'),
('0802101', 'Nachunyu', '0802'),
('0802113', 'Mtama', '0802'),
('0802123', 'Nyangao', '0802'),
('0802131', 'Namupa', '0802'),
('0802141', 'Nyengedi', '0802'),
('0802151', 'Mtua', '0802'),
('0802161', 'Nahukahuka', '0802'),
('0802171', 'Nyangamara', '0802'),
('0802181', 'Mandwanga', '0802'),
('0802191', 'Mnara', '0802'),
('0802201', 'Chiponda', '0802'),
('0802211', 'Pangatena', '0802'),
('0802221', 'Longa', '0802'),
('0802231', 'Rutamba', '0802'),
('0802241', 'Milola', '0802'),
('0802251', 'Kiwawa', '0802'),
('0802261', 'Mtumbya', '0802'),
('0802271', 'Matimba', '0802'),
('0802281', 'Nangaru', '0802'),
('0802293', 'Majengo', '0802'),
('0802301', 'Namangwale', '0802'),
('0803012', 'Nambambo', '0803'),
('0803023', 'Kilimahewa', '0803'),
('0803031', 'Ruponda', '0803'),
('0803041', 'Mneromiembeni', '0803'),
('0803051', 'Namapwia', '0803'),
('0803061', 'Kiparamnero', '0803'),
('0803071', 'Lionja', '0803'),
('0803081', 'Namikango', '0803'),
('0803091', 'Nditi', '0803'),
('0803101', 'Kilimarondo', '0803'),
('0803111', 'Mbondo', '0803'),
('0803121', 'Kiegei', '0803'),
('0803131', 'Mkoka', '0803'),
('0803141', 'Chiola', '0803'),
('0803151', 'Mpiruka', '0803'),
('0803161', 'Nangowe', '0803'),
('0803171', 'Mkotokuyana', '0803'),
('0803183', 'Naipanga', '0803'),
('0803191', 'Stesheni', '0803'),
('0803201', 'Naipingo', '0803'),
('0803211', 'Mtua', '0803'),
('0803221', 'Mnerongongo', '0803'),
('0803231', 'Matekwe', '0803'),
('0803241', 'Marambo', '0803'),
('0803251', 'Namatula', '0803'),
('0803261', 'Ndomoni', '0803'),
('0804013', 'Liwale Mjini', '0804'),
('0804021', 'Mihumo', '0804'),
('0804031', 'Ngongowele', '0804'),
('0804041', 'Mlembwe', '0804'),
('0804051', 'Makata', '0804'),
('0804061', 'Barikiwa', '0804'),
('0804071', 'Mkutano', '0804'),
('0804081', 'Mbaya', '0804'),
('0804091', 'Kimambi', '0804'),
('0804101', 'Kiangara', '0804'),
('0804111', 'Kibutuka', '0804'),
('0804121', 'Nangano', '0804'),
('0804131', 'Mpigamiti', '0804'),
('0804141', 'Mirui', '0804'),
('0804151', 'Liwale B', '0804'),
('0804161', 'Mangirirkiti', '0804'),
('0804173', 'Nangando', '0804'),
('0804183', 'Likongowele', '0804'),
('0804191', 'Kichonda', '0804'),
('0804201', 'Lilombe', '0804'),
('0805013', 'Ruangwa', '0805'),
('0805023', 'Mbekenyera', '0805'),
('0805033', 'Nkowe', '0805'),
('0805041', 'Malolo', '0805'),
('0805051', 'Luchelegwa', '0805'),
('0805061', 'Chienjele', '0805'),
('0805071', 'Namichiga', '0805'),
('0805081', 'Narungombe', '0805'),
('0805091', 'Makanjiro', '0805'),
('0805101', 'Likunja', '0805'),
('0805111', 'Mnacho', '0805'),
('0805121', 'Mandawa', '0805'),
('0805131', 'Nambilanje', '0805'),
('0805141', 'Chunyu', '0805'),
('0805151', 'Mandarawe', '0805'),
('0805163', 'Nachingwea', '0805'),
('0805171', 'Matambarale', '0805'),
('0805181', 'Chibula', '0805'),
('0805191', 'Nandagala', '0805'),
('0805201', 'Nanganga', '0805'),
('0805211', 'Chinongwe', '0805'),
('0806012', 'Ndoro', '0806'),
('0806022', 'Makonde', '0806'),
('0806032', 'Mikumbi', '0806'),
('0806042', 'Mitandi', '0806'),
('0806052', 'Rahaleo', '0806'),
('0806062', 'Mwenge', '0806'),
('0806072', 'Matopeni', '0806'),
('0806082', 'Wailes', '0806'),
('0806092', 'Nachingwea', '0806'),
('0806102', 'Rasbura', '0806'),
('0806112', 'Mtanda', '0806'),
('0806122', 'Jamhuri', '0806'),
('0806132', 'Msanjihili', '0806'),
('0806142', 'Mingoyo', '0806'),
('0806152', 'Ngapa', '0806'),
('0806162', 'Tandangongoro', '0806'),
('0806172', 'Chikonji', '0806'),
('0806182', 'Mbanja', '0806'),
('0901013', 'Madimba', '0901'),
('0901021', 'Ziwani', '0901'),
('0901031', 'Nanguruwe', '0901'),
('0901041', 'Mahurunga', '0901'),
('0901051', 'Kitaya', '0901'),
('0901061', 'Kiromba', '0901'),
('0901071', 'Njengwa', '0901'),
('0901081', 'Nitekela', '0901'),
('0901093', 'Nanyamba', '0901'),
('0901101', 'Mtiniko', '0901'),
('0901111', 'Dihimba', '0901'),
('0901121', 'Mnima', '0901'),
('0901131', 'Kitere', '0901'),
('0901141', 'Ndumbwe', '0901'),
('0901151', 'Mayanga', '0901'),
('0901161', 'Naumbu', '0901'),
('0901171', 'Chawi', '0901'),
('0901181', 'Namtumbuka', '0901'),
('0901191', 'Libobe', '0901'),
('0901201', 'Mpapura', '0901'),
('0901211', 'Muungano', '0901'),
('0901221', 'Mbawala', '0901'),
('0901231', 'Msanga mkuu', '0901'),
('0901241', 'Magomeni', '0901'),
('0901251', 'Kiyanga', '0901'),
('0901261', 'Milangominne', '0901'),
('0901271', 'Mbembaleo', '0901'),
('0901281', 'Mtimbwilimbwi', '0901'),
('0902013', 'Luchingu', '0902'),
('0902021', 'Makote', '0902'),
('0902031', 'Nanguruwe', '0902'),
('0902041', 'Mkunya', '0902'),
('0902051', 'Mcholi I', '0902'),
('0902061', 'Namiyonga', '0902'),
('0902071', 'Mnekachi', '0902'),
('0902081', 'Chitekete', '0902'),
('0902091', 'Mnyambe', '0902'),
('0902101', 'Chilangalanga', '0902'),
('0902111', 'Mkoma II', '0902'),
('0902123', 'Kitangari', '0902'),
('0902131', 'Malatu', '0902'),
('0902141', 'Mchemo', '0902'),
('0902151', 'Mtopwa', '0902'),
('0902161', 'Chiwonga', '0902'),
('0902171', 'Maputi', '0902'),
('0902181', 'Makukwe', '0902'),
('0902191', 'Mkwedu', '0902'),
('0902201', 'Mchuli II', '0902'),
('0902213', 'Mtonya', '0902'),
('0902221', 'Makonga', '0902'),
('0902231', 'Nakahako', '0902'),
('0902241', 'Chilangala', '0902'),
('0902251', 'Nambali', '0902'),
('0902261', 'Nandwahi', '0902'),
('0902271', 'Mtunguru', '0902'),
('0902281', 'Mdimbampelempele', '0902'),
('0903011', 'Namatutwe', '0903'),
('0903021', 'Namajani', '0903'),
('0903031', 'Mlingula', '0903'),
('0903041', 'Chiwale', '0903'),
('0903053', 'Lukuledi', '0903'),
('0903061', 'Mpanyani', '0903'),
('0903071', 'Chigugu', '0903'),
('0903083', 'Mwena', '0903'),
('0903093', 'Nanganga', '0903'),
('0903101', 'Chiwata', '0903'),
('0903111', 'Mkundi', '0903'),
('0903121', 'Mkululu', '0903'),
('0903131', 'Nanjota', '0903'),
('0903143', 'Chiungutwa', '0903'),
('0903151', 'Mbuyuni', '0903'),
('0903161', 'Lipumburu', '0903'),
('0903171', 'Sindano', '0903'),
('0903183', 'Namalenga', '0903'),
('0903191', 'Mchauru', '0903'),
('0903201', 'Mnavira', '0903'),
('0903211', 'Chikolopola', '0903'),
('0903223', 'Lulindi', '0903'),
('0904013', 'Tandahimba', '0904'),
('0904023', 'Kitama', '0904'),
('0904031', 'Michenjele', '0904'),
('0904041', 'Mihambwe', '0904'),
('0904051', 'Mkoreha', '0904'),
('0904061', 'Maundo', '0904'),
('0904071', 'Naputa', '0904'),
('0904083', 'Namikupa', '0904'),
('0904091', 'Mnyawa', '0904'),
('0904101', 'Mkundi', '0904'),
('0904111', 'Lukokoda', '0904'),
('0904123', 'Mahuta', '0904'),
('0904133', 'Nanhyanga', '0904'),
('0904141', 'Chingungwe', '0904'),
('0904151', 'Mdimbamnyoma', '0904'),
('0904161', 'Milingodi', '0904'),
('0904171', 'Lyenje', '0904'),
('0904181', 'Chaume', '0904'),
('0904191', 'Mkonjowano', '0904'),
('0904201', 'Luagala', '0904'),
('0904211', 'Ngunja', '0904'),
('0904221', 'Mkwiti', '0904'),
('0904231', 'Litehu', '0904'),
('0904241', 'Nambahu', '0904'),
('0904251', 'Mihuta', '0904'),
('0904261', 'Kwanyama', '0904'),
('0904271', 'Mchichira', '0904'),
('0904283', 'Chikongola', '0904'),
('0904291', 'Dinduma', '0904'),
('0904301', 'Mdumbwe', '0904'),
('0905012', 'Majengo', '0905'),
('0905022', 'Chikongola', '0905'),
('0905032', 'Likombe', '0905'),
('0905042', 'Railway', '0905'),
('0905052', 'Shangani', '0905'),
('0905062', 'Vigaeni', '0905'),
('0905072', 'Chuno', '0905'),
('0905083', 'Jangwani', '0905'),
('0905092', 'Kisungule', '0905'),
('0905102', 'Mtengo', '0905'),
('0905112', 'Mtonya', '0905'),
('0905122', 'Ufukoni', '0905'),
('0905132', 'Magengeni', '0905'),
('0905142', 'Rahaleo', '0905'),
('0905153', 'Naliendele', '0905'),
('0906013', 'Mangaka', '0906'),
('0906021', 'Nangomba', '0906'),
('0906031', 'Lumesule', '0906'),
('0906043', 'Likokona', '0906'),
('0906051', 'Sengenya', '0906'),
('0906061', 'Mnanje', '0906'),
('0906071', 'Mikangaula', '0906'),
('0906081', 'Maratani', '0906'),
('0906091', 'Nandete', '0906'),
('0906101', 'Mkonona', '0906'),
('0906111', 'Nanyumbu', '0906'),
('0906121', 'Masuguru', '0906'),
('0906131', 'Chipuputa', '0906'),
('0906141', 'Napacho', '0906'),
('0907013', 'Mwenge Mtapika', '0907'),
('0907023', 'Temeke', '0907'),
('0907032', 'Mkuti', '0907'),
('0907043', 'Mpindimbi', '0907'),
('0907052', 'Nyasa', '0907'),
('0907063', 'Marika', '0907'),
('0907072', 'Mkomaindo', '0907'),
('0907082', 'Mtandi', '0907'),
('0907092', 'Jida', '0907'),
('0907102', 'Migongo', '0907'),
('0907113', 'Mwenge', '0907'),
('0907123', 'Sululu', '0907'),
('1001011', 'Kalulu', '1001'),
('1001021', 'Ligunga', '1001'),
('1001033', 'Mlingoti Mashariki', '1001'),
('1001041', 'Mindu', '1001'),
('1001051', 'Ngapa', '1001'),
('1001061', 'Nakapanya', '1001'),
('1001071', 'Muhuwesi', '1001'),
('1001081', 'Tuwemacho', '1001'),
('1001091', 'Ligoma', '1001'),
('1001101', 'Misechela', '1001'),
('1001111', 'Namasakata', '1001'),
('1001121', 'Mtina', '1001'),
('1001131', 'Mchesi', '1001'),
('1001141', 'Lukumbule', '1001'),
('1001151', 'Nalasi Magharibi', '1001'),
('1001161', 'Mchoteka', '1001'),
('1001171', 'Marumba', '1001'),
('1001181', 'Mbesa', '1001'),
('1001191', 'Mlingoti Magharibi', '1001'),
('1001201', 'Kidodoma', '1001'),
('1001211', 'Nandembo', '1001'),
('1001221', 'Nampungu', '1001'),
('1001231', 'Matemanga', '1001'),
('1001241', 'Namwinyu', '1001'),
('1001251', 'Mbati', '1001'),
('1001261', 'Nalasi Mashariki', '1001'),
('1001271', 'Mchuluka', '1001'),
('1001281', 'Namiungo', '1001'),
('1001291', 'Jakika', '1001'),
('1001303', 'Masonya', '1001'),
('1001311', 'Sisikwasisi', '1001'),
('1001321', 'Mchangani', '1001'),
('1001333', 'Majengo', '1001'),
('1001343', 'Nanjoka', '1001'),
('1001353', 'Nakayaya', '1001'),
('1002011', 'Wino', '1002'),
('1002021', 'Ndongosi', '1002'),
('1002031', 'Matumbi', '1002'),
('1002041', 'Mpandangindo', '1002'),
('1002051', 'Gumbiro', '1002'),
('1002061', 'Mpitimbi', '1002'),
('1002071', 'Muhukuru', '1002'),
('1002081', 'Magagura', '1002'),
('1002091', 'Litisha', '1002'),
('1002101', 'Kilagano', '1002'),
('1002111', 'Maposeni', '1002'),
('1002123', 'Peramiho', '1002'),
('1002133', 'Mahanje', '1002'),
('1002141', 'Matimira', '1002'),
('1002151', 'Mtyangimbole', '1002'),
('1002161', 'Mkongotema', '1002'),
('1002171', 'Mbinga Mhalule', '1002'),
('1003011', 'Ruanda', '1003'),
('1003021', 'Litumbandyosi', '1003'),
('1003033', 'Kigonsera', '1003'),
('1003041', 'Kihangi Mahuka', '1003'),
('1003051', 'Utiri', '1003'),
('1003063', 'Mbinga Mjini', '1003'),
('1003071', 'Kilimani', '1003'),
('1003081', 'Mbangamao', '1003'),
('1003091', 'Kihungu', '1003'),
('1003101', 'Kikolo', '1003'),
('1003111', 'Kambarage', '1003'),
('1003121', 'Mapera', '1003'),
('1003131', 'Kipapa', '1003'),
('1003141', 'Kipololo', '1003'),
('1003151', 'Nyoni', '1003'),
('1003161', 'Luwaita', '1003'),
('1003173', 'Maguu', '1003'),
('1003181', 'Kitumbalomo', '1003'),
('1003191', 'Mkako', '1003'),
('1003201', 'Mkalanga', '1003'),
('1003211', 'Langiro', '1003'),
('1003221', 'Mbuji', '1003'),
('1003231', 'Litembo', '1003'),
('1003241', 'Ngima', '1003'),
('1003251', 'Myangayanga', '1003'),
('1003261', 'Mkumbi', '1003'),
('1003271', 'Linda', '1003'),
('1003283', 'Matiri', '1003'),
('1003291', 'Ukata', '1003'),
('1003301', 'Kitanda', '1003'),
('1003311', 'Kitura', '1003'),
('1003321', 'Namswea', '1003'),
('1003331', 'Mpepai', '1003'),
('1003341', 'Mpapa', '1003'),
('1004012', 'Mjini', '1004'),
('1004022', 'Majengo', '1004'),
('1004032', 'Misufini', '1004'),
('1004042', 'Mfaranyaki', '1004'),
('1004052', 'Lizaboni', '1004'),
('1004062', 'Matarawe', '1004'),
('1004072', 'Bombambili', '1004'),
('1004082', 'Matogoro', '1004'),
('1004092', 'Ruvuma', '1004'),
('1004102', 'Subira', '1004'),
('1004112', 'Ruhuwiko', '1004'),
('1004122', 'Mshangano', '1004'),
('1004132', 'Mletele', '1004'),
('1004142', 'SeedFarm', '1004'),
('1004152', 'Tanga', '1004'),
('1004162', 'Msamala', '1004'),
('1004172', 'Lilambo', '1004'),
('1004182', 'Mwengemshindo', '1004'),
('1004192', 'Mjimwema', '1004'),
('1004202', 'Mateka', '1004'),
('1004212', 'Ndilimalitembo', '1004'),
('1005013', 'Rwinga', '1005'),
('1005021', 'Mkongo', '1005'),
('1005031', 'Ligera', '1005'),
('1005041', 'Lusewa', '1005'),
('1005051', 'Magazini', '1005'),
('1005061', 'Msindo', '1005'),
('1005071', 'Luchili', '1005'),
('1005081', 'Nambengo', '1005'),
('1005091', 'Kitanda', '1005'),
('1005101', 'Luegu', '1005'),
('1005113', 'Namtumbo', '1005'),
('1005121', 'Mgombasi', '1005'),
('1005131', 'Iitola', '1005'),
('1005141', 'Likuyuseka', '1005'),
('1005151', 'Mputa', '1005'),
('1005163', 'Hanga', '1005'),
('1005171', 'Limamu', '1005'),
('1005181', 'Mchomoro', '1005'),
('1006011', 'Liparamba', '1006'),
('1006021', 'Tingi', '1006'),
('1006031', 'Chiwanda', '1006'),
('1006041', 'Mtipwili', '1006'),
('1006051', 'Kingerikiti', '1006'),
('1006061', 'Luhangarasi', '1006'),
('1006071', 'Kilosa', '1006'),
('1006083', 'Mbambabay', '1006'),
('1006091', 'Lipingo', '1006'),
('1006103', 'Liuli', '1006'),
('1006111', 'Kihagara', '1006'),
('1006121', 'Ngumbo', '1006'),
('1006131', 'Liwundi', '1006'),
('1006141', 'Mbaha', '1006'),
('1006151', 'Lituhi', '1006'),
('1101013', 'Kalenga', '1101'),
('1101021', 'Kiwere', '1101'),
('1101031', 'Nzihi', '1101'),
('1101041', 'Ulanda', '1101'),
('1101053', 'Mseke', '1101'),
('1101061', 'Maguliwa', '1101'),
('1101071', 'Mgama', '1101'),
('1101083', 'Ifunda', '1101'),
('1101091', 'Lumuli', '1101'),
('1101101', 'Maboga', '1101'),
('1101111', 'Wasa', '1101'),
('1101121', 'Mahuninga', '1101'),
('1101131', 'Idodi', '1101'),
('1101141', 'Mlowa', '1101'),
('1101151', 'Itunundu', '1101'),
('1101161', 'Ilolo Mpya', '1101'),
('1101171', 'Nduli', '1101'),
('1101181', 'Kihorogota', '1101'),
('1101191', 'Izazi', '1101'),
('1101201', 'Malenga Makali', '1101'),
('1101211', 'Nyang''oro', '1101'),
('1101221', 'Luhota', '1101'),
('1101231', 'Lyamgungwe', '1101'),
('1101241', 'Mlenge', '1101'),
('1101253', 'Migoli', '1101'),
('1102011', 'Kiyowela', '1102'),
('1102023', 'Makungu', '1102'),
('1102031', 'Mninga', '1102'),
('1102041', 'Kasanga', '1102'),
('1102053', 'Igowole', '1102'),
('1102061', 'Mtambula', '1102'),
('1102071', 'Itandula', '1102'),
('1102081', 'Mbalamaziwa', '1102'),
('1102091', 'Idunda', '1102'),
('1102103', 'Malangali', '1102'),
('1102113', 'Nyololo', '1102'),
('1102121', 'Ihowanza', '1102'),
('1102131', 'Ikweha', '1102'),
('1102141', 'Sadani', '1102'),
('1102151', 'Igombavu', '1102'),
('1102161', 'Bumilayinga', '1102'),
('1102173', 'Mtwango', '1102'),
('1102181', 'Isalavanu', '1102'),
('1102191', 'Rungemba', '1102'),
('1102201', 'Ifwagi', '1102'),
('1102211', 'Mdabulo', '1102'),
('1102221', 'Ihalimba', '1102'),
('1102231', 'Kibengu', '1102'),
('1102241', 'Mapanda', '1102'),
('1102251', 'Mpanga', '1102'),
('1102261', 'Ihanu', '1102'),
('1102271', 'Luhunga', '1102'),
('1103012', 'Kihesa', '1103'),
('1103022', 'Mtwivila', '1103'),
('1103032', 'Gangilonga', '1103'),
('1103042', 'Kitanzini', '1103'),
('1103052', 'Ruaha', '1103'),
('1103062', 'Mshindo', '1103'),
('1103072', 'Mivinjeni', '1103'),
('1103082', 'Mlandege', '1103'),
('1103092', 'Mwangata', '1103'),
('1103102', 'Kwakilosa', '1103'),
('1103112', 'Makorongoni', '1103'),
('1103122', 'Ilala', '1103'),
('1103132', 'Mkwawa', '1103'),
('1103142', 'Kitwiru', '1103'),
('1103152', 'Isakalilo', '1103'),
('1103162', 'Nduli', '1103'),
('1104011', 'Image', '1104'),
('1104021', 'Irole', '1104'),
('1104033', 'Ilula', '1104'),
('1104041', 'Uhambingeto', '1104'),
('1104051', 'Udekwa', '1104'),
('1104061', 'Mahenge', '1104'),
('1104071', 'Mtitu', '1104'),
('1104081', 'Dabaga', '1104'),
('1104091', 'Ukumbi', '1104'),
('1104101', 'Ukwega', '1104'),
('1104111', 'Boma la Ng''ombe', '1104'),
('1104121', 'Idete', '1104'),
('1104131', 'Masisiwe', '1104'),
('1104141', 'Ng''uruhe', '1104'),
('1104151', 'Ng''ang''ange', '1104'),
('1104161', 'Ihimbo', '1104'),
('1104171', 'Lugalo', '1104'),
('1104183', 'Nyalumbu', '1104'),
('1104191', 'Mlafu', '1104'),
('1104201', 'Ibumu', '1104'),
('1104211', 'Ruaha Mbuyuni', '1104'),
('1104221', 'Kimala', '1104'),
('1105012', 'Sao hill', '1105'),
('1105022', 'Boma', '1105'),
('1105032', 'Kinyanambo', '1105'),
('1201011', 'Kambikatoto', '1201'),
('1201021', 'Mafyeko', '1201'),
('1201031', 'Matwiga', '1201'),
('1201041', 'Mtanila', '1201'),
('1201051', 'Lupatingatinga', '1201'),
('1201061', 'Luwalaje', '1201'),
('1201071', 'Sangambi', '1201'),
('1201083', 'Itewe', '1201'),
('1201093', 'Chokaa', '1201'),
('1201101', 'Mbugani', '1201'),
('1201111', 'Chalangwa', '1201'),
('1201121', 'Ifumbo', '1201'),
('1201131', 'Kanga', '1201'),
('1201141', 'Galula', '1201'),
('1201151', 'Mbuyuni', '1201'),
('1201161', 'Totowe', '1201'),
('1201171', 'Namkukwe', '1201'),
('1201183', 'Mkwajuni', '1201'),
('1201191', 'Mbangala', '1201'),
('1201201', 'Kapalala', '1201'),
('1201211', 'Gua', '1201'),
('1201221', 'Ngwala', '1201'),
('1201231', 'Mamba', '1201'),
('1201241', 'Ifwenkenya', '1201'),
('1201251', 'Magamba', '1201'),
('1201261', 'Saza', '1201'),
('1201271', 'Mwambani', '1201'),
('1201282', 'Mkola', '1201'),
('1201292', 'Makongolosi', '1201'),
('1201302', 'Matundasi', '1201'),
('1202011', 'Ihango', '1202'),
('1202021', 'Ulenje', '1202'),
('1202033', 'Tembela', '1202'),
('1202041', 'Ijombe', '1202'),
('1202051', 'Santilya', '1202'),
('1202061', 'Ilembo', '1202'),
('1202071', 'Iwiji', '1202'),
('1202081', 'Isuto', '1202'),
('1202091', 'Igale', '1202'),
('1202101', 'Iwindi', '1202'),
('1202113', 'Utengule Usongwe', '1202'),
('1202121', 'Mshewe', '1202'),
('1202131', 'Ikukwa', '1202'),
('1202141', 'Iyunga Mapinduzi', '1202'),
('1202153', 'Bonde la Songwe', '1202'),
('1202161', 'Inyala', '1202'),
('1202171', 'Ilungu', '1202'),
('1202181', 'Maendeleo', '1202'),
('1202191', 'Swaya', '1202'),
('1202201', 'Masoko', '1202'),
('1202211', 'Itawa', '1202'),
('1202223', 'Nsalala', '1202'),
('1202231', 'Lwanjiro', '1202'),
('1202241', 'Itewe', '1202'),
('1202253', 'Igoma', '1202'),
('1203011', 'Lusungo', '1203'),
('1203021', 'Makwale', '1203'),
('1203031', 'Matema', '1203'),
('1203041', 'Mwaya', '1203'),
('1203051', 'Ndobo', '1203'),
('1203061', 'Kajunjumele', '1203'),
('1203071', 'Bujonde', '1203'),
('1203081', 'Ikolo', '1203'),
('1203091', 'Katumba Songwe', '1203'),
('1203101', 'Ngana', '1203'),
('1203111', 'Busale', '1203'),
('1203121', 'Ipande', '1203'),
('1203131', 'Ikama', '1203'),
('1203143', 'Ipinda', '1203'),
('1203151', 'Ngonga', '1203'),
('1203161', 'Ikimba', '1203'),
('1203171', 'Itope', '1203'),
('1203181', 'Muungano', '1203'),
('1203191', 'Talatala', '1203'),
('1203202', 'Kyela', '1203'),
('1204011', 'Swaya', '1204'),
('1204021', 'Masebe', '1204'),
('1204031', 'Suma', '1204'),
('1204041', 'Kandete', '1204'),
('1204051', 'Luteba', '1204');
INSERT INTO `ward` (`ward_id`, `ward_name`, `district_id`) VALUES
('1204061', 'Mpombo', '1204'),
('1204071', 'Isange', '1204'),
('1204081', 'Kabula', '1204'),
('1204091', 'Lwangwa', '1204'),
('1204101', 'Lufilyo', '1204'),
('1204111', 'Itete', '1204'),
('1204121', 'Kisegese', '1204'),
('1204131', 'Lupata', '1204'),
('1204141', 'Kambasegela', '1204'),
('1204151', 'Masukulu', '1204'),
('1204161', 'Kisiba', '1204'),
('1204171', 'Masoko', '1204'),
('1204181', 'Bujela', '1204'),
('1204191', 'Ilima', '1204'),
('1204201', 'Kisondela', '1204'),
('1204211', 'Ikuti', '1204'),
('1204221', 'Malindo', '1204'),
('1204231', 'Mpuguso', '1204'),
('1204241', 'Kikole', '1204'),
('1204251', 'Lufingo', '1204'),
('1204261', 'Nkunga', '1204'),
('1204271', 'Kyimo', '1204'),
('1204281', 'Kinyala', '1204'),
('1204293', 'Kiwira', '1204'),
('1204301', 'Isongole', '1204'),
('1204312', 'Ikama', '1204'),
('1204322', 'Ibighi', '1204'),
('1204332', 'Bagamoyo', '1204'),
('1204342', 'Kawetele', '1204'),
('1204352', 'Bulyaga', '1204'),
('1204362', 'Msasani', '1204'),
('1204372', 'Makandana', '1204'),
('1205013', 'Itumba', '1205'),
('1205021', 'Itale', '1205'),
('1205031', 'Ibaba', '1205'),
('1205041', 'Ndola', '1205'),
('1205051', 'Luswisi', '1205'),
('1205061', 'Ngulilo', '1205'),
('1205071', 'Lubanda', '1205'),
('1205081', 'Ngulugulu', '1205'),
('1205091', 'Sange', '1205'),
('1205101', 'Ikinga', '1205'),
('1205111', 'Kafule', '1205'),
('1205121', 'Malangali', '1205'),
('1205131', 'Bupigu', '1205'),
('1205143', 'Isongole', '1205'),
('1205151', 'Chitete', '1205'),
('1205161', 'Mbebe', '1205'),
('1205171', 'Mlale', '1205'),
('1205181', 'Kalembo', '1205'),
('1206011', 'Ihanda', '1206'),
('1206021', 'Bara', '1206'),
('1206031', 'Nanyala', '1206'),
('1206041', 'Nambinzo', '1206'),
('1206051', 'Itaka', '1206'),
('1206061', 'Isansa', '1206'),
('1206071', 'Ruanda', '1206'),
('1206081', 'Iyula', '1206'),
('1206091', 'Nyimbili', '1206'),
('1206101', 'Mlangali', '1206'),
('1206111', 'Myovizi', '1206'),
('1206121', 'Igamba', '1206'),
('1206131', 'Halungu', '1206'),
('1206141', 'Msia', '1206'),
('1206153', 'Mlowo', '1206'),
('1206161', 'Ipunga', '1206'),
('1206171', 'Isandula', '1206'),
('1206182', 'Vwawa', '1206'),
('1207011', 'Luhanga', '1207'),
('1207023', 'Madibira', '1207'),
('1207031', 'Mawindi', '1207'),
('1207043', 'Ihahi', '1207'),
('1207051', 'Mapogoro', '1207'),
('1207063', 'Chimala', '1207'),
('1207071', 'Utengule Usangu', '1207'),
('1207081', 'Ruiwa', '1207'),
('1207091', 'Mahongole', '1207'),
('1207103', 'Ubaruku', '1207'),
('1207113', 'Igurusi', '1207'),
('1207121', 'Kongolo', '1207'),
('1207131', 'Mwatenga', '1207'),
('1207141', 'Imalilosongwe', '1207'),
('1207151', 'Igava', '1207'),
('1207161', 'Ipwani', '1207'),
('1207171', 'Itamboleo', '1207'),
('1207181', 'Miyombweni', '1207'),
('1207192', 'Rujewa', '1207'),
('1207202', 'Lugelele', '1207'),
('1208012', 'Sisimba', '1208'),
('1208022', 'Isanga', '1208'),
('1208032', 'Iganzo', '1208'),
('1208042', 'Mwansekwa', '1208'),
('1208052', 'Itagano', '1208'),
('1208062', 'Itezi', '1208'),
('1208072', 'Nsalaga', '1208'),
('1208082', 'Igawilo', '1208'),
('1208092', 'Iganjo', '1208'),
('1208102', 'Uyole', '1208'),
('1208112', 'Iduda', '1208'),
('1208122', 'Mwasanga', '1208'),
('1208132', 'Tembela', '1208'),
('1208142', 'Ilomba', '1208'),
('1208152', 'Mwakibete', '1208'),
('1208162', 'Ilemi', '1208'),
('1208172', 'Isyesye', '1208'),
('1208182', 'Ruanda', '1208'),
('1208192', 'Iyela', '1208'),
('1208202', 'Sinde', '1208'),
('1208212', 'Maanga', '1208'),
('1208222', 'Mbalizi road', '1208'),
('1208232', 'Forest', '1208'),
('1208242', 'Mabatini', '1208'),
('1208252', 'Nzovwe', '1208'),
('1208262', 'Kalobe', '1208'),
('1208272', 'Iyunga', '1208'),
('1208282', 'Iwambi', '1208'),
('1208292', 'Itende', '1208'),
('1208302', 'Iziwa', '1208'),
('1208312', 'Nsoho', '1208'),
('1208322', 'Majengo', '1208'),
('1208332', 'Ghana', '1208'),
('1208342', 'Nonde', '1208'),
('1208352', 'Itiji', '1208'),
('1208362', 'Maendeleo', '1208'),
('1209011', 'Chilulumo', '1209'),
('1209021', 'Kamsamba', '1209'),
('1209031', 'Ivuna', '1209'),
('1209041', 'Mpapa', '1209'),
('1209051', 'Mkulwe', '1209'),
('1209061', 'Chitete', '1209'),
('1209071', 'Msangano', '1209'),
('1209083', 'Chiwezi', '1209'),
('1209091', 'Nkangamo', '1209'),
('1209101', 'Ndalambo', '1209'),
('1209111', 'Kapele', '1209'),
('1209121', 'Nzoka', '1209'),
('1209131', ' Myunga', '1209'),
('1210012', 'Tunduma', '1210'),
('1301011', 'Urughu', '1301'),
('1301021', 'Mtekente', '1301'),
('1301031', 'Mtoa', '1301'),
('1301041', 'Mgongo', '1301'),
('1301053', 'Shelui', '1301'),
('1301061', 'Ntwike', '1301'),
('1301071', 'Tulya', '1301'),
('1301081', 'Kidaru', '1301'),
('1301091', 'Kisiriri', '1301'),
('1301103', 'Kiomboi', '1301'),
('1301111', 'Kinampanda', '1301'),
('1301121', 'Ulemo', '1301'),
('1301131', 'Kyengege', '1301'),
('1301143', 'Ndago', '1301'),
('1301151', 'Mbelekese', '1301'),
('1301161', 'Kaselya', '1301'),
('1301171', 'Ndulungu', '1301'),
('1302011', 'Mudida', '1302'),
('1302021', 'Makuro', '1302'),
('1302031', 'Ikhanoda', '1302'),
('1302041', 'Mwasauya', '1302'),
('1302051', 'Msange', '1302'),
('1302061', 'Maghojoa', '1302'),
('1302071', 'Itaja', '1302'),
('1302081', 'Ngimu', '1302'),
('1302091', 'Mughunga', '1302'),
('1302101', 'Mgori', '1302'),
('1302111', 'Mughamo', '1302'),
('1302121', 'Kinyagigi', '1302'),
('1302131', 'Merya', '1302'),
('1302141', 'Kinyeto', '1302'),
('1302151', 'Ntonge', '1302'),
('1302163', 'Ilongero', '1302'),
('1302171', 'Mrama', '1302'),
('1302181', 'Kijota', '1302'),
('1302191', 'Mtinko', '1302'),
('1302201', 'Ughandi', '1302'),
('1302211', 'Msisi', '1302'),
('1303013', 'Manyoni', '1303'),
('1303023', 'Solya', '1303'),
('1303031', 'Makuru', '1303'),
('1303041', 'Chikuyu', '1303'),
('1303051', 'Makanda', '1303'),
('1303063', 'Kintinku', '1303'),
('1303071', 'Mvumi', '1303'),
('1303081', 'Majiri', '1303'),
('1303091', 'Sasajila', '1303'),
('1303101', 'Idodyandole', '1303'),
('1303111', 'Chikola', '1303'),
('1303121', 'Heka', '1303'),
('1303131', 'Nkonko', '1303'),
('1303141', 'Sanza', '1303'),
('1303151', 'Isseke', '1303'),
('1303161', 'Rungwa', '1303'),
('1303171', 'Mgandu', '1303'),
('1303183', 'Itigi', '1303'),
('1303191', 'Ipande', '1303'),
('1303201', 'Sanjaranda', '1303'),
('1303211', 'Aghondi', '1303'),
('1303221', 'Mkwese', '1303'),
('1303231', 'Muhalala', '1303'),
('1303241', 'Saranda', '1303'),
('1303251', 'Makutopora', '1303'),
('1303261', 'Sasilo', '1303'),
('1303271', 'Mwamagembe', '1303'),
('1303283', 'Mitundu', '1303'),
('1303291', 'Kitaraka', '1303'),
('1303303', 'Itigi Majengo', '1303'),
('1304011', 'Mtipa', '1304'),
('1304022', 'Mughanga', '1304'),
('1304032', 'Mitunduruni', '1304'),
('1304042', 'Majengo', '1304'),
('1304051', 'Unyambwa', '1304'),
('1304061', 'Mungumaji', '1304'),
('1304071', 'Unyamikumbi ', '1304'),
('1304081', 'Mtamaa', '1304'),
('1304092', 'Kindai', '1304'),
('1304102', 'Ipembe', '1304'),
('1304112', 'Utemini', '1304'),
('1304121', 'Mwankoko', '1304'),
('1304133', 'Mandewa', '1304'),
('1304142', 'Minga', '1304'),
('1304152', 'Misuna', '1304'),
('1304161', 'Uhamaka', '1304'),
('1305013', 'Puma', '1305'),
('1305021', 'Kituntu', '1305'),
('1305033', 'Mungaa', '1305'),
('1305041', 'Siuyu', '1305'),
('1305051', 'Kikio', '1305'),
('1305061', 'Lighwa', '1305'),
('1305071', 'Misughaa', '1305'),
('1305081', 'Ntuntu', '1305'),
('1305091', 'Dung''unyi', '1305'),
('1305101', 'Mang''onyi', '1305'),
('1305111', 'Mkiwa', '1305'),
('1305121', 'Issuna', '1305'),
('1305131', 'Unyahati', '1305'),
('1305143', 'Ikungi', '1305'),
('1305151', 'Iglansoni', '1305'),
('1305161', 'Iseke', '1305'),
('1305171', 'Ihanja', '1305'),
('1305181', 'Minyughe', '1305'),
('1305191', 'Muhintiri', '1305'),
('1305201', 'Iyumbu', '1305'),
('1305211', 'Mgungira', '1305'),
('1305221', 'Mwaru', '1305'),
('1305231', 'Ighombwe', '1305'),
('1305241', 'Mtunduru', '1305'),
('1305251', 'Sepuka', '1305'),
('1305261', 'Irisya', '1305'),
('1306011', 'Mpambala', '1306'),
('1306021', 'Mwangeza', '1306'),
('1306031', 'Mwanga', '1306'),
('1306041', 'Nkinto', '1306'),
('1306053', 'Ibaga', '1306'),
('1306061', 'Gumanga', '1306'),
('1306071', 'Msingi', '1306'),
('1306081', 'Nduguti', '1306'),
('1306091', 'Ilunda', '1306'),
('1306101', 'Kinyangiri', '1306'),
('1306113', 'Iguguno', '1306'),
('1306121', 'Miganga', '1306'),
('1306131', 'Matongo', '1306'),
('1306141', 'Kikhonda', '1306'),
('1401011', 'Puge', '1401'),
('1401021', 'Nkiniziwa', '1401'),
('1401031', 'Budushi', '1401'),
('1401041', 'Mwakashanhala', '1401'),
('1401051', 'Tongi', '1401'),
('1401061', 'Mizibaziba', '1401'),
('1401071', 'Milambo Itobo', '1401'),
('1401081', 'Magengati', '1401'),
('1401091', 'Ndala', '1401'),
('1401102', 'Nzega Mjini', '1401'),
('1401111', 'Wela', '1401'),
('1401121', 'Mbogwe', '1401'),
('1401131', 'Miguwa', '1401'),
('1401141', 'Itilo', '1401'),
('1401151', 'Muhugi', '1401'),
('1401161', 'Utwigu', '1401'),
('1401171', 'Ijanija', '1401'),
('1401181', 'Nzega Ndogo', '1401'),
('1401191', 'Lusu', '1401'),
('1401201', 'Nata', '1401'),
('1401211', 'Isanzu', '1401'),
('1401221', 'Itobo', '1401'),
('1401231', 'Mwangoye', '1401'),
('1401241', 'Sigili', '1401'),
('1401251', 'Mwamala', '1401'),
('1401261', 'Igusule', '1401'),
('1401271', 'Shigamba', '1401'),
('1401281', 'Kasela', '1401'),
('1401291', 'Karitu', '1401'),
('1401303', 'Bukene', '1401'),
('1401311', 'Mogwa', '1401'),
('1401321', 'Mambali', '1401'),
('1401331', 'K/Nhalanga', '1401'),
('1401341', 'Uduka', '1401'),
('1401351', 'Semembela', '1401'),
('1401361', 'Isagenhe', '1401'),
('1401371', 'Ikindwa', '1401'),
('1402013', 'Igunga', '1402'),
('1402021', 'Itumba', '1402'),
('1402031', 'Bukoko', '1402'),
('1402041', 'Isakamaliwa', '1402'),
('1402051', 'Nyandekwa', '1402'),
('1402061', 'Nanga', '1402'),
('1402071', 'Nguvumoja', '1402'),
('1402081', 'Mbutu', '1402'),
('1402091', 'Kining''ila', '1402'),
('1402103', 'Igurubi', '1402'),
('1402111', 'Mwamashimba', '1402'),
('1402121', 'Kinungu', '1402'),
('1402131', 'Ntobo', '1402'),
('1402141', 'Itunduru', '1402'),
('1402151', 'Mwamashiga', '1402'),
('1402163', 'Choma', '1402'),
('1402171', 'Mwashiku', '1402'),
('1402181', 'Ziba', '1402'),
('1402191', 'Ndembezi', '1402'),
('1402201', 'Nkinga', '1402'),
('1402211', 'Ngulu', '1402'),
('1402221', 'Simbo', '1402'),
('1402231', 'Igoweko', '1402'),
('1402241', 'Mwisi', '1402'),
('1402251', 'Chabutwa', '1402'),
('1402261', 'Sungwizi', '1402'),
('1403011', 'Lutende', '1403'),
('1403021', 'Kizengi', '1403'),
('1403031', 'Goweko', '1403'),
('1403041', 'Igalula', '1403'),
('1403053', 'Ilolanguru', '1403'),
('1403063', 'Mabama', '1403'),
('1403071', 'Ndono', '1403'),
('1403081', 'Ufulumwa', '1403'),
('1403091', 'Usagari', '1403'),
('1403101', 'Ibiri', '1403'),
('1403111', 'Bukumbi', '1403'),
('1403121', 'Ikongolo', '1403'),
('1403131', 'Upuge', '1403'),
('1403141', 'Magiri', '1403'),
('1403151', 'Isikizya', '1403'),
('1403161', 'Shitage', '1403'),
('1403171', 'Loya', '1403'),
('1403181', 'Miswaki', '1403'),
('1403191', 'Tura', '1403'),
('1403201', 'Nsololo', '1403'),
('1403211', 'Kigwa', '1403'),
('1403221', 'Miyenze', '1403'),
('1403231', 'Nsimbo', '1403'),
('1403241', 'Ibelamilundi', '1403'),
('1404011', 'Kapilula', '1404'),
('1404023', 'Urambo', '1404'),
('1404031', 'Vumilia', '1404'),
('1404041', 'Muungano', '1404'),
('1404051', 'Songambele', '1404'),
('1404061', 'Uyogo', '1404'),
('1404071', 'Kiloleni', '1404'),
('1404081', 'Ussoke', '1404'),
('1404091', 'Uyumbu', '1404'),
('1404101', 'Ugalla', '1404'),
('1404111', 'Usisya', '1404'),
('1404121', 'Itundu', '1404'),
('1404131', 'Kasisi', '1404'),
('1404141', 'Imalamakoye', '1404'),
('1404151', 'Nsenda', '1404'),
('1404161', 'Ukondamoyo', '1404'),
('1405011', 'Tutuo', '1405'),
('1405021', 'Chabutwa', '1405'),
('1405031', 'Kiloleli', '1405'),
('1405041', 'Kipanga', '1405'),
('1405053', 'Sikonge', '1405'),
('1405061', 'Igigwa', '1405'),
('1405071', 'Kitunda', '1405'),
('1405081', 'Kiloli', '1405'),
('1405091', 'Kipili', '1405'),
('1405101', 'Pangale', '1405'),
('1405111', 'Ipole', '1405'),
('1405121', 'Ngoywa', '1405'),
('1405131', 'Kisanga', '1405'),
('1405141', 'Misheni', '1405'),
('1405151', 'Mole', '1405'),
('1405161', 'Mpombwe', '1405'),
('1405171', 'Usunga', '1405'),
('1406012', 'Kanyenye', '1406'),
('1406022', 'Gongoni', '1406'),
('1406032', 'Mbugani', '1406'),
('1406042', 'Chemchem', '1406'),
('1406052', 'Tambukareli', '1406'),
('1406062', 'Kiloleni', '1406'),
('1406072', 'Mtendeni', '1406'),
('1406082', 'Isevya', '1406'),
('1406092', 'Ipuli', '1406'),
('1406102', 'Cheyo', '1406'),
('1406112', 'Kitete', '1406'),
('1406122', 'Ng`ambo', '1406'),
('1406132', 'Malolo', '1406'),
('1406141', 'Kakola', '1406'),
('1406151', 'Uyui', '1406'),
('1406161', 'Itonjanda', '1406'),
('1406171', 'Ndevelwa', '1406'),
('1406181', 'Itetemia', '1406'),
('1406191', 'Tumbi', '1406'),
('1406201', 'Kalunde', '1406'),
('1406211', 'Misha', '1406'),
('1406221', 'Kabila', '1406'),
('1406231', 'Ikomwa', '1406'),
('1406241', 'Ifucha', '1406'),
('1406251', 'Ntalikwa', '1406'),
('1407011', 'Ukumbisiganga', '1407'),
('1407021', 'Zugimlole', '1407'),
('1407031', 'Ushokola', '1407'),
('1407041', 'Ugunga', '1407'),
('1407053', 'Kaliua', '1407'),
('1407061', 'Usinge', '1407'),
('1407071', 'Igagala', '1407'),
('1407081', 'Kamsekwa', '1407'),
('1407091', 'Kazaroho', '1407'),
('1407101', 'Igwisi', '1407'),
('1407111', 'Uyowa', '1407'),
('1407121', 'Silambo', '1407'),
('1407131', 'Kashishi', '1407'),
('1407141', 'Sasu', '1407'),
('1407151', 'Seleli', '1407'),
('1407161', 'Ichemba', '1407'),
('1407171', 'Mwongozo', '1407'),
('1407181', 'Kanoge', '1407'),
('1407191', 'Kanindo', '1407'),
('1407201', 'Milambo', '1407'),
('1407211', 'Igombe Mkulu', '1407'),
('1501011', 'Kasanga', '1501'),
('1501021', 'Mkowe', '1501'),
('1501031', 'Msanzi', '1501'),
('1501043', 'Matai', '1501'),
('1501051', 'Sopa', '1501'),
('1501061', 'Mwazye', '1501'),
('1501071', 'Katazi', '1501'),
('1501081', 'Mwimbi', '1501'),
('1501091', 'Mambwekenya', '1501'),
('1501101', 'Mwembenkoswe', '1501'),
('1501111', 'Legeza mwendo', '1501'),
('1501121', 'Ulumi', '1501'),
('1501131', 'Mnamba', '1501'),
('1501141', 'Katete', '1501'),
('1501151', 'Kisumba', '1501'),
('1501161', 'Mkali', '1501'),
('1501171', 'Kilesha', '1501'),
('1502011', 'Mfinga', '1502'),
('1502023', 'Muze', '1502'),
('1502033', 'Mtowisa', '1502'),
('1502041', 'Milepa', '1502'),
('1502051', 'Sandulula', '1502'),
('1502061', 'Kaengesa', '1502'),
('1502071', 'Mpui', '1502'),
('1502081', 'Msanda Muungano', '1502'),
('1502091', 'Ilemba', '1502'),
('1502101', 'Kipeta', '1502'),
('1502111', 'Kaoze', '1502'),
('1502121', 'Miangalua', '1502'),
('1502131', 'Kalambanzite', '1502'),
('1502141', 'Lusaka', '1502'),
('1502152', 'Laela', '1502'),
('1503013', 'Korongwe', '1503'),
('1503021', 'Mtenga', '1503'),
('1503031', 'Mkwamba', '1503'),
('1503043', 'Chala', '1503'),
('1503051', 'Kipande', '1503'),
('1503061', 'Isale', '1503'),
('1503071', 'Kate', '1503'),
('1503081', 'Sintali', '1503'),
('1503091', 'Kala', '1503'),
('1503101', 'Wampembe', '1503'),
('1503111', 'Ninde', '1503'),
('1503123', 'Kirando', '1503'),
('1503133', 'Kabwe', '1503'),
('1503141', 'Kipili', '1503'),
('1503151', 'Nkandasi', '1503'),
('1503162', 'Namanyere', '1503'),
('1503172', 'Nkomolo', '1503'),
('1504012', 'Malangali', '1504'),
('1504022', 'Mazwi', '1504'),
('1504032', 'Izia', '1504'),
('1504042', 'Katandala', '1504'),
('1504052', 'Old Sumbawanga', '1504'),
('1504062', 'Kizwite', '1504'),
('1504071', 'Ntendo', '1504'),
('1504081', 'Senga', '1504'),
('1504091', 'Mollo', '1504'),
('1504101', 'Pito', '1504'),
('1504111', 'Milanzi', '1504'),
('1504121', 'Matanga', '1504'),
('1504131', 'Kasense', '1504'),
('1504142', 'Majengo', '1504'),
('1504152', 'Chanji', '1504'),
('1601011', 'Misezero', '1601'),
('1601021', 'Bitare', '1601'),
('1601033', 'Kibondo', '1601'),
('1601041', 'Murungu', '1601'),
('1601051', 'Busagara', '1601'),
('1601061', 'Rugongwe', '1601'),
('1601071', 'Busunzu', '1601'),
('1601081', 'Kumsenga', '1601'),
('1601091', 'Kizazi', '1601'),
('1601103', 'Mabamba', '1601'),
('1601111', 'Bunyanbo', '1601'),
('1601121', 'Itaba', '1601'),
('1601131', 'Kitahana', '1601'),
('1602011', 'Kitanga', '1602'),
('1602021', 'Herushingo', '1602'),
('1602031', 'Nyamidaho', '1602'),
('1602041', 'Kitagata', '1602'),
('1602051', 'Nyachenda', '1602'),
('1602061', 'Buhoro', '1602'),
('1602071', 'Nyamnyusi', '1602'),
('1602081', 'Nyakitonto', '1602'),
('1602091', 'Kagerankanda', '1602'),
('1602101', 'Kurugongo', '1602'),
('1602111', 'Rungwe Mpya', '1602'),
('1602121', 'Asantenyerere', '1602'),
('1602131', 'Titye', '1602'),
('1602141', 'Shunguliba', '1602'),
('1602151', 'Muzye', '1602'),
('1602161', 'Bugaga', '1602'),
('1602171', 'Kigembe', '1602'),
('1602183', 'Rusesa', '1602'),
('1602191', 'Kwaga', '1602'),
('1603011', 'Kagunga', '1603'),
('1603021', 'Mkigo', '1603'),
('1603031', 'Mwamgongo', '1603'),
('1603041', 'Kalinzi', '1603'),
('1603051', 'Bitale', '1603'),
('1603061', 'Mkongoro', '1603'),
('1603071', 'Mahembe', '1603'),
('1603081', 'Matendo', '1603'),
('1603091', 'Mungonya', '1603'),
('1603101', 'Kagongo', '1603'),
('1603113', 'Mwandiga', '1603'),
('1604012', 'Gungu', '1604'),
('1604022', 'Kibirizi', '1604'),
('1604032', 'Buhanda', '1604'),
('1604042', 'Businde', '1604'),
('1604052', 'Machinjioni', '1604'),
('1604062', 'Kagera', '1604'),
('1604072', 'Kasimbu', '1604'),
('1604082', 'Rubuga', '1604'),
('1604092', 'Kasingirima', '1604'),
('1604102', 'Majengo', '1604'),
('1604112', 'Kitongoni', '1604'),
('1604122', 'Kipampa', '1604'),
('1604132', 'Rusimbi', '1604'),
('1604142', 'Buzebazeba', '1604'),
('1604152', 'Mwanga Kusini', '1604'),
('1604162', 'Kigoma', '1604'),
('1604172', 'Bangwe', '1604'),
('1604182', 'Mwanga Kaskazini', '1604'),
('1604192', 'Katubuka', '1604'),
('1605011', 'Kalya', '1605'),
('1605021', 'Buhingu', '1605'),
('1605031', 'Igalula', '1605'),
('1605041', 'Sigunga', '1605'),
('1605051', 'Sunuka', '1605'),
('1605061', 'Ilagala', '1605'),
('1605071', 'Simbo', '1605'),
('1605081', 'Kandaga', '1605'),
('1605091', 'Kazuramimba', '1605'),
('1605103', 'Uvinza', '1605'),
('1605111', 'Mganza', '1605'),
('1605121', 'Mtego wa Noti', '1605'),
('1605133', 'Nguruka', '1605'),
('1605141', 'Itebula', '1605'),
('1606011', 'Nyamugali', '1606'),
('1606021', 'Biharu', '1606'),
('1606031', 'Muyama', '1606'),
('1606041', 'Kajana', '1606'),
('1606051', 'Mugera', '1606'),
('1606061', 'Kilelema', '1606'),
('1606071', 'Munyegera', '1606'),
('1606081', 'Buhigwe', '1606'),
('1606091', 'Kibande', '1606'),
('1606101', 'Janda', '1606'),
('1606111', 'Munzeze', '1606'),
('1606121', 'Rusaba', '1606'),
('1606131', 'Muhinda', '1606'),
('1606141', 'Munanila', '1606'),
('1606151', 'Mwayaya', '1606'),
('1607011', 'Nyabibuye', '1607'),
('1607021', 'Nyamtukuza', '1607'),
('1607031', 'Muhange', '1607'),
('1607041', 'Kasuga', '1607'),
('1607053', 'Kakonko', '1607'),
('1607061', 'Kiziguzigu', '1607'),
('1607071', 'Rugenge', '1607'),
('1607081', 'Kasanda', '1607'),
('1607091', 'Gwanumpu', '1607'),
('1607101', 'Katanga', '1607'),
('1607111', 'Mugunzu', '1607'),
('1608011', 'Muganza', '1608'),
('1608021', 'Kigondo', '1608'),
('1608031', 'Msambara', '1608'),
('1608041', 'Ruhita', '1608'),
('1608051', 'Nyumbigwa', '1608'),
('1608061', 'Murufiti', '1608'),
('1608071', 'Nyansha', '1608'),
('1608082', 'Kasulu Mjini', '1608'),
('1608091', 'Muhunga', '1608'),
('1701011', 'Mwamalili', '1701'),
('1701021', 'Kolandoto', '1701'),
('1701032', 'Ngokolo', '1701'),
('1701043', 'Ibadakuli', '1701'),
('1701052', 'Shinyanga Mjini', '1701'),
('1701062', 'Chamaguha', '1701'),
('1701072', 'Ibinzamata', '1701'),
('1701082', 'Kitangili', '1701'),
('1701091', 'Kizumbi', '1701'),
('1701101', 'Mwawaza', '1701'),
('1701112', 'Ndala', '1701'),
('1701122', 'Kambarage', '1701'),
('1701131', 'Chibe', '1701'),
('1701142', 'Lubaga', '1701'),
('1701152', 'Ndembezi', '1701'),
('1701162', 'Masekelo', '1701'),
('1701173', 'Old Shinyanga', '1701'),
('1702011', 'Bunambiyu', '1702'),
('1702021', 'Bubiki', '1702'),
('1702033', 'Songwa', '1702'),
('1702041', 'Seke-Bugoro', '1702'),
('1702051', 'Mondo', '1702'),
('1702063', 'Mwadui Lohumbo', '1702'),
('1702071', 'Uchunga', '1702'),
('1702083', 'Kishapu', '1702'),
('1702091', 'Mwakipoya', '1702'),
('1702101', 'Shagihilu', '1702'),
('1702111', 'Somagedi', '1702'),
('1702121', 'Mwamalasa', '1702'),
('1702131', 'Masanga', '1702'),
('1702141', 'Lagana', '1702'),
('1702151', 'Mwamashele', '1702'),
('1702161', 'Ngofila', '1702'),
('1702171', 'Kiloleli', '1702'),
('1702181', 'Ukenyenge', '1702'),
('1702191', 'Talaga', '1702'),
('1702201', 'Itilima', '1702'),
('1703011', 'Imesela', '1703'),
('1703021', 'Usule', '1703'),
('1703031', 'Ilola', '1703'),
('1703041', 'Didia', '1703'),
('1703051', 'Itwangi', '1703'),
('1703063', 'Tinde', '1703'),
('1703071', 'Mwakitolyo', '1703'),
('1703081', 'Salawe', '1703'),
('1703091', 'Solwa', '1703'),
('1703101', 'Iselamagazi', '1703'),
('1703111', 'Lyabukande', '1703'),
('1703121', 'Mwantini', '1703'),
('1703131', 'Pandagichiza', '1703'),
('1703141', 'Mwamala', '1703'),
('1703151', 'Samuye', '1703'),
('1703161', 'Usanda', '1703'),
('1703171', 'Puni', '1703'),
('1703181', 'Nyida', '1703'),
('1703191', 'Nsalala', '1703'),
('1703201', 'Bukene', '1703'),
('1703211', 'Masengwa', '1703'),
('1703221', 'Mwenge', '1703'),
('1703231', 'Lyabusalu', '1703'),
('1703241', 'Mwalukwa', '1703'),
('1703251', 'Nyamalogo', '1703'),
('1703261', 'Lyamidati', '1703'),
('1704013', 'Bulyanhulu', '1704'),
('1704023', 'Bugarama', '1704'),
('1704031', 'Lunguya', '1704'),
('1704041', 'Shilela', '1704'),
('1704053', 'Segese', '1704'),
('1704061', 'Mega', '1704'),
('1704071', 'Chela', '1704'),
('1704081', 'Busangi', '1704'),
('1704091', 'Ntobo', '1704'),
('1704101', 'Ngaya', '1704'),
('1704111', 'Bulige', '1704'),
('1704121', 'Kashishi', '1704'),
('1704131', 'Mwanase', '1704'),
('1704141', 'Mwalugulu', '1704'),
('1704151', 'Jana', '1704'),
('1704163', 'Isaka', '1704'),
('1704171', 'Chona', '1704'),
('1704181', 'Chambo', '1704'),
('1704191', 'Kisuke', '1704'),
('1704201', 'Mapamba', '1704'),
('1704211', 'Bukomela', '1704'),
('1704221', 'Ukune', '1704'),
('1704231', 'Igunda', '1704'),
('1704241', 'Kinamapula', '1704'),
('1704251', 'Igwamanoni', '1704'),
('1704261', 'Mpunze', '1704'),
('1704271', 'Sabasabini', '1704'),
('1704281', 'Idahina', '1704'),
('1704291', 'Bulungwa', '1704'),
('1704301', 'Nyankende', '1704'),
('1704311', 'Ulewe', '1704'),
('1704321', 'Ushetu', '1704'),
('1704331', 'Uyogo', '1704'),
('1704343', 'Ulowa', '1704'),
('1704351', 'Ubagwe', '1704'),
('1705011', 'Ngogwa', '1705'),
('1705021', 'Wendele', '1705'),
('1705031', 'Kinaga', '1705'),
('1705041', 'Isagehe', '1705'),
('1705051', 'Mondo', '1705'),
('1705063', 'Kagongwa', '1705'),
('1705073', 'Nyahanga', '1705'),
('1705083', 'Malunga', '1705'),
('1705093', 'Mhongolo', '1705'),
('1705103', 'Mwendakulima', '1705'),
('1705111', 'Zongomera', '1705'),
('1705123', 'Mhungula', '1705'),
('1705132', 'Nyihogo', '1705'),
('1705143', 'Nyasubi', '1705'),
('1705152', 'Kahama Mjini', '1705'),
('1705163', 'Majengo', '1705'),
('1705171', 'Busoka', '1705'),
('1705181', 'Kilago', '1705'),
('1705191', 'Iyenze', '1705'),
('1705201', 'Nyandekwa', '1705'),
('1801011', 'Igurwa', '1801'),
('1801021', 'Kanoni', '1801'),
('1801031', 'Kihanga', '1801'),
('1801041', 'Kituntu', '1801'),
('1801051', 'Chanika', '1801'),
('1801063', 'Kayanga', '1801'),
('1801073', 'Bugene', '1801'),
('1801083', 'Ndama', '1801'),
('1801091', 'Rugera', '1801'),
('1801101', 'Ihembe', '1801'),
('1801111', 'Nyaishozi', '1801'),
('1801121', 'Rugu', '1801'),
('1801131', 'Nyakasimbi', '1801'),
('1801141', 'Nyakakika', '1801'),
('1801151', 'Nyakabanga', '1801'),
('1801161', 'Bweranyange', '1801'),
('1801171', 'Kibondo', '1801'),
('1801181', 'Nyabiyonza', '1801'),
('1801191', 'Kiruruma', '1801'),
('1801203', 'Nyakahanga', '1801'),
('1801211', 'Ihanda', '1801'),
('1801221', 'Chonyonyo', '1801'),
('1802011', 'Rubafu', '1802'),
('1802021', 'Kishanje', '1802'),
('1802031', 'Kaagya', '1802'),
('1802041', 'Buhendangabo', '1802'),
('1802051', 'Nyakato', '1802'),
('1802061', 'Katoma', '1802'),
('1802071', 'Karabagaine', '1802'),
('1802081', 'Bujugo', '1802'),
('1802091', 'Maruku', '1802'),
('1802101', 'Kanyangereko', '1802'),
('1802111', 'Katerero', '1802'),
('1802123', 'Kemondo', '1802'),
('1802131', 'Nyakibimbili', '1802'),
('1802141', 'Ibwera', '1802'),
('1802151', 'Mikoni', '1802'),
('1802161', 'Butelankuzi', '1802'),
('1802171', 'Rubale', '1802'),
('1802181', 'Rukoma', '1802'),
('1802191', 'Kikomero', '1802'),
('1802201', 'Kibirizi', '1802'),
('1802211', 'Izimbya', '1802'),
('1802221', 'Butulage', '1802'),
('1802231', 'Ruhunga', '1802'),
('1802241', 'Mugajwale', '1802'),
('1802251', 'Kyamulaile', '1802'),
('1802263', 'Katoro', '1802'),
('1802271', 'Kaibanja', '1802'),
('1802281', 'Kasharu', '1802'),
('1802291', 'Kishogo', '1802'),
('1803011', 'Muhutwe', '1803'),
('1803021', 'Mayondwe', '1803'),
('1803031', 'Goziba', '1803'),
('1803041', 'Kerebe', '1803'),
('1803051', 'Bumbire', '1803'),
('1803061', 'Ikuza', '1803'),
('1803071', 'Izigo', '1803'),
('1803081', 'Katoke', '1803'),
('1803091', 'Kagoma', '1803'),
('1803101', 'Kikuku', '1803'),
('1803111', 'Bureza', '1803'),
('1803123', 'Muleba', '1803'),
('1803131', 'Ikondo', '1803'),
('1803141', 'Buhangaza', '1803'),
('1803151', 'Mazinga(Kisiwa)', '1803'),
('1803161', 'Magata(Karutanga)', '1803'),
('1803171', 'Gwanseli', '1803'),
('1803181', 'Kibanga', '1803'),
('1803191', 'Kasharunga', '1803'),
('1803201', 'Rulanda', '1803'),
('1803211', 'Kimwani', '1803'),
('1803221', 'Nyakabango', '1803'),
('1803231', 'Kyebitembe', '1803'),
('1803241', 'Karambi', '1803'),
('1803251', 'Mubunda', '1803'),
('1803261', 'Bisheke', '1803'),
('1803271', 'Burungura', '1803'),
('1803281', 'Biirabo', '1803'),
('1803291', 'Mushabago', '1803'),
('1803301', 'Nyakatanga', '1803'),
('1803311', 'Ngenge', '1803'),
('1803321', 'Rutoro', '1803'),
('1803331', 'Kabirizi', '1803'),
('1803343', 'Nshamba', '1803'),
('1803351', 'Kashasha', '1803'),
('1803361', 'Ijumbi', '1803'),
('1803371', 'Kishanda', '1803'),
('1803381', 'Buganguzi', '1803'),
('1803391', 'Ibuga', '1803'),
('1803401', 'Bulyakashaju', '1803'),
('1803413', 'Kamachumu', '1803'),
('1803421', 'Ruhanga', '1803'),
('1803431', 'Mafumbo', '1803'),
('1804011', 'Nyakahura', '1804'),
('1804021', 'Ruziba', '1804'),
('1804033', 'Biharamulo Mjini', '1804'),
('1804041', 'Bisibo', '1804'),
('1804051', 'Nyarubungo', '1804'),
('1804061', 'Nyamahanga', '1804'),
('1804071', 'Runazi', '1804'),
('1804081', 'Kabindi', '1804'),
('1804091', 'Nyamigogo', '1804'),
('1804101', 'Nyabusozi', '1804'),
('1804111', 'Nemba', '1804'),
('1804121', 'Lusahunga', '1804'),
('1804131', 'Kaniha', '1804'),
('1804141', 'Nyantakara', '1804'),
('1804151', 'Kalenge', '1804'),
('1805011', 'Rusumo', '1805'),
('1805021', 'Nyakisasa', '1805'),
('1805033', 'Rulenge', '1805'),
('1805041', 'Keza', '1805'),
('1805051', 'Murusagamba', '1805'),
('1805061', 'Muganza', '1805'),
('1805071', 'Bugarama', '1805'),
('1805081', 'Bukiriro', '1805'),
('1805093', 'Kabanga', '1805'),
('1805101', 'Mabawe', '1805'),
('1805111', 'Kanazi', '1805'),
('1805121', 'Mugoma', '1805'),
('1805131', 'Kirushya', '1805'),
('1805141', 'Ntobeye', '1805'),
('1805151', 'Nyamiyaga', '1805'),
('1805163', 'Ngara Mjini', '1805'),
('1805171', 'Kibimba', '1805'),
('1805181', 'Mbuba', '1805'),
('1805191', 'Murukulazo', '1805'),
('1805201', 'Kasulo', '1805'),
('1806012', 'Hamugembe', '1806'),
('1806022', 'Nshambya', '1806'),
('1806032', 'Buhembe', '1806'),
('1806042', 'Kahororo', '1806'),
('1806052', 'Kashai', '1806'),
('1806062', 'Miembeni', '1806'),
('1806072', 'Bilele', '1806'),
('1806082', 'Bakoba', '1806'),
('1806092', 'Ijuganyondo', '1806'),
('1806102', 'Kitendaguro', '1806'),
('1806112', 'Kibeta', '1806'),
('1806122', 'Kagondo', '1806'),
('1806132', 'Nyanga', '1806'),
('1806142', 'Rwamishenye', '1806'),
('1807011', 'Kakunyu', '1807'),
('1807021', 'Nsunga', '1807'),
('1807033', 'Mutukula', '1807'),
('1807043', 'Kassambya', '1807'),
('1807051', 'Minziro', '1807'),
('1807061', 'Ruzinga', '1807'),
('1807071', 'Kashenye', '1807'),
('1807081', 'Kanyigo', '1807'),
('1807091', 'Ishunju', '1807'),
('1807101', 'Buyango', '1807'),
('1807111', 'Bwanjai', '1807'),
('1807121', 'Ishozi', '1807'),
('1807131', 'Gera', '1807'),
('1807141', 'Bugandika', '1807'),
('1807151', 'Kitobo', '1807'),
('1807161', 'Bugorora', '1807'),
('1807173', 'Kyaka', '1807'),
('1807181', 'Mushasha', '1807'),
('1807191', 'Kilimilile', '1807'),
('1807201', 'Mabale', '1807'),
('1808011', 'Isingiro', '1808'),
('1808021', 'Kaisho', '1808'),
('1808031', 'Rutunguru', '1808'),
('1808041', 'Kibingo', '1808'),
('1808051', 'Murongo', '1808'),
('1808061', 'Bugomora', '1808'),
('1808071', 'Kibale', '1808'),
('1808081', 'Mabira', '1808'),
('1808091', 'Businde', '1808'),
('1808101', 'Kamuli', '1808'),
('1808111', 'Nyakatuntu', '1808'),
('1808121', 'Kimuli', '1808'),
('1808131', 'Kikukuru', '1808'),
('1808141', 'Rwabwere', '1808'),
('1808151', 'Nkwenda', '1808'),
('1808161', 'Rukuraijo', '1808'),
('1808171', 'Songambele', '1808'),
('1808181', 'Kyerwa', '1808'),
('1901012', 'Nansio', '1901'),
('1901022', 'Kagera', '1901'),
('1901032', 'Nakatunguru', '1901'),
('1901041', 'Kakerege', '1901'),
('1901053', 'Bukongo', '1901'),
('1901063', 'Nkilizya', '1901'),
('1901071', 'Bukanda', '1901'),
('1901081', 'Mukituntu', '1901'),
('1901091', 'Igalla', '1901'),
('1901101', 'Bwiro', '1901'),
('1901113', 'Muriti', '1901'),
('1901121', 'Ilangala', '1901'),
('1901131', 'Namilembe', '1901'),
('1901141', 'Nduruma', '1901'),
('1901151', 'Murutunguru', '1901'),
('1901161', 'Kagunguli', '1901'),
('1901171', 'Bukindo', '1901'),
('1901181', 'Namagondo', '1901'),
('1901191', 'Ngoma', '1901'),
('1901201', 'Bwisya', '1901'),
('1901211', 'Bukungu', '1901'),
('1901221', 'Nyamanga', '1901'),
('1901231', 'Bukiko', '1901'),
('1901241', 'Irugwa', '1901'),
('1902013', 'Kisesa', '1902'),
('1902021', 'Bujashi', '1902'),
('1902031', 'Lutale', '1902'),
('1902041', 'Kongolo', '1902'),
('1902053', 'Nyanguge', '1902'),
('1902061', 'Kitongo Sima', '1902'),
('1902071', 'Mwamanga', '1902'),
('1902081', 'Kahangara', '1902'),
('1902091', 'Nyigogo', '1902'),
('1902101', 'Mwamabanza', '1902'),
('1902111', 'Sukuma', '1902'),
('1902121', 'Lubugu', '1902'),
('1902131', 'Ng''haya', '1902'),
('1902141', 'Nkungulu', '1902'),
('1902151', 'Jinjimili', '1902'),
('1902161', 'Shishani', '1902'),
('1902172', 'Magu Mjini', '1902'),
('1902181', 'Bukandwe', '1902'),
('1903012', 'Mikuyuni', '1903'),
('1903022', 'Igogo', '1903'),
('1903032', 'Pamba', '1903'),
('1903042', 'Nyamagana', '1903'),
('1903052', 'Mirongo', '1903'),
('1903062', 'Isamilo', '1903'),
('1903072', 'Mbugani', '1903'),
('1903082', 'Mahina', '1903'),
('1903092', 'Igoma', '1903'),
('1903102', 'Buhongwa', '1903'),
('1903112', 'Mkolani', '1903'),
('1903122', 'Butimba', '1903'),
('1904011', 'Walla', '1904'),
('1904021', 'Bungulwa', '1904'),
('1904031', 'Sumve', '1904'),
('1904041', 'Mantare', '1904'),
('1904051', 'Ngulla', '1904'),
('1904061', 'Mwabomba', '1904'),
('1904071', 'Mwagi', '1904'),
('1904081', 'Iseni', '1904'),
('1904091', 'Nyambiti', '1904'),
('1904101', 'Maligisu', '1904'),
('1904111', 'Mwandu', '1904'),
('1904123', 'Malya', '1904'),
('1904131', 'Lyoma', '1904'),
('1904141', 'Mwang''halanga', '1904'),
('1904151', 'Nyamilama', '1904'),
('1904161', 'Mwakilyambiti', '1904'),
('1904171', 'Hungumalwa', '1904'),
('1904181', 'Mwamala', '1904'),
('1904191', 'Kikubiji', '1904'),
('1904201', 'Mhande', '1904'),
('1904211', 'Bupamwa', '1904'),
('1904221', 'Fukalo', '1904'),
('1904231', 'Ng''hundi', '1904'),
('1904241', 'Igongwa', '1904'),
('1904252', 'Ngudu', '1904'),
('1904261', 'Bugando', '1904'),
('1904271', 'Nkalalo', '1904'),
('1904281', 'Mwankulwe', '1904'),
('1904291', 'Ilula', '1904'),
('1904301', 'Shilembo', '1904'),
('1905012', 'Ibisabageni', '1905'),
('1905021', 'Nyamazugo', '1905'),
('1905031', 'Chifunfu', '1905'),
('1905041', 'Katunguru', '1905'),
('1905051', 'Kasungamile', '1905'),
('1905061', 'Nyamatongo', '1905'),
('1905071', 'Tabaruka', '1905'),
('1905081', 'Busisi', '1905'),
('1905091', 'Buyagu', '1905'),
('1905101', 'Igalula', '1905'),
('1905111', 'Kagunga', '1905'),
('1905121', 'Sima', '1905'),
('1905131', 'Nyakasungwa', '1905'),
('1905141', 'Kalebezo', '1905'),
('1905151', 'Nyehunge', '1905'),
('1905161', 'Kafunzo', '1905'),
('1905171', 'Bupandwa', '1905'),
('1905181', 'Katwe', '1905'),
('1905191', 'Maisome', '1905'),
('1905201', 'Kazunzu', '1905'),
('1905211', 'Lugata', '1905'),
('1905221', 'Nyakaliro', '1905'),
('1905231', 'Nyakasasa', '1905'),
('1905241', 'Buzilasoga', '1905'),
('1905251', 'Nyanzenda', '1905'),
('1905261', 'Bulyaheke', '1905'),
('1905271', 'Irenza', '1905'),
('1905281', 'Kasenyi', '1905'),
('1905292', 'Mwabaluhi', '1905'),
('1905302', 'Nyatukala', '1905'),
('1905312', 'Nyampulukano', '1905'),
('1905321', 'Nyampande', '1905'),
('1905331', 'Kishinda', '1905'),
('1905341', 'Igulumuki', '1905'),
('1906012', 'Buswelu', '1906'),
('1906022', 'Nyakato', '1906'),
('1906032', 'Nyamanoro', '1906'),
('1906042', 'Kirumba', '1906'),
('1906052', 'Kitangiri', '1906'),
('1906062', 'Pasiansi', '1906'),
('1906072', 'Ilemela', '1906'),
('1906082', 'Bugogwa', '1906'),
('1906092', 'Sangabuye', '1906'),
('1907011', 'Bulemeji', '1907'),
('1907021', 'Idetemya', '1907'),
('1907033', 'Usagara', '1907'),
('1907041', 'Ukiriguru', '1907'),
('1907051', 'Kanyelele', '1907'),
('1907061', 'Koromije', '1907'),
('1907071', 'Igokelo', '1907'),
('1907081', 'Mwaniko', '1907'),
('1907093', 'Misungwi', '1907'),
('1907103', 'Misasi', '1907'),
('1907111', 'Kijima', '1907'),
('1907121', 'Shilalo', '1907'),
('1907131', 'Buhingo', '1907'),
('1907141', 'Busongo', '1907'),
('1907151', 'Nhundulu', '1907'),
('1907161', 'Lubili', '1907'),
('1907171', 'Ilujamate', '1907'),
('1907181', 'Mbarika', '1907'),
('1907191', 'Sumbugu', '1907'),
('1907201', 'Kasololo', '1907'),
('1907211', 'Ilalambogo', '1907'),
('1907221', 'Isesa', '1907'),
('1907231', 'Gulumungu', '1907'),
('1907241', 'Mabuki', '1907'),
('1907251', 'Mondo', '1907'),
('1907261', 'Mamaye', '1907'),
('1907271', 'Fella', '1907'),
('2001011', 'Susuni', '2001'),
('2001021', 'Mwema', '2001'),
('2001033', 'Sirari', '2001'),
('2001041', 'Pemba', '2001'),
('2001051', 'Nyakonga', '2001'),
('2001061', 'Nyarero', '2001'),
('2001071', 'Nyamwaga', '2001'),
('2001081', 'Muriba', '2001'),
('2001091', 'Nyanungu', '2001'),
('2001101', 'Gorong''a', '2001'),
('2001111', 'Nyarokoba', '2001'),
('2001121', 'Kemambo', '2001'),
('2001131', 'Kibasuka', '2001'),
('2001141', 'Binagi', '2001'),
('2001153', 'Turwa', '2001'),
('2001162', 'Bomani', '2001'),
('2001171', 'Nyandoto', '2001'),
('2001183', 'Matongo', '2001'),
('2001191', 'Manga', '2001'),
('2001201', 'Bumera', '2001'),
('2001211', 'Komaswa', '2001'),
('2001221', 'Kiore', '2001'),
('2001232', 'Sabasaba', '2001'),
('2001242', 'Nyamisangura', '2001'),
('2001251', 'Kentare', '2001'),
('2001261', 'Nyamaranga', '2001'),
('2001271', 'Mbogi', '2001'),
('2001281', 'Genyange', '2001'),
('2001291', 'Nyansincha', '2001'),
('2001301', 'Itiryo', '2001'),
('2002011', 'Kenyamonta', '2002'),
('2002021', 'Busawe', '2002'),
('2002031', 'Kisaka', '2002'),
('2002041', 'Kebanchabancha', '2002'),
('2002051', 'Ring''wani', '2002'),
('2002061', 'Rung''abure', '2002'),
('2002071', 'Machochwe', '2002'),
('2002081', 'Kisangura', '2002'),
('2002092', 'Mugumu', '2002'),
('2002101', 'Ikoma', '2002'),
('2002111', 'Natta', '2002'),
('2002123', 'Issenye', '2002'),
('2002131', 'Rigicha', '2002'),
('2002141', 'Nyambureti', '2002'),
('2002151', 'Nyamoko', '2002'),
('2002161', 'Manchira', '2002'),
('2002171', 'Kyambahi', '2002'),
('2002181', 'Nyamatare', '2002'),
('2002191', 'Majimoto', '2002'),
('2002201', 'Magange', '2002'),
('2002211', 'Nyansurura', '2002'),
('2002221', 'Mosongo', '2002'),
('2002231', 'Sedeco', '2002'),
('2002241', 'Mbalibali', '2002'),
('2002252', 'Stendi Kuu', '2002'),
('2002261', 'Geitasamo', '2002'),
('2002273', 'Morotonga', '2002'),
('2002281', 'Uwanja wa Ndege', '2002'),
('2003011', 'Bukumi', '2003'),
('2003021', 'Makojo', '2003'),
('2003031', 'Bwasi', '2003'),
('2003041', 'Bulinga', '2003'),
('2003051', 'Bukima', '2003'),
('2003061', 'Murangi', '2003'),
('2003071', 'Bugwema', '2003'),
('2003081', 'Nyamrandirira', '2003'),
('2003091', 'Nyambono', '2003'),
('2003101', 'Suguti', '2003'),
('2003111', 'Tegeruka', '2003'),
('2003121', 'Kiriba', '2003'),
('2003131', 'Busambara', '2003'),
('2003143', 'Mugango', '2003'),
('2004013', 'Nyamuswa', '2004'),
('2004021', 'Salama', '2004'),
('2004031', 'Mihingo', '2004'),
('2004041', 'Mugeta', '2004'),
('2004051', 'Hunyari', '2004'),
('2004061', 'Mcharo', '2004'),
('2004071', 'Sazira', '2004'),
('2004081', 'Kunzugu', '2004'),
('2004093', 'Bunda Mjini', '2004'),
('2004101', 'Guta', '2004'),
('2004111', 'Butimba', '2004'),
('2004121', 'Neruma', '2004'),
('2004133', 'Kibara', '2004'),
('2004141', 'Nansimo', '2004'),
('2004151', 'Kisorya', '2004'),
('2004161', 'Igundu', '2004'),
('2004171', 'Iramba', '2004'),
('2004181', 'Namhula', '2004'),
('2004191', 'Wariku', '2004'),
('2004201', 'Kabasa', '2004'),
('2004211', 'Nampindi', '2004'),
('2004221', 'Chitengule', '2004'),
('2004231', 'Kasuguti', '2004'),
('2004241', 'Balili', '2004'),
('2004243', 'Balili', '2004'),
('2004253', 'Bunda Stoo', '2004'),
('2004263', 'Nyasura', '2004'),
('2004271', 'Nyamang''uta', '2004'),
('2004281', 'Ketare', '2004'),
('2005012', 'Mukendo', '2005'),
('2005022', 'Mwigobero ', '2005'),
('2005032', 'Iringo', '2005'),
('2005042', 'Kitaji', '2005'),
('2005052', 'Nyasho', '2005'),
('2005062', 'Bweri', '2005'),
('2005072', 'Nyakato', '2005'),
('2005082', 'Kigera', '2005'),
('2005092', 'Kamunyonge', '2005'),
('2005102', 'Nyamatare', '2005'),
('2005112', 'Mwisenge', '2005'),
('2005122', 'Buhare ', '2005'),
('2005132', 'Makoko', '2005'),
('2006011', 'Kigunga', '2006'),
('2006021', 'Kirogo', '2006'),
('2006031', 'Nyamtinga', '2006'),
('2006041', 'Nyamagaro', '2006'),
('2006051', 'Nyahongo', '2006'),
('2006063', 'Mkoma', '2006'),
('2006071', 'Tai', '2006'),
('2006081', 'Bukura', '2006'),
('2006091', 'Roche', '2006'),
('2006101', 'Kitembe', '2006'),
('2006111', 'Mirare', '2006'),
('2006121', 'Goribe', '2006'),
('2006131', 'Ikoma', '2006'),
('2006143', 'Koryo', '2006'),
('2006151', 'Bukwe', '2006'),
('2006161', 'Nyathorogo', '2006'),
('2006171', 'Rabour', '2006'),
('2006181', 'Kisumwa', '2006'),
('2006191', 'Komuge', '2006'),
('2006201', 'Nyamunga', '2006'),
('2006211', 'Kyang''ombe', '2006'),
('2007011', 'Bwiregi', '2007'),
('2007021', 'Buswahili', '2007'),
('2007031', 'Nyamimange', '2007'),
('2007041', 'Sirorisimba', '2007'),
('2007051', 'Buhemba', '2007'),
('2007061', 'Mirwa', '2007'),
('2007071', 'Muriaza', '2007'),
('2007083', 'Butiama', '2007'),
('2007091', 'Masaba', '2007'),
('2007101', 'Kyanyari', '2007'),
('2007113', 'Kukirango', '2007'),
('2007121', 'Buruma', '2007'),
('2007131', 'Nyakatende', '2007'),
('2007141', 'Etaro', '2007'),
('2007151', 'Nyegina', '2007'),
('2007161', 'Nyankanga', '2007'),
('2007171', 'Bisumwa', '2007'),
('2007181', 'Bukabwa', '2007'),
('2007191', 'Butuguri', '2007'),
('2007201', 'Busegwe', '2007'),
('2101011', 'Magara', '2101'),
('2101021', 'Nkaiti', '2101'),
('2101031', 'Mwada', '2101'),
('2101041', 'Mamire', '2101'),
('2101053', 'Gallapo', '2101'),
('2101061', 'Qash', '2101'),
('2101071', 'Ayasanda', '2101'),
('2101081', 'Gidas', '2101'),
('2101091', 'Duru', '2101'),
('2101101', 'Riroda', '2101'),
('2101111', 'Arri', '2101'),
('2101123', 'Dareda', '2101'),
('2101131', 'Dabil', '2101'),
('2101141', 'Ufana', '2101'),
('2101151', 'Bashnet', '2101'),
('2101161', 'Madunga', '2101'),
('2101171', 'Kiru', '2101'),
('2101183', 'Magugu', '2101'),
('2101191', 'Baoy', '2101'),
('2101201', 'Nar', '2101'),
('2101211', 'Endakiso', '2101'),
('2102011', 'Balangidalalu', '2102'),
('2102021', 'Gehandu', '2102'),
('2102031', 'Laghanga', '2102'),
('2102041', 'Getanuwas', '2102'),
('2102051', 'Hirbadaw', '2102'),
('2102061', 'Bassodesh', '2102'),
('2102073', 'Bassotu', '2102'),
('2102081', 'Gendabi', '2102'),
('2102091', 'Mogitu', '2102'),
('2102101', 'Gitting', '2102'),
('2102111', 'Masakta', '2102'),
('2102121', 'Masqaroda', '2102'),
('2102133', 'Endasak', '2102'),
('2102141', 'Gidahababieg', '2102'),
('2102151', 'Measkron', '2102'),
('2102161', 'Hidet', '2102'),
('2102171', 'Simbay', '2102'),
('2102181', 'Sirop', '2102'),
('2102191', 'Gisambalang', '2102'),
('2102203', 'Nangwa', '2102'),
('2102212', 'Katesh', '2102'),
('2102222', 'Ganana', '2102'),
('2102231', 'Dirma', '2102'),
('2102241', 'Lalaji', '2102'),
('2102251', 'Endasiwold', '2102'),
('2103011', 'Daudi', '2103'),
('2103021', 'Bargish', '2103'),
('2103031', 'Gehandu', '2103'),
('2103041', 'Kainam', '2103'),
('2103051', 'Murray', '2103'),
('2103062', 'Ayamaami', '2103'),
('2103072', 'Uhuru', '2103'),
('2103081', 'Tlawi', '2103'),
('2103091', 'Bashay', '2103'),
('2103103', 'Dongobesh', '2103'),
('2103111', 'Tumati', '2103'),
('2103121', 'Maretadu', '2103'),
('2103131', 'Maghang', '2103'),
('2103143', 'Haydom', '2103'),
('2103151', 'Yaeda Chini', '2103'),
('2103161', 'Masieda', '2103'),
('2103171', 'Marang', '2103'),
('2103181', 'Gunyoda', '2103'),
('2103191', 'Nahasey', '2103'),
('2103201', 'Endamilay', '2103'),
('2103211', 'Yaeda Ampa', '2103'),
('2103221', 'Masqaroda', '2103'),
('2103231', 'Nambisi', '2103'),
('2103241', 'Dinamu', '2103'),
('2103252', 'Ayamohe', '2103'),
('2103262', 'Sanu Baray', '2103'),
('2103272', 'Imboru', '2103'),
('2103282', 'Endagikot', '2103'),
('2103291', 'Geterer', '2103'),
('2103301', 'Hayderer', '2103'),
('2103311', 'Eshkesh', '2103'),
('2103321', 'Gidihim', '2103'),
('2104012', 'Orkesumet', '2104'),
('2104023', 'Naberera', '2104'),
('2104031', 'Loiborsiret', '2104'),
('2104041', 'Emboreet', '2104'),
('2104051', 'Terrat', '2104'),
('2104061', 'Oljoro  No. 5', '2104'),
('2104071', 'Shambarai', '2104'),
('2104082', 'Mrerani', '2104'),
('2104091', 'Msitu wa Tembo', '2104'),
('2104101', 'Ngorika', '2104'),
('2104111', 'Liborsoit', '2104'),
('2104121', 'Ruvu Remiti', '2104'),
('2104131', 'Kitwai', '2104'),
('2104141', 'Komolo', '2104'),
('2104151', 'Naisinyai', '2104'),
('2104161', 'Endiamtu', '2104'),
('2104171', 'Endonyongijape', '2104'),
('2105012', 'Kibaya', '2105'),
('2105021', 'Partimbo', '2105'),
('2105031', 'Njoro', '2105'),
('2105043', 'Olboroti', '2105'),
('2105051', 'Makame', '2105'),
('2105061', 'Ndedo', '2105'),
('2105071', 'Kijungu', '2105'),
('2105081', 'Lengatei', '2105'),
('2105091', 'Sunya', '2105'),
('2105101', 'Dongo', '2105'),
('2105111', 'Songambele', '2105'),
('2105121', 'Dosidosi', '2105'),
('2105131', 'Engusero', '2105'),
('2105143', 'Matui', '2105'),
('2105153', 'Bwagamoyo', '2105'),
('2105161', 'Loolera', '2105'),
('2105171', 'Magungu', '2105'),
('2105181', 'Chapakazi', '2105'),
('2105191', 'Namelock', '2105'),
('2106012', 'Babati', '2106'),
('2106021', 'Mutuka', '2106'),
('2106033', 'Nangara', '2106'),
('2106043', 'Singe', '2106'),
('2106053', 'Bonga', '2106'),
('2106063', 'Bagara', '2106'),
('2106071', 'Sigino', '2106'),
('2106083', 'Maisaka', '2106'),
('2201012', 'Njombe Mjini', '2201'),
('2201022', 'Mjimwema', '2201'),
('2201032', 'Ramadhani', '2201'),
('2201041', 'Yakobi', '2201'),
('2201051', 'Kifanya', '2201'),
('2201061', 'Ihanga', '2201'),
('2201071', 'Iwungilo', '2201'),
('2201083', 'Luponde', '2201'),
('2201091', 'Matola', '2201'),
('2201101', 'Makowo', '2201'),
('2201111', 'Lugenge', '2201'),
('2201123', 'Uwemba', '2201'),
('2201131', 'Utalingolo', '2201'),
('2202011', 'Saja', '2202'),
('2202021', 'Kijombe', '2202'),
('2202033', 'Wanging`ombe', '2202'),
('2202043', 'Ilembula', '2202'),
('2202051', 'Uhambule', '2202'),
('2202061', 'Usuka', '2202'),
('2202071', 'Igwachanya', '2202'),
('2202081', 'Mdandu', '2202'),
('2202091', 'Igima', '2202'),
('2202101', 'Imalinyi', '2202'),
('2202111', 'Ulembwe', '2202'),
('2202121', 'Makoga', '2202'),
('2202131', 'Kipengere', '2202'),
('2202141', 'Igosi', '2202'),
('2202151', 'Wangama', '2202'),
('2202161', 'Kidugala', '2202'),
('2202171', 'Luduga', '2202'),
('2203011', 'Lupalilo', '2203'),
('2203023', 'Iwawa', '2203'),
('2203031', 'Mang`oto', '2203'),
('2203041', 'Lupila', '2203'),
('2203051', 'Ukwama', '2203'),
('2203061', 'Bulongwa', '2203'),
('2203071', 'Kipagilo', '2203'),
('2203081', 'Iniho', '2203'),
('2203091', 'Ipelele', '2203'),
('2203101', 'Kigulu', '2203'),
('2203113', 'Matamba', '2203'),
('2203121', 'Mlondwe', '2203'),
('2203131', 'Kitulo', '2203'),
('2203141', 'Ikuwo', '2203'),
('2203151', 'Mfumbi', '2203'),
('2203161', 'Ipepo', '2203'),
('2203171', 'Mbalatse', '2203'),
('2203181', 'Tandala', '2203'),
('2203191', 'Luwumbu', '2203'),
('2203201', 'Isapulano', '2203'),
('2203211', 'Kigala', '2203'),
('2203221', 'Itundu', '2203'),
('2204013', 'Mtwango', '2204'),
('2204021', 'Igongolo', '2204'),
('2204031', 'Kichiwa', '2204'),
('2204041', 'Ninga', '2204'),
('2204051', 'Ikuna', '2204'),
('2204061', 'Kidegembye', '2204'),
('2204073', 'Matembwe', '2204'),
('2204081', 'Lupembe', '2204'),
('2204091', 'Ikondo', '2204'),
('2204101', 'Mfriga', '2204'),
('2204111', 'Idamba', '2204'),
('2205011', 'Lumbila', '2205'),
('2205021', 'Kilondo', '2205'),
('2205031', 'Mawengi', '2205'),
('2205041', 'Lupanga', '2205'),
('2205053', 'Mlangali', '2205'),
('2205061', 'Milo', '2205'),
('2205073', 'Lugarawa', '2205'),
('2205081', 'Madope', '2205'),
('2205091', 'Madilu', '2205'),
('2205101', 'Mundindi', '2205'),
('2205111', 'Mavanga', '2205'),
('2205121', 'Ibumi', '2205'),
('2205131', 'Nkomang''ombe', '2205'),
('2205141', 'Luilo', '2205'),
('2205151', 'Masasi', '2205'),
('2205163', 'Manda', '2205'),
('2205171', 'Iwela', '2205'),
('2205181', 'Lupingu', '2205'),
('2205193', 'Ludewa', '2205'),
('2205201', 'Ludende', '2205'),
('2205211', 'Luana', '2205'),
('2205221', 'Makonde', '2205'),
('2205231', 'Mkongobaki', '2205'),
('2205241', 'Lifuma', '2205'),
('2205251', 'Ruhuhu', '2205'),
('2206013', 'Ubena', '2206'),
('2206022', 'Mjimwema', '2206'),
('2206031', 'Mlowa', '2206'),
('2206043', 'Lyamkena', '2206'),
('2206052', 'Mwembetogwa', '2206'),
('2206061', 'Mahongole', '2206'),
('2206071', 'Kitandililo', '2206'),
('2206081', 'Utengule', '2206'),
('2301011', 'Kakese', '2301'),
('2301022', 'Misunkumilo', '2301'),
('2301032', 'Shanwe', '2301'),
('2301042', 'Makanyagio', '2301'),
('2301052', 'Kashaulili', '2301'),
('2301062', 'Mpanda hotel', '2301'),
('2301072', 'Kawajense', '2301'),
('2301082', 'Nsemulwa', '2301'),
('2301092', 'Ilembo', '2301'),
('2302013', 'Mishamo', '2302'),
('2302021', 'Mpandandogo', '2302'),
('2302031', 'Mwese', '2302'),
('2302041', 'Katuma', '2302'),
('2302051', 'Kabungu', '2302'),
('2302061', 'Sibwesa', '2302'),
('2302071', 'Ikola', '2302'),
('2302083', 'Karema', '2302'),
('2302091', 'Kapalamsenga', '2302'),
('2303011', 'Kasokola', '2303'),
('2303021', 'Ugala', '2303'),
('2303031', 'Litapunga', '2303'),
('2303041', 'Mtapenda', '2303'),
('2303053', 'Inyonga', '2303'),
('2303061', 'Ilunde', '2303'),
('2303071', 'Ilela', '2303'),
('2303081', 'Utende', '2303'),
('2303091', 'Mamba', '2303'),
('2303101', 'Mbede', '2303'),
('2303111', 'Urwila', '2303'),
('2303121', 'Nsimbo', '2303'),
('2303131', 'Magamba', '2303'),
('2303141', 'Sitalike', '2303'),
('2303153', 'Usevya', '2303'),
('2303161', 'Kibaoni', '2303'),
('2303171', 'Machimboni', '2303'),
('2303181', 'Kapalala', '2303'),
('2303191', 'Itenka', '2303'),
('2303201', 'Ikuba', '2303'),
('2303211', 'Mwamapuli', '2303'),
('2303221', 'Majimoto', '2303'),
('2303231', 'Kasansa', '2303'),
('2303241', 'Nsenkwa', '2303'),
('2401011', 'Nkindwabiye', '2401'),
('2401021', 'Mwaubingi', '2401'),
('2401033', 'Nkololo', '2401'),
('2401041', 'Mwaumatondo', '2401'),
('2401051', 'Mwadobana', '2401'),
('2401061', 'Nyangokolwa', '2401'),
('2401073', 'Somanda', '2401'),
('2401081', 'Bunamhala', '2401'),
('2401091', 'Sakwe', '2401'),
('2401103', 'Ngulyati', '2401'),
('2401111', 'Mhango', '2401'),
('2401121', 'Kilalo', '2401'),
('2401131', 'Kasoli', '2401'),
('2401141', 'Gambosi', '2401'),
('2401151', 'Guduwi', '2401'),
('2401161', 'Ikungulyabashashi ', '2401'),
('2401173', 'Nyakabindi', '2401'),
('2401183', 'Dutwa', '2401'),
('2401191', 'Sapiwi', '2401'),
('2401201', 'Matongo', '2401'),
('2401211', 'Gilya', '2401'),
('2401221', 'Isanga', '2401'),
('2401233', 'Bariadi', '2401'),
('2401243', 'Malambo', '2401'),
('2401252', 'Sima', '2401'),
('2402011', 'Bumera', '2402'),
('2402021', 'Ikindilo', '2402'),
('2402031', 'Mwamtani', '2402'),
('2402041', 'Sagata', '2402'),
('2402051', 'Mwaswale', '2402'),
('2402061', 'Nkuyu', '2402'),
('2402071', 'Mhunze', '2402'),
('2402081', 'Migato', '2402'),
('2402091', 'Chinamili', '2402'),
('2402101', 'Ndolelezi', '2402'),
('2402111', 'Lagangabilili', '2402'),
('2402121', 'Budalabujiga', '2402'),
('2402131', 'Nkoma', '2402'),
('2402141', 'Mwalushu', '2402'),
('2402153', 'Mwamapalala', '2402'),
('2402161', 'Nyamalapa', '2402'),
('2402173', 'Lugulu', '2402'),
('2402181', 'Nhobora', '2402'),
('2402191', 'Zagayu', '2402'),
('2402201', 'Kinang''weli', '2402'),
('2402211', 'Mbita', '2402'),
('2402221', 'Sawida', '2402'),
('2403013', 'Mwanhuzi', '2403'),
('2403021', 'Nkoma', '2403'),
('2403031', 'Kimali', '2403'),
('2403041', 'Mwamishali', '2403'),
('2403051', 'Itinje', '2403'),
('2403061', 'Kisesa', '2403'),
('2403071', 'Mwandoya', '2403'),
('2403081', 'Lingeka', '2403'),
('2403091', 'Sakasaka', '2403'),
('2403101', 'Imalaseko', '2403'),
('2403111', 'Mwabuzo', '2403'),
('2403121', 'Mwamalole', '2403'),
('2403131', 'Mwanjolo', '2403'),
('2403141', 'Mwabuma', '2403'),
('2403151', 'Mwabusalu', '2403'),
('2403161', 'Lubiga', '2403'),
('2403171', 'Mwamanongu', '2403'),
('2403181', 'Ng''hoboko', '2403'),
('2403191', 'Bukundi', '2403'),
('2403201', 'Mwasengela', '2403'),
('2403211', 'Mwamanimba', '2403'),
('2403221', 'Tindabuligi', '2403'),
('2403231', 'Mwakisandu', '2403'),
('2403241', 'Mwangundo', '2403'),
('2403251', 'Mwanyahina', '2403'),
('2404011', 'Ng''wigwa', '2404'),
('2404021', 'Nguliguli', '2404'),
('2404031', 'Ipililo', '2404'),
('2404041', 'Senani', '2404'),
('2404051', 'Mwamanenge', '2404'),
('2404061', 'Sukuma', '2404'),
('2404071', 'Mpindo', '2404'),
('2404081', 'Dakama', '2404'),
('2404093', 'Lalago', '2404'),
('2404101', 'Budekwa', '2404'),
('2404111', 'Busilili', '2404'),
('2404121', 'Seng''wa', '2404'),
('2404131', 'Masela', '2404'),
('2404141', 'Isanga', '2404'),
('2404151', 'Zanzui', '2404'),
('2404161', 'Mwamashimba', '2404'),
('2404171', 'Buchambi', '2404'),
('2404181', 'Kadoto', '2404'),
('2404191', 'Shishiyu', '2404'),
('2404201', 'Nyabubinza', '2404'),
('2404211', 'Mwang''honoli', '2404'),
('2404221', 'Kulimi', '2404'),
('2404233', 'Malampaka', '2404'),
('2404241', 'Badi', '2404'),
('2404253', 'Nyalikungu', '2404'),
('2404263', 'Binza', '2404'),
('2405011', 'Shigala', '2405'),
('2405021', 'Badugu', '2405'),
('2405031', 'Nyaluhande', '2405'),
('2405041', 'Kiloleli', '2405'),
('2405051', 'Mwamanyili', '2405'),
('2405063', 'Kabita', '2405'),
('2405073', 'Kalemela', '2405'),
('2405083', 'Lamadi', '2405'),
('2405091', 'Lutubiga', '2405'),
('2405101', 'Mkula', '2405'),
('2405111', 'Ngasamo', '2405'),
('2405121', 'Malili', '2405'),
('2405131', 'Igalukilo', '2405'),
('2501011', 'Kagu', '2501'),
('2501021', 'Bugulula', '2501'),
('2501031', 'Senga', '2501'),
('2501041', 'Kakubilo', '2501'),
('2501053', 'Nkome', '2501'),
('2501061', 'Katoma', '2501'),
('2501071', 'Nzera', '2501'),
('2501081', 'Lwezera', '2501'),
('2501091', 'Kamhanga', '2501'),
('2501101', 'Bugalama', '2501'),
('2501111', 'Lubanga', '2501'),
('2501121', 'Isulwabutundwe', '2501'),
('2501133', 'Kasamwa', '2501'),
('2501141', 'Bung''wangoko', '2501'),
('2501151', 'Bulela', '2501'),
('2501161', 'Ihanamilo', '2501'),
('2501171', 'Nyanguku', '2501'),
('2501181', 'Kamena', '2501'),
('2501191', 'Nyamalimbe', '2501'),
('2501201', 'Bujula', '2501'),
('2501211', 'Bukoli', '2501'),
('2501221', 'Butobela', '2501'),
('2501231', 'Nyarugusu', '2501'),
('2501241', 'Nyakamwaga', '2501'),
('2501251', 'Lwamgasa', '2501'),
('2501261', 'Kaseme', '2501'),
('2501271', 'Busanda', '2501'),
('2501283', 'Katoro', '2501'),
('2501291', 'Nyamigota', '2501'),
('2501301', 'Nyakagomba', '2501'),
('2501311', 'Nyachiluluma', '2501'),
('2501321', 'Bukondo', '2501'),
('2501331', 'Chigunga', '2501'),
('2501341', 'Mtakuja', '2501'),
('2501352', 'Kalangalala', '2501'),
('2502011', 'Shabaka', '2502'),
('2502021', 'Busolwa', '2502'),
('2502031', 'Kakora', '2502'),
('2502041', 'Nyugwa', '2502'),
('2502051', 'Bukwimba', '2502'),
('2502061', 'Kafita', '2502'),
('2502071', 'Kharumwa', '2502'),
('2502081', 'Izunya', '2502'),
('2502091', 'Mwingiro', '2502'),
('2502101', 'Nyabulanda', '2502'),
('2502111', 'Nyang''hwale', '2502'),
('2502121', 'Nyijundu', '2502'),
('2503011', 'Nanda', '2503'),
('2503021', 'Ikobe', '2503'),
('2503031', 'Lulembela', '2503'),
('2503041', 'Ikunguigazi', '2503'),
('2503051', 'Isebya', '2503'),
('2503061', 'Ilolangulu', '2503'),
('2503071', 'Mbogwe', '2503'),
('2503081', 'Ngemo', '2503'),
('2503091', 'Ushirika', '2503'),
('2503101', 'Nyasato', '2503'),
('2503113', 'Lugunga', '2503'),
('2503123', 'Nyakafulu', '2503'),
('2503131', 'Bukandwe', '2503'),
('2503141', 'Ng''homolwa', '2503'),
('2503153', 'Masumbwe', '2503'),
('2503161', 'Iponya', '2503'),
('2504011', 'Runzewe Mashariki', '2504'),
('2504021', 'Runzewe Magharibi', '2504'),
('2504031', 'Namonge', '2504');
INSERT INTO `ward` (`ward_id`, `ward_name`, `district_id`) VALUES
('2504043', 'Uyovu', '2504'),
('2504051', 'Busonzo', '2504'),
('2504061', 'Ng''anzo', '2504'),
('2504071', 'Butinzya', '2504'),
('2504081', 'Ushirombo', '2504'),
('2504091', 'Lyambamgongo', '2504'),
('2504101', 'Bukombe', '2504'),
('2504111', 'Bugelenga', '2504'),
('2504121', 'Iyogelo', '2504'),
('2504133', 'Igulwa', '2504'),
('2505013', 'Muganza', '2505'),
('2505021', 'Bwongera', '2505'),
('2505031', 'Kigongo', '2505'),
('2505041', 'Nyamirembe', '2505'),
('2505051', 'Ichwankima', '2505'),
('2505061', 'Kachwamba', '2505'),
('2505071', 'Kasenga', '2505'),
('2505081', 'Ilemela', '2505'),
('2505093', 'Chato', '2505'),
('2505103', 'Muungano', '2505'),
('2505113', 'Bwina', '2505'),
('2505121', 'Katende', '2505'),
('2505131', 'Ilyamchele', '2505'),
('2505141', 'Bukome', '2505'),
('2505153', 'Buziku', '2505'),
('2505161', 'Nyarutembo', '2505'),
('2505171', 'Makurugusi', '2505'),
('2505183', 'Buseresere', '2505'),
('2505191', 'Butengorumasa', '2505'),
('2505201', 'Iparamasa', '2505'),
('2505213', 'Bwanga', '2505'),
('2505221', 'Bwera', '2505');

-- --------------------------------------------------------

--
-- Table structure for table `ward_nbs`
--

CREATE TABLE IF NOT EXISTS `ward_nbs` (
  `ward_nbsid` int(10) NOT NULL,
  `ward_nbsname` varchar(45) NOT NULL,
  `district_nbsid` int(10) NOT NULL,
  PRIMARY KEY (`ward_nbsid`),
  KEY `fk_station_1_idx` (`district_nbsid`)
) ENGINE=InnoDB DEFAULT CHARSET=latin1;

--
-- Dumping data for table `ward_nbs`
--

INSERT INTO `ward_nbs` (`ward_nbsid`, `ward_nbsname`, `district_nbsid`) VALUES
(0, 'N/A', 0),
(101011, 'Bumbuta', 101),
(101021, 'Pahi', 101),
(101031, 'Busi', 101),
(101041, 'Haubi', 101),
(101051, 'Kalamba', 101),
(101061, 'Kwadelo', 101),
(101071, 'Masange', 101),
(101081, 'Kikilo', 101),
(101091, 'Bereko', 101),
(101101, 'Kisese', 101),
(101111, 'Kikore', 101),
(101121, 'Serya', 101),
(101133, 'Kilimani', 101),
(101142, 'Chemchem', 101),
(101151, 'Hondomairo', 101),
(101161, 'Bolisa', 101),
(101171, 'Kinyasi', 101),
(101181, 'Salanka', 101),
(101191, 'Itololo', 101),
(101201, 'Itaswi', 101),
(101211, 'Suruke', 101),
(101221, 'Kingale', 101),
(101232, 'Kondoa Mjini', 101),
(101241, 'Kolo', 101),
(101251, 'Changaa', 101),
(101261, 'Thawi', 101),
(101271, 'Mnenia', 101),
(101281, 'Soera', 101),
(102011, 'Mazae', 102),
(102023, 'Ving''hawe', 102),
(102031, 'Matomondo', 102),
(102041, 'Kimagai', 102),
(102053, 'Kibakwe', 102),
(102061, 'Lumuma', 102),
(102071, 'Luhundwa', 102),
(102081, 'Massa', 102),
(102091, 'Ipera', 102),
(102101, 'Rudi', 102),
(102111, 'Mlunduzi', 102),
(102121, 'Wolta', 102),
(102131, 'Mima', 102),
(102141, 'Berege', 102),
(102151, 'Chunyu', 102),
(102161, 'Mbuga', 102),
(102171, 'Godegode', 102),
(102183, 'Mpwapwa Mjini', 102),
(102191, 'Lupeta', 102),
(102201, 'Gulwe', 102),
(102211, 'Nghabi', 102),
(102221, 'Chitemo', 102),
(102231, 'Iwondo', 102),
(102241, 'Kingiti', 102),
(102251, 'Lufu', 102),
(102261, 'Pwaga', 102),
(102271, 'Galigali', 102),
(102281, 'Mtera', 102),
(102291, 'Chipogoro', 102),
(102301, 'Malolo', 102),
(103013, 'Kongwa', 103),
(103021, 'Sejeli', 103),
(103031, 'Hogoro', 103),
(103041, 'Zoissa', 103),
(103051, 'Mkoka', 103),
(103061, 'Njoge', 103),
(103071, 'Mtanana', 103),
(103081, 'Pandambili', 103),
(103091, 'Mlali', 103),
(103101, 'Iduo', 103),
(103111, 'Sagara', 103),
(103123, 'Kibaigwa', 103),
(103133, 'Ugogoni', 103),
(103141, 'Chamkoroma', 103),
(103151, 'Makawa', 103),
(103161, 'Chitego', 103),
(103171, 'Matongoro', 103),
(103181, 'Ngomai', 103),
(103191, 'Songambele', 103),
(103201, 'Chiwe', 103),
(103211, 'Lenjulu', 103),
(103221, 'Nghumbi', 103),
(104011, 'Haneti', 104),
(104021, 'Segala', 104),
(104031, 'Itiso', 104),
(104041, 'Dabalo', 104),
(104051, 'Membe', 104),
(104061, 'Msanga', 104),
(104071, 'Chinonwa', 104),
(104083, 'Buigiri', 104),
(104091, 'Majeleko', 104),
(104101, 'Manchali', 104),
(104111, 'Ikowa', 104),
(104121, 'Msamalo', 104),
(104131, 'Igandu', 104),
(104141, 'Muungano', 104),
(104151, 'Mvumi Makulu', 104),
(104161, 'Handali', 104),
(104173, 'Mvumi mission', 104),
(104181, 'Idifu', 104),
(104191, 'Makang''wa', 104),
(104201, 'Iringa Mvumi Zamani', 104),
(104211, 'Manzase', 104),
(104221, 'Fufu', 104),
(104231, 'Mlowa Bwawani', 104),
(104241, 'Mpwayungu', 104),
(104251, 'Nghambaku', 104),
(104261, 'Chinugulu', 104),
(104271, 'Manda', 104),
(104281, 'Huzi', 104),
(104291, 'Loje', 104),
(104301, 'Chiboli', 104),
(104311, 'Nhinhi', 104),
(104321, 'Zajilwa', 104),
(105012, 'Viwandani', 105),
(105022, 'Uhuru', 105),
(105032, 'Chamwino', 105),
(105042, 'Kiwanja/Ndege', 105),
(105052, 'Makole', 105),
(105062, 'Miyuji', 105),
(105071, 'Msalato', 105),
(105081, 'Makutupora', 105),
(105091, 'Chihanga', 105),
(105101, 'Hombolo', 105),
(105111, 'Ipala', 105),
(105123, 'Nzuguni', 105),
(105131, 'Dodoma  Makulu', 105),
(105141, 'Mtumba', 105),
(105151, 'Kikombo', 105),
(105161, 'Ng''hong''honha', 105),
(105171, 'Mpunguzi', 105),
(105182, 'Tambukareli', 105),
(105192, 'Kilimani', 105),
(105202, 'Kikuyu Kusini', 105),
(105212, 'Kikuyu Kaskazini', 105),
(105221, 'Mkonze', 105),
(105231, 'Mbabala', 105),
(105241, 'Zuzu', 105),
(105252, 'Hazina', 105),
(105262, 'Madukani', 105),
(105272, 'Majengo', 105),
(105282, 'Kizota', 105),
(105292, 'Nala', 105),
(105301, 'Mbalawala', 105),
(105311, 'Nityuka', 105),
(105322, 'Chigogwe', 105),
(105332, 'Chang''ombe', 105),
(105341, 'Iyumbu', 105),
(105351, 'Chahwa', 105),
(105362, 'Mnadani', 105),
(105372, 'Ipagala', 105),
(106011, 'Makanda', 106),
(106021, 'Lamaiti', 106),
(106031, 'Babayu', 106),
(106041, 'Zanka', 106),
(106051, 'Msisi', 106),
(106061, 'Mundemu', 106),
(106071, 'Bahi', 106),
(106081, 'Mpamantwa', 106),
(106091, 'Ibihwa', 106),
(106101, 'Ibihwa', 106),
(106111, 'Kigwe', 106),
(106121, 'Chikola', 106),
(106131, 'Chipanga', 106),
(106141, 'Chali', 106),
(106151, 'Nondwa', 106),
(106161, 'Mpalanga', 106),
(106171, 'Ibugule', 106),
(106181, 'Chibelela', 106),
(106191, 'Mwitikira', 106),
(106201, 'Mtitaa', 106),
(107011, 'Makorongo', 107),
(107021, 'Ovada', 107),
(107031, 'Msaada', 107),
(107041, 'Kimaha', 107),
(107051, 'Churuku', 107),
(107061, 'Songoro', 107),
(107071, 'Mondo', 107),
(107081, 'Dalai', 107),
(107091, 'Jangalo', 107),
(107103, 'Mrijo', 107),
(107111, 'Chandama', 107),
(107121, 'Goima', 107),
(107131, 'Chemba', 107),
(107141, 'Paranga', 107),
(107151, 'Gwandi', 107),
(107161, 'Farkwa', 107),
(107171, 'Mpendo', 107),
(107181, 'Sanzawa', 107),
(107191, 'Kwamtoro', 107),
(107201, 'Lalta', 107),
(201011, 'Engaruka', 201),
(201021, 'Selela', 201),
(201031, 'Monduli Juu', 201),
(201043, 'Engutoto', 201),
(201052, 'Monduli Mjini', 201),
(201061, 'Moita', 201),
(201071, 'Sepeko', 201),
(201081, 'Lolkisale', 201),
(201091, 'Makuyuni', 201),
(201101, 'Esilalei', 201),
(201113, 'Mto wa Mbu', 201),
(201121, 'Lepurko', 201),
(201131, 'Meserani', 201),
(201141, 'Mswakini', 201),
(201151, 'Majengo', 201),
(202011, 'Ngarenanyuki', 202),
(202021, 'Leguruki', 202),
(202033, 'King''ori', 202),
(202043, 'Maji ya Chai', 202),
(202053, 'Kikatiti', 202),
(202061, 'Maroroni', 202),
(202073, 'Makiba', 202),
(202083, 'Mbuguni', 202),
(202091, 'Kikwe', 202),
(202103, 'Usa River', 202),
(202113, 'Nkoaranga', 202),
(202123, 'Poli', 202),
(202131, 'Seela Sing''isi', 202),
(202143, 'Akheri', 202),
(202151, 'Nkoanrua', 202),
(202161, 'Songoro', 202),
(202171, 'Nkoarisambu', 202),
(203012, 'Kati', 203),
(203022, 'Kaloleni', 203),
(203032, 'Sekei', 203),
(203042, 'Kimandolu', 203),
(203052, 'Baraa', 203),
(203062, 'Oloirien', 203),
(203072, 'Themi', 203),
(203082, 'Lemara', 203),
(203092, 'Terrat', 203),
(203102, 'Sokon I', 203),
(203112, 'Daraja 2', 203),
(203122, 'Unga Ltd', 203),
(203132, 'Sombetini', 203),
(203142, 'Ngarenaro', 203),
(203152, 'Levolos', 203),
(203162, 'Engutoto', 203),
(203172, 'Elerai', 203),
(203182, 'Olasiti', 203),
(203192, 'Moshono', 203),
(204013, 'Karatu', 204),
(204021, 'Endamarariek', 204),
(204031, 'Buger', 204),
(204041, 'Endabash', 204),
(204051, 'Kansay', 204),
(204061, 'Baray', 204),
(204071, 'Mang''ola', 204),
(204081, 'Daa', 204),
(204091, 'Oldean', 204),
(204101, 'Qurus', 204),
(204111, 'Ganako', 204),
(204121, 'Rhotia', 204),
(204131, 'Mbulumbulu', 204),
(204141, 'Endamaghang', 204),
(205013, 'Orgosorok', 205),
(205021, 'Tinaga', 205),
(205031, 'Oldonyosambu', 205),
(205041, 'Pinyinyi', 205),
(205051, 'Sale', 205),
(205061, 'Malambo', 205),
(205071, 'Naiyobi', 205),
(205081, 'Nainokanoka', 205),
(205091, 'Olbalbal', 205),
(205103, 'Ngorongoro', 205),
(205111, 'Enduleni', 205),
(205121, 'Kakesio', 205),
(205131, 'Arash', 205),
(205141, 'Soit-Sambu', 205),
(205151, 'Enguserosambu', 205),
(205163, 'Oloirien', 205),
(205171, 'Samunge', 205),
(205181, 'Alailelai', 205),
(205191, 'Maalon', 205),
(205201, 'Ololosokwan', 205),
(205211, 'Oloipiri', 205),
(206011, 'Oldonyosambu', 206),
(206021, 'Olkokola', 206),
(206031, 'Ilkiding''a', 206),
(206041, 'Bangata', 206),
(206053, 'Sokon II', 206),
(206061, 'Oltoroto', 206),
(206073, 'Moivo', 206),
(206083, 'Kiranyi', 206),
(206091, 'Kimnyaki', 206),
(206101, 'Oltrumet', 206),
(206111, 'Mwandeti', 206),
(206121, 'Mussa', 206),
(206131, 'Kisongo', 206),
(206143, 'Mateves', 206),
(206151, 'Oljoro', 206),
(206161, 'Bwawani', 206),
(206171, 'Nduruma', 206),
(206181, 'Mlangarini', 206),
(206191, 'Sambasha', 206),
(206201, 'Olorieni', 206),
(206213, 'Olmotonyi', 206),
(207011, 'Ketumbeine', 207),
(207021, 'Engikaret', 207),
(207031, 'Eleng''ata Dapash', 207),
(207041, 'Ilorienito', 207),
(207051, 'Gelai Meirugoi', 207),
(207061, 'Gelai lumbwa', 207),
(207071, 'Matale', 207),
(207081, 'Engarenaibor', 207),
(207091, 'Mundarara', 207),
(207101, 'Kimokouwa', 207),
(207113, 'Namanga', 207),
(207121, 'Orbomba', 207),
(207132, 'Longido', 207),
(207141, 'Tingatinga', 207),
(207151, 'Olmolog', 207),
(207161, 'Kamwanga', 207),
(301011, 'Mamsera', 301),
(301021, 'Mahida', 301),
(301031, 'Mengwe', 301),
(301041, 'Keni  Mengeni', 301),
(301051, 'Aleni', 301),
(301061, 'Shimbi', 301),
(301071, 'Makiidi', 301),
(301083, 'Kelamfua Mokala', 301),
(301091, 'Ushiri ikuini', 301),
(301101, 'Mrao keryo', 301),
(301111, 'Kirwa keni', 301),
(301121, 'Katangara mrere', 301),
(301131, 'Kisale Msaranga', 301),
(301141, 'Olele', 301),
(301151, 'Kirongo samanga', 301),
(301161, 'Kitirima kingachi', 301),
(301171, 'Ubetu kahe', 301),
(301181, 'Nanjara reha', 301),
(301193, 'Tarakea- motamburu', 301),
(301201, 'Motamburu kitendeni', 301),
(301211, 'Marangu Kitowo', 301),
(301221, 'Ngoyoni', 301),
(301231, 'Manda', 301),
(301243, 'Holili', 301),
(302013, 'Kileo', 302),
(302022, 'Mwanga', 302),
(302031, 'Msangeni', 302),
(302041, 'Kifula', 302),
(302051, 'Kighare', 302),
(302061, 'Kirongwe', 302),
(302071, 'Kwakoa', 302),
(302083, 'Lembeni', 302),
(302091, 'Jipe', 302),
(302101, 'Mwaniko', 302),
(302111, 'Chomvu', 302),
(302121, 'Ngujini', 302),
(302133, 'Kirya', 302),
(302141, 'Kilomeni', 302),
(302151, 'Shighatini', 302),
(302163, 'Lang''ata', 302),
(302171, 'Mgagao', 302),
(302181, 'Toloha', 302),
(302191, 'Kigonigoni', 302),
(302201, 'Kivisini', 302),
(303012, 'Same', 303),
(303021, 'Ruvu', 303),
(303031, 'Njoro', 303),
(303043, 'Kisiwani', 303),
(303051, 'Msindo', 303),
(303061, 'Mshewa', 303),
(303071, 'Mhezi', 303),
(303083, 'Mwembe', 303),
(303091, 'Vudee', 303),
(303101, 'Vuje', 303),
(303111, 'Bombo', 303),
(303121, 'Mtii', 303),
(303133, 'Maore', 303),
(303143, 'Ndungu', 303),
(303153, 'Kihurio', 303),
(303163, 'Bendera', 303),
(303171, 'Myamba', 303),
(303181, 'Mpinji', 303),
(303191, 'Bwambo', 303),
(303201, 'Vunta', 303),
(303211, 'Chome', 303),
(303221, 'Suji', 303),
(303233, 'Makanya', 303),
(303243, 'Hedaru', 303),
(303251, 'Kirangare', 303),
(303262, 'Kisima', 303),
(303272, 'Stesheni', 303),
(303281, 'Vumari', 303),
(303291, 'Mabilioni', 303),
(303301, 'Kalemawe', 303),
(303311, 'Lugulu', 303),
(304011, 'Mwika kusini', 304),
(304021, 'Mwika kaskazini', 304),
(304031, 'Mamba kaskazini', 304),
(304041, 'Mamba kusini', 304),
(304051, 'Marangu mashariki', 304),
(304061, 'Marangu magharibi', 304),
(304073, 'Makuyuni', 304),
(304081, 'Kilema kaskazini', 304),
(304091, 'Kilema kusini', 304),
(304101, 'Kirua vunjo mashariki', 304),
(304111, 'Kirua vunjo Magharibi', 304),
(304121, 'Kahe', 304),
(304131, 'Kahe mashariki', 304),
(304141, 'Old moshi mashariki', 304),
(304151, 'Old moshi magharibi', 304),
(304161, 'Mbokomu', 304),
(304171, 'Uru mashariki', 304),
(304181, 'Uru shimbwe', 304),
(304191, 'Uru kusini', 304),
(304201, 'Uru kaskazini', 304),
(304211, 'Mabogini', 304),
(304221, 'Arusha chini', 304),
(304231, 'Kibosho mashariki', 304),
(304241, 'Kibosho kati', 304),
(304251, 'Kibosho Magharibi', 304),
(304261, 'Kindi', 304),
(304271, 'Kiruavunjo kusini', 304),
(304281, 'Kirima', 304),
(304291, 'Okaoni', 304),
(304301, 'Kimochi', 304),
(304311, 'Kilema kati', 304),
(305011, 'Machame Mashariki', 305),
(305021, 'Machame Kusini', 305),
(305031, 'Machame kaskazini', 305),
(305041, 'Machame Magharibi', 305),
(305051, 'Machame Uroki', 305),
(305061, 'Masama Mashariki', 305),
(305071, 'Masama Magharibi', 305),
(305083, 'Masama Kusini', 305),
(305091, 'Masama Rundugai', 305),
(305102, 'Hai Mjini', 305),
(305111, 'Masama Kati', 305),
(305121, 'Machame Weruweru', 305),
(305133, 'KIA', 305),
(305141, 'Machame Narumu', 305),
(306012, 'Kilimanjaro', 306),
(306022, 'Njoro', 306),
(306032, 'Mji mpya', 306),
(306042, 'Majengo', 306),
(306052, 'Mawenzi', 306),
(306062, 'Rau', 306),
(306072, 'Korongoni', 306),
(306082, 'Kiusa', 306),
(306092, 'Bondeni', 306),
(306102, 'Pasua', 306),
(306112, 'Kaloleni', 306),
(306122, 'Kiboriloni', 306),
(306132, 'Msaranga', 306),
(306142, 'Karanga', 306),
(306152, 'Longuo B', 306),
(306162, 'Miembeni', 306),
(306172, 'Mfumuni', 306),
(306182, 'Soweto', 306),
(306192, 'Boma Mbuzi', 306),
(306202, 'Ng''ambo', 306),
(306212, 'Shirimatunda', 306),
(307011, 'Ndumeti', 307),
(307023, 'Ngarenairobi', 307),
(307031, 'Gararagua', 307),
(307042, 'Sanya juu', 307),
(307051, 'Biriri', 307),
(307061, 'Makiwaru', 307),
(307071, 'Nasai', 307),
(307081, 'Livishi', 307),
(307091, 'Naeny', 307),
(307101, 'Kashashi', 307),
(307111, 'Karansi', 307),
(307121, 'Olkolili', 307),
(401012, 'Lushoto', 401),
(401021, 'Gare', 401),
(401031, 'Kwai', 401),
(401041, 'Ubiri', 401),
(401053, 'Soni', 401),
(401061, 'Vuga', 401),
(401071, 'Mponde', 401),
(401081, 'Mamba', 401),
(401091, 'Mbuzii', 401),
(401101, 'Tamota', 401),
(401111, 'Bumbuli', 401),
(401121, 'Funta', 401),
(401131, 'Mayo', 401),
(401141, 'Baga', 401),
(401151, 'Milingano', 401),
(401161, 'Mgwashi', 401),
(401171, 'Mtae', 401),
(401181, 'Sunga', 401),
(401191, 'Rangwi', 401),
(401201, 'Mnazi', 401),
(401211, 'Lunguza', 401),
(401221, 'Mbaramo', 401),
(401231, 'Mng''aro', 401),
(401243, 'Mlalo', 401),
(401251, 'Mwangoi', 401),
(401261, 'Shume', 401),
(401271, 'Malindi', 401),
(401281, 'Hemtoye', 401),
(401291, 'Malibwi', 401),
(401301, 'Mlola', 401),
(401311, 'Makanya', 401),
(401321, 'Ngwelo', 401),
(401331, 'Kilole', 401),
(401341, 'Kwekanga', 401),
(401351, 'Lukozi', 401),
(401361, 'Manolo', 401),
(401371, 'Dule M', 401),
(401383, 'Kwemshasha', 401),
(401391, 'Nkongoi', 401),
(401401, 'Dule B', 401),
(401411, 'Maheza ngulu', 401),
(401421, 'Usambara', 401),
(401431, 'Ngulwi', 401),
(401441, 'Kwemashai', 401),
(402011, 'M ashewa', 402),
(402021, 'Kizara', 402),
(402031, 'Magoma', 402),
(402041, 'Kerenge', 402),
(402051, 'Kwagunda', 402),
(402063, 'Mnyuzi', 402),
(402071, 'Vugiri', 402),
(402081, 'Dindira', 402),
(402091, 'Bungu', 402),
(402101, 'Lutindi', 402),
(402111, 'Makuyuni', 402),
(402121, 'Chekelei', 402),
(402133, 'Mombo', 402),
(402141, 'Mkalamo', 402),
(402153, 'Mazinde', 402),
(402161, 'Mkomazi', 402),
(402171, 'Kwashemshi', 402),
(402181, 'Mpale', 402),
(402191, 'Mswaha', 402),
(402201, 'Magamba Kwalukonge', 402),
(403011, 'Misozwe', 403),
(403021, 'Pande Darajani', 403),
(403031, 'Ngomeni', 403),
(403041, 'Kigombe', 403),
(403053, 'Lusanga', 403),
(403061, 'Kicheba', 403),
(403071, 'Magoroto', 403),
(403081, 'Magila', 403),
(403091, 'Mbaramo', 403),
(403102, 'Majengo', 403),
(403113, 'Masuguru', 403),
(403121, 'Tingeni', 403),
(403131, 'Kilulu', 403),
(403141, 'Mkuzi', 403),
(403151, 'Mtindiro', 403),
(403161, 'Kwafungo', 403),
(403171, 'Songa', 403),
(403181, 'Bwembwera', 403),
(403191, 'Potwe', 403),
(403201, 'Nkumba', 403),
(403211, 'Kisiwani', 403),
(403221, 'Misalai', 403),
(403231, 'Zirai', 403),
(403241, 'Mbomole', 403),
(403251, 'Amani', 403),
(403261, 'Tongwe', 403),
(403271, 'Mhamba', 403),
(403281, 'Kwakifua', 403),
(403291, 'Kwemkabala', 403),
(403301, 'Genge', 403),
(403311, 'Tanganyika', 403),
(403321, 'Mpapayu', 403),
(403331, 'Mlingoni', 403),
(404012, 'Central', 404),
(404022, 'Majengo', 404),
(404032, 'Nguvumali', 404),
(404042, 'Chumbageni', 404),
(404052, 'Ngamiani Kaskazini', 404),
(404062, 'Ngamiani Kati', 404),
(404072, 'Ngamiani Kusini', 404),
(404082, 'Usagara', 404),
(404092, 'Makorora', 404),
(404102, 'Mzingani', 404),
(404112, 'Msambweni', 404),
(404122, 'Mwanzange', 404),
(404133, 'Tangasisi', 404),
(404142, 'Mabawa', 404),
(404151, 'Tongoni', 404),
(404161, 'Marungu', 404),
(404173, 'Pongwe', 404),
(404181, 'Maweni', 404),
(404192, 'Duga', 404),
(404203, 'Mzizima', 404),
(404211, 'Mabokweni', 404),
(404221, 'Kirare', 404),
(404231, 'Kiomoni', 404),
(404241, 'Chongoleani', 404),
(405013, 'Pangani Mashariki', 405),
(405022, 'Pangani Magharibi', 405),
(405031, 'Bweni', 405),
(405041, 'Madanga', 405),
(405051, 'Kimang''a', 405),
(405061, 'Bushiri', 405),
(405071, 'Mwera', 405),
(405081, 'Tungamaa', 405),
(405091, 'Kipumbwi', 405),
(405101, 'Mikunguni', 405),
(405111, 'Ubangaa', 405),
(405121, 'Mkwaja', 405),
(405131, 'Mkalamo', 405),
(406011, 'Segera', 406),
(406021, 'Ndolwa', 406),
(406031, 'Mazingara', 406),
(406041, 'Kwamsisi', 406),
(406051, 'Kwasunga', 406),
(406061, 'Kwaluguru', 406),
(406071, 'Kang''ata', 406),
(406081, 'Kwankonje', 406),
(406091, 'Kwachaga', 406),
(406101, 'Sindeni', 406),
(406111, 'Misima', 406),
(406121, 'Kiva', 406),
(406131, 'Kabuku', 406),
(406141, 'Kwamatuku', 406),
(406151, 'Kwedizinga', 406),
(406161, 'Mgambo', 406),
(406171, 'Komkonga', 406),
(406181, 'Mkata', 406),
(406191, 'Kabuku ndani', 406),
(406201, 'Kwamgwe', 406),
(407011, 'Lwande', 407),
(407021, 'Kikunde', 407),
(407031, 'Songe', 407),
(407041, 'Pagwi', 407),
(407051, 'Masagulu', 407),
(407061, 'Kimbe', 407),
(407071, 'Kilindi', 407),
(407081, 'Negero', 407),
(407091, 'Mkindi', 407),
(407101, 'Mvungwe', 407),
(407111, 'Kwediboma', 407),
(407121, 'Saunyi', 407),
(407131, 'Jaila', 407),
(407141, 'Msanja', 407),
(407151, 'Kisangasa', 407),
(407161, 'Mabalanga', 407),
(407171, 'Kibirashi', 407),
(407181, 'Kilwa', 407),
(407191, 'Tunguli', 407),
(407201, 'Kwekivu', 407),
(408011, 'Mwakijembe', 408),
(408021, 'Mkinga', 408),
(408031, 'Duga', 408),
(408041, 'Moa', 408),
(408051, 'Manza', 408),
(408061, 'Kwale', 408),
(408071, 'Mtimbwani', 408),
(408081, 'Gombero', 408),
(408091, 'Mhinduro', 408),
(408103, 'Maramba', 408),
(408111, 'Kigongoi', 408),
(408121, 'Daluni', 408),
(408131, 'Bosha', 408),
(408141, 'Mapatano', 408),
(408151, 'Bwiti', 408),
(408161, 'Mnyenzani', 408),
(408171, 'Doda', 408),
(408181, 'Boma', 408),
(408191, 'Parungu  Kasera', 408),
(408201, 'Mayomboni', 408),
(408211, 'Sigaya', 408),
(409013, 'Ngombezi', 409),
(409022, 'Mtonga', 409),
(409032, 'Magunga', 409),
(409041, 'Kwamndolwa', 409),
(409052, 'Old Korogwe', 409),
(409062, 'Manundu', 409),
(409072, 'Kilole', 409),
(409081, 'Kwamsisi', 409),
(410012, 'Malezi', 410),
(410022, 'kwenjugo', 410),
(410032, 'Mabanda', 410),
(410042, 'Konje', 410),
(410052, 'Mlimani', 410),
(410062, 'Msasa', 410),
(410072, 'Kideleko', 410),
(410082, 'Kwamagome', 410),
(410092, 'Vibaoni', 410),
(410102, 'Chanika', 410),
(410112, 'Mdoe', 410),
(410122, 'Kwediyamba', 410),
(501011, 'Mabula', 501),
(501021, 'Maguha', 501),
(501031, 'Berega', 501),
(501043, 'Magubike', 501),
(501051, 'Mamboya', 501),
(501063, 'Dumila', 501),
(501073, 'Magole', 501),
(501083, 'Msowero', 501),
(501091, 'Rudewa', 501),
(501101, 'Chanzulu', 501),
(501112, 'Kimamba A', 501),
(501122, 'Kimamba B', 501),
(501132, 'Mbumi', 501),
(501142, 'Mkwatani', 501),
(501152, 'Magomeni', 501),
(501162, 'Kasiki', 501),
(501171, 'Mabwerebwere', 501),
(501181, 'Kilangali', 501),
(501193, 'Mikumi', 501),
(501201, 'Ruhembe', 501),
(501213, 'Kidodi', 501),
(501221, 'Vidunda', 501),
(501231, 'Malolo', 501),
(501243, 'Kisanga', 501),
(501251, 'Uleling`ombe', 501),
(501261, 'Ulaya', 501),
(501271, 'Zombo', 501),
(501281, 'Lumuma', 501),
(501291, 'Masanze', 501),
(501301, 'Kidete', 501),
(501311, 'Lumbiji', 501),
(501321, 'Kitete', 501),
(501331, 'Madoto', 501),
(501341, 'Tindiga', 501),
(501353, 'Ruaha', 501),
(502011, 'Kasanga', 502),
(502021, 'Kolero', 502),
(502031, 'Mvuha', 502),
(502041, 'Selembala', 502),
(502051, 'Bwakila chini', 502),
(502061, 'Bwakila juu', 502),
(502071, 'Kisaki', 502),
(502081, 'Mngazi', 502),
(502091, 'Singisa', 502),
(502101, 'Mkambarani', 502),
(502111, 'Mikese', 502),
(502121, 'Kidugalo', 502),
(502131, 'Mkulazi', 502),
(502143, 'Ngerengere', 502),
(502151, 'Tununguo', 502),
(502161, 'Kinole', 502),
(502171, 'Kiroka', 502),
(502181, 'Mkuyuni', 502),
(502191, 'Tegetero', 502),
(502201, 'Kibogwa', 502),
(502211, 'Kibungo Juu', 502),
(502223, 'Kisemu', 502),
(502231, 'Lundi', 502),
(502241, 'Mtombozi', 502),
(502251, 'Tawa', 502),
(502261, 'Matuli', 502),
(502271, 'Gwata', 502),
(502281, 'Konde', 502),
(502291, 'Bungu', 502),
(503013, 'Kidatu', 503),
(503021, 'Sanje', 503),
(503031, 'Mkula', 503),
(503043, 'Mang''ula', 503),
(503051, 'Kisawasawa', 503),
(503061, 'Kiberege', 503),
(503073, 'Kibaoni', 503),
(503083, 'Ifakara', 503),
(503091, 'Lumemo', 503),
(503101, 'Idete', 503),
(503111, 'Mbingu', 503),
(503121, 'Mofu', 503),
(503131, 'Mchombe', 503),
(503141, 'Chita', 503),
(503151, 'Chisano', 503),
(503163, 'Mlimba', 503),
(503171, 'Utengule', 503),
(503181, 'Masagati', 503),
(503191, 'Uchindile', 503),
(504011, 'Minepa', 504),
(504023, 'Lupiro', 504),
(504031, 'Kichangani', 504),
(504041, 'Msongezi', 504),
(504053, 'Vigoi', 504),
(504062, 'Mahenge', 504),
(504071, 'Isongo', 504),
(504081, 'Ruaha', 504),
(504091, 'Chirombola', 504),
(504101, 'Sali', 504),
(504111, 'Euga', 504),
(504123, 'Mwaya', 504),
(504131, 'Lukande', 504),
(504141, 'Mbuga', 504),
(504151, 'Ilonga', 504),
(504161, 'Kilosa kwa Mpepo', 504),
(504171, 'Ngoheranga', 504),
(504181, 'Biro', 504),
(504193, 'Malinyi', 504),
(504201, 'Sofi', 504),
(504211, 'Usangule', 504),
(504223, 'Mtimbira', 504),
(504231, 'Itete', 504),
(504241, 'Iragua', 504),
(505012, 'Sabasaba', 505),
(505022, 'Uwanja wa taifa', 505),
(505032, 'K / Ndege', 505),
(505042, 'Mji Mpya', 505),
(505052, 'Kingo', 505),
(505062, 'Mji Mkuu', 505),
(505072, 'Sultan Area', 505),
(505082, 'Mafiga', 505),
(505092, 'Mazimbu', 505),
(505102, 'Mwembesongo', 505),
(505112, 'Kichangani', 505),
(505122, 'Kilakala', 505),
(505132, 'Boma', 505),
(505142, 'Mlimani', 505),
(505152, 'Mbuyuni', 505),
(505162, 'Kingolwira', 505),
(505173, 'Bigwa', 505),
(505182, 'Mzinga', 505),
(505192, 'Kihonda', 505),
(506013, 'Mvomero', 506),
(506021, 'Hembeti', 506),
(506031, 'Maskati', 506),
(506041, 'Kibati', 506),
(506051, 'Sungaji', 506),
(506063, 'Mhonda', 506),
(506071, 'Diongoya', 506),
(506083, 'Mtibwa', 506),
(506091, 'Kanga', 506),
(506101, 'Bunduki', 506),
(506111, 'Kikeo', 506),
(506123, 'Langali', 506),
(506131, 'Tchenzema', 506),
(506141, 'Mzumbe', 506),
(506151, 'Mlali', 506),
(506161, 'Doma', 506),
(506171, 'Melela', 506),
(507011, 'Chakwale', 507),
(507021, 'Iyogwe', 507),
(507031, 'Idibo', 507),
(507041, 'Kibedya', 507),
(507051, 'Msingisi', 507),
(507063, 'Gairo', 507),
(507071, 'Rubeho', 507),
(507081, 'Mandege', 507),
(507091, 'Chagongwe', 507),
(507101, 'Chanjale', 507),
(507111, 'Nongwe', 507),
(601011, 'Kiwangwa', 601),
(601021, 'Msata', 601),
(601033, 'Miono', 601),
(601041, 'Mkange', 601),
(601053, 'Magomeni', 601),
(601062, 'Dunda', 601),
(601071, 'Kiromo', 601),
(601081, 'Zinga', 601),
(601091, 'Yombo', 601),
(601101, 'Vigwaza', 601),
(601111, 'Talawanda', 601),
(601123, 'Bwilingu', 601),
(601133, 'Lugoba', 601),
(601141, 'Ubenazomozi', 601),
(601153, 'Mbwewe', 601),
(601161, 'Kibindu', 601),
(601171, 'Fukayosi', 601),
(601181, 'Kerege', 601),
(601193, 'Pera', 601),
(601203, 'Msoga', 601),
(601211, 'Kimange', 601),
(601221, 'Mandera', 601),
(602011, 'Gwata', 602),
(602021, 'Dutumi', 602),
(602031, 'Magindu', 602),
(602041, 'Soga', 602),
(602051, 'Kikongo', 602),
(602061, 'Ruvu', 602),
(602073, 'Mlandizi', 602),
(602081, 'Kwala', 602),
(602093, 'Kilangalanga', 602),
(602103, 'Janga', 602),
(602111, 'Bokomnemela', 602),
(603013, 'Kisarawe', 603),
(603021, 'Msimbu', 603),
(603031, 'Masaki', 603),
(603041, 'Kibuta', 603),
(603051, 'Marumbo', 603),
(603063, 'Maneromango', 603),
(603073, 'Msanga', 603),
(603081, 'Marui', 603),
(603091, 'Cholesamvula', 603),
(603101, 'Vikumbulu', 603),
(603111, 'Mafizi', 603),
(603121, 'Kurui', 603),
(603131, 'Mzenga', 603),
(603141, 'Vihingo', 603),
(603153, 'Kiluvya', 603),
(604013, 'Mkuranga', 604),
(604021, 'Tambani', 604),
(604033, 'Vikindu', 604),
(604041, 'Mbezi', 604),
(604051, 'Shungubweni', 604),
(604061, 'Kisiju', 604),
(604071, 'Magawa', 604),
(604081, 'Kitomondo', 604),
(604091, 'Lukanga', 604),
(604101, 'Mkanoge', 604),
(604113, 'Kimanzichana', 604),
(604121, 'Mkamba', 604),
(604131, 'Panzuo', 604),
(604141, 'Bupu', 604),
(604153, 'Mwalusembe', 604),
(604163, 'Vianzi', 604),
(604171, 'Njia nne', 604),
(604181, 'Kiparang''anda', 604),
(605013, 'Ikwiriri', 605),
(605023, 'Mgomba', 605),
(605032, 'Umwe', 605),
(605043, 'Utete', 605),
(605051, 'Mkongo', 605),
(605061, 'Ngorongo', 605),
(605071, 'Mwaseni', 605),
(605083, 'Kibiti', 605),
(605093, 'Bungu', 605),
(605101, 'Mahege', 605),
(605111, 'Mchukwi', 605),
(605121, 'Chumbi', 605),
(605131, 'Mbwara', 605),
(605141, 'Mtunda', 605),
(605151, 'Ruaruke', 605),
(605161, 'Salale', 605),
(605171, 'Mbuchi', 605),
(605181, 'Kiongoroni', 605),
(605191, 'Maparoni', 605),
(605203, 'Chemchem', 605),
(605211, 'Ngarambe', 605),
(605221, 'Dimani', 605),
(605231, 'Mtawanya', 605),
(605241, 'Mjawa', 605),
(605251, 'Mlanzi', 605),
(605261, 'Mwambao', 605),
(606011, 'Kanga', 606),
(606021, 'Kirongwe', 606),
(606031, 'Baleni', 606),
(606043, 'Kilindoni', 606),
(606051, 'Miburani', 606),
(606061, 'Kiegeani', 606),
(606071, 'Jibondo', 606),
(606081, 'Ndagoni', 606),
(607012, 'Pangani', 607),
(607022, 'Maili Moja', 607),
(607032, 'Tumbi', 607),
(607042, 'Picha ya Ndege', 607),
(607052, 'Mkuza', 607),
(607062, 'Kibaha', 607),
(607072, 'Msangani', 607),
(607082, 'Kongowe', 607),
(607092, 'Misugusugu', 607),
(607102, 'Visiga', 607),
(607112, 'Mbwawa', 607),
(701012, 'Magomeni', 701),
(701022, 'Makurumla', 701),
(701032, 'Ndugumbi', 701),
(701042, 'Tandale', 701),
(701052, 'Mwananyamala', 701),
(701062, 'Msasani', 701),
(701072, 'Kinondoni', 701),
(701082, 'Mzimuni', 701),
(701092, 'Kigogo', 701),
(701102, 'Mabibo', 701),
(701112, 'Manzese', 701),
(701122, 'Ubungo', 701),
(701132, 'Kibamba', 701),
(701142, 'Goba', 701),
(701152, 'Kawe', 701),
(701162, 'Kunduchi', 701),
(701172, 'Mbweni', 701),
(701182, 'Bunju', 701),
(701192, 'Makuburi', 701),
(701202, 'Mburahati', 701),
(701212, 'Makumbusho', 701),
(701222, 'Sinza', 701),
(701232, 'Kijitonyama', 701),
(701242, 'Kimara', 701),
(701252, 'Mikocheni', 701),
(701262, 'Mbezi', 701),
(701272, 'Hananasif', 701),
(701282, 'Saranga', 701),
(701292, 'Kwembe', 701),
(701302, 'Msigani', 701),
(701312, 'Mbezi juu', 701),
(701322, 'Makongo', 701),
(701332, 'Mabwepande', 701),
(701342, 'Wazo', 701),
(702012, 'Ukonga', 702),
(702022, 'Pugu', 702),
(702032, 'Msongola', 702),
(702042, 'Tabata', 702),
(702052, 'Kinyerezi', 702),
(702062, 'Ilala', 702),
(702072, 'Mchikichini', 702),
(702082, 'Vingunguti', 702),
(702092, 'Kipawa', 702),
(702102, 'Buguruni', 702),
(702112, 'Kariakoo', 702),
(702122, 'Jangwani', 702),
(702132, 'Gerezani', 702),
(702142, 'Kisutu', 702),
(702152, 'Mchafukoge', 702),
(702162, 'Upanga Mashariki', 702),
(702172, 'Upanga Magharibi', 702),
(702182, 'Kivukoni', 702),
(702192, 'Kiwalani', 702),
(702202, 'Segerea', 702),
(702212, 'Kitunda', 702),
(702222, 'Chanika', 702),
(702232, 'Kivule', 702),
(702242, 'G/Mboto', 702),
(702252, 'Majohe', 702),
(702262, 'Kimanga', 702),
(703012, 'Kigamboni', 703),
(703022, 'Vijibweni', 703),
(703032, 'Kibada', 703),
(703042, 'Kisarawe II', 703),
(703052, 'Somangila', 703),
(703062, 'Kimbiji', 703),
(703072, 'Mbagala', 703),
(703082, 'Chamazi', 703),
(703092, 'Yombo vituka', 703),
(703102, 'Charambe', 703),
(703112, 'Toangoma', 703),
(703122, 'Miburani', 703),
(703132, 'Temeke', 703),
(703142, 'Mtoni', 703),
(703152, 'Keko', 703),
(703162, 'Kurasini', 703),
(703172, 'Azimio', 703),
(703182, 'Tandika', 703),
(703192, 'Sandali', 703),
(703202, 'Chang''ombe', 703),
(703212, 'Mbagala kuu', 703),
(703222, 'Makangarawe', 703),
(703232, 'Pembamnazi', 703),
(703242, 'Mjimwema', 703),
(703252, 'Tungi', 703),
(703262, 'Kijichi', 703),
(703272, 'Mianzini', 703),
(703282, 'Kiburugwa', 703),
(703292, 'Buza', 703),
(703302, 'Kilakala', 703),
(801011, 'Tingi', 801),
(801021, 'Miteja', 801),
(801031, 'Mingumbi', 801),
(801041, 'Kinjumbi', 801),
(801051, 'Chumo', 801),
(801061, 'Kipatimu', 801),
(801071, 'Kandawale', 801),
(801081, 'Njinjo', 801),
(801091, 'Mitole', 801),
(801101, 'Miguruwe', 801),
(801111, 'Likawage', 801),
(801121, 'Nanjirinji', 801),
(801131, 'Kiranjeranje', 801),
(801141, 'Mandawa', 801),
(801151, 'Lihimalyao', 801),
(801161, 'Pande Mikoma', 801),
(801171, 'Kikole', 801),
(801183, 'Kivinjesingino', 801),
(801191, 'Songosongo', 801),
(801202, 'Masoko', 801),
(801211, 'Kibata', 801),
(802011, 'Mipingo', 802),
(802021, 'Kitomanga', 802),
(802031, 'Mchinga', 802),
(802041, 'Kilolambwani', 802),
(802051, 'Kilangala', 802),
(802063, 'Kiwalala', 802),
(802071, 'Navanga', 802),
(802081, 'Mnolela', 802),
(802091, 'Sudi', 802),
(802101, 'Nachunyu', 802),
(802113, 'Mtama', 802),
(802123, 'Nyangao', 802),
(802131, 'Namupa', 802),
(802141, 'Nyengedi', 802),
(802151, 'Mtua', 802),
(802161, 'Nahukahuka', 802),
(802171, 'Nyangamara', 802),
(802181, 'Mandwanga', 802),
(802191, 'Mnara', 802),
(802201, 'Chiponda', 802),
(802211, 'Pangatena', 802),
(802221, 'Longa', 802),
(802231, 'Rutamba', 802),
(802241, 'Milola', 802),
(802251, 'Kiwawa', 802),
(802261, 'Mtumbya', 802),
(802271, 'Matimba', 802),
(802281, 'Nangaru', 802),
(802293, 'Majengo', 802),
(802301, 'Namangwale', 802),
(803012, 'Nambambo', 803),
(803023, 'Kilimahewa', 803),
(803031, 'Ruponda', 803),
(803041, 'Mneromiembeni', 803),
(803051, 'Namapwia', 803),
(803061, 'Kiparamnero', 803),
(803071, 'Lionja', 803),
(803081, 'Namikango', 803),
(803091, 'Nditi', 803),
(803101, 'Kilimarondo', 803),
(803111, 'Mbondo', 803),
(803121, 'Kiegei', 803),
(803131, 'Mkoka', 803),
(803141, 'Chiola', 803),
(803151, 'Mpiruka', 803),
(803161, 'Nangowe', 803),
(803171, 'Mkotokuyana', 803),
(803183, 'Naipanga', 803),
(803191, 'Stesheni', 803),
(803201, 'Naipingo', 803),
(803211, 'Mtua', 803),
(803221, 'Mnerongongo', 803),
(803231, 'Matekwe', 803),
(803241, 'Marambo', 803),
(803251, 'Namatula', 803),
(803261, 'Ndomoni', 803),
(804013, 'Liwale Mjini', 804),
(804021, 'Mihumo', 804),
(804031, 'Ngongowele', 804),
(804041, 'Mlembwe', 804),
(804051, 'Makata', 804),
(804061, 'Barikiwa', 804),
(804071, 'Mkutano', 804),
(804081, 'Mbaya', 804),
(804091, 'Kimambi', 804),
(804101, 'Kiangara', 804),
(804111, 'Kibutuka', 804),
(804121, 'Nangano', 804),
(804131, 'Mpigamiti', 804),
(804141, 'Mirui', 804),
(804151, 'Liwale B', 804),
(804161, 'Mangirirkiti', 804),
(804173, 'Nangando', 804),
(804183, 'Likongowele', 804),
(804191, 'Kichonda', 804),
(804201, 'Lilombe', 804),
(805013, 'Ruangwa', 805),
(805023, 'Mbekenyera', 805),
(805033, 'Nkowe', 805),
(805041, 'Malolo', 805),
(805051, 'Luchelegwa', 805),
(805061, 'Chienjele', 805),
(805071, 'Namichiga', 805),
(805081, 'Narungombe', 805),
(805091, 'Makanjiro', 805),
(805101, 'Likunja', 805),
(805111, 'Mnacho', 805),
(805121, 'Mandawa', 805),
(805131, 'Nambilanje', 805),
(805141, 'Chunyu', 805),
(805151, 'Mandarawe', 805),
(805163, 'Nachingwea', 805),
(805171, 'Matambarale', 805),
(805181, 'Chibula', 805),
(805191, 'Nandagala', 805),
(805201, 'Nanganga', 805),
(805211, 'Chinongwe', 805),
(806012, 'Ndoro', 806),
(806022, 'Makonde', 806),
(806032, 'Mikumbi', 806),
(806042, 'Mitandi', 806),
(806052, 'Rahaleo', 806),
(806062, 'Mwenge', 806),
(806072, 'Matopeni', 806),
(806082, 'Wailes', 806),
(806092, 'Nachingwea', 806),
(806102, 'Rasbura', 806),
(806112, 'Mtanda', 806),
(806122, 'Jamhuri', 806),
(806132, 'Msanjihili', 806),
(806142, 'Mingoyo', 806),
(806152, 'Ngapa', 806),
(806162, 'Tandangongoro', 806),
(806172, 'Chikonji', 806),
(806182, 'Mbanja', 806),
(901013, 'Madimba', 901),
(901021, 'Ziwani', 901),
(901031, 'Nanguruwe', 901),
(901041, 'Mahurunga', 901),
(901051, 'Kitaya', 901),
(901061, 'Kiromba', 901),
(901071, 'Njengwa', 901),
(901081, 'Nitekela', 901),
(901093, 'Nanyamba', 901),
(901101, 'Mtiniko', 901),
(901111, 'Dihimba', 901),
(901121, 'Mnima', 901),
(901131, 'Kitere', 901),
(901141, 'Ndumbwe', 901),
(901151, 'Mayanga', 901),
(901161, 'Naumbu', 901),
(901171, 'Chawi', 901),
(901181, 'Namtumbuka', 901),
(901191, 'Libobe', 901),
(901201, 'Mpapura', 901),
(901211, 'Muungano', 901),
(901221, 'Mbawala', 901),
(901231, 'Msanga mkuu', 901),
(901241, 'Magomeni', 901),
(901251, 'Kiyanga', 901),
(901261, 'Milangominne', 901),
(901271, 'Mbembaleo', 901),
(901281, 'Mtimbwilimbwi', 901),
(902013, 'Luchingu', 902),
(902021, 'Makote', 902),
(902031, 'Nanguruwe', 902),
(902041, 'Mkunya', 902),
(902051, 'Mcholi I', 902),
(902061, 'Namiyonga', 902),
(902071, 'Mnekachi', 902),
(902081, 'Chitekete', 902),
(902091, 'Mnyambe', 902),
(902101, 'Chilangalanga', 902),
(902111, 'Mkoma II', 902),
(902123, 'Kitangari', 902),
(902131, 'Malatu', 902),
(902141, 'Mchemo', 902),
(902151, 'Mtopwa', 902),
(902161, 'Chiwonga', 902),
(902171, 'Maputi', 902),
(902181, 'Makukwe', 902),
(902191, 'Mkwedu', 902),
(902201, 'Mchuli II', 902),
(902213, 'Mtonya', 902),
(902221, 'Makonga', 902),
(902231, 'Nakahako', 902),
(902241, 'Chilangala', 902),
(902251, 'Nambali', 902),
(902261, 'Nandwahi', 902),
(902271, 'Mtunguru', 902),
(902281, 'Mdimbampelempele', 902),
(903011, 'Namatutwe', 903),
(903021, 'Namajani', 903),
(903031, 'Mlingula', 903),
(903041, 'Chiwale', 903),
(903053, 'Lukuledi', 903),
(903061, 'Mpanyani', 903),
(903071, 'Chigugu', 903),
(903083, 'Mwena', 903),
(903093, 'Nanganga', 903),
(903101, 'Chiwata', 903),
(903111, 'Mkundi', 903),
(903121, 'Mkululu', 903),
(903131, 'Nanjota', 903),
(903143, 'Chiungutwa', 903),
(903151, 'Mbuyuni', 903),
(903161, 'Lipumburu', 903),
(903171, 'Sindano', 903),
(903183, 'Namalenga', 903),
(903191, 'Mchauru', 903),
(903201, 'Mnavira', 903),
(903211, 'Chikolopola', 903),
(903223, 'Lulindi', 903),
(904013, 'Tandahimba', 904),
(904023, 'Kitama', 904),
(904031, 'Michenjele', 904),
(904041, 'Mihambwe', 904),
(904051, 'Mkoreha', 904),
(904061, 'Maundo', 904),
(904071, 'Naputa', 904),
(904083, 'Namikupa', 904),
(904091, 'Mnyawa', 904),
(904101, 'Mkundi', 904),
(904111, 'Lukokoda', 904),
(904123, 'Mahuta', 904),
(904133, 'Nanhyanga', 904),
(904141, 'Chingungwe', 904),
(904151, 'Mdimbamnyoma', 904),
(904161, 'Milingodi', 904),
(904171, 'Lyenje', 904),
(904181, 'Chaume', 904),
(904191, 'Mkonjowano', 904),
(904201, 'Luagala', 904),
(904211, 'Ngunja', 904),
(904221, 'Mkwiti', 904),
(904231, 'Litehu', 904),
(904241, 'Nambahu', 904),
(904251, 'Mihuta', 904),
(904261, 'Kwanyama', 904),
(904271, 'Mchichira', 904),
(904283, 'Chikongola', 904),
(904291, 'Dinduma', 904),
(904301, 'Mdumbwe', 904),
(905012, 'Majengo', 905),
(905022, 'Chikongola', 905),
(905032, 'Likombe', 905),
(905042, 'Railway', 905),
(905052, 'Shangani', 905),
(905062, 'Vigaeni', 905),
(905072, 'Chuno', 905),
(905083, 'Jangwani', 905),
(905092, 'Kisungule', 905),
(905102, 'Mtengo', 905),
(905112, 'Mtonya', 905),
(905122, 'Ufukoni', 905),
(905132, 'Magengeni', 905),
(905142, 'Rahaleo', 905),
(905153, 'Naliendele', 905),
(906013, 'Mangaka', 906),
(906021, 'Nangomba', 906),
(906031, 'Lumesule', 906),
(906043, 'Likokona', 906),
(906051, 'Sengenya', 906),
(906061, 'Mnanje', 906),
(906071, 'Mikangaula', 906),
(906081, 'Maratani', 906),
(906091, 'Nandete', 906),
(906101, 'Mkonona', 906),
(906111, 'Nanyumbu', 906),
(906121, 'Masuguru', 906),
(906131, 'Chipuputa', 906),
(906141, 'Napacho', 906),
(907013, 'Mwenge Mtapika', 907),
(907023, 'Temeke', 907),
(907032, 'Mkuti', 907),
(907043, 'Mpindimbi', 907),
(907052, 'Nyasa', 907),
(907063, 'Marika', 907),
(907072, 'Mkomaindo', 907),
(907082, 'Mtandi', 907),
(907092, 'Jida', 907),
(907102, 'Migongo', 907),
(907113, 'Mwenge', 907),
(907123, 'Sululu', 907),
(1001011, 'Kalulu', 1001),
(1001021, 'Ligunga', 1001),
(1001033, 'Mlingoti Mashariki', 1001),
(1001041, 'Mindu', 1001),
(1001051, 'Ngapa', 1001),
(1001061, 'Nakapanya', 1001),
(1001071, 'Muhuwesi', 1001),
(1001081, 'Tuwemacho', 1001),
(1001091, 'Ligoma', 1001),
(1001101, 'Misechela', 1001),
(1001111, 'Namasakata', 1001),
(1001121, 'Mtina', 1001),
(1001131, 'Mchesi', 1001),
(1001141, 'Lukumbule', 1001),
(1001151, 'Nalasi Magharibi', 1001),
(1001161, 'Mchoteka', 1001),
(1001171, 'Marumba', 1001),
(1001181, 'Mbesa', 1001),
(1001191, 'Mlingoti Magharibi', 1001),
(1001201, 'Kidodoma', 1001),
(1001211, 'Nandembo', 1001),
(1001221, 'Nampungu', 1001),
(1001231, 'Matemanga', 1001),
(1001241, 'Namwinyu', 1001),
(1001251, 'Mbati', 1001),
(1001261, 'Nalasi Mashariki', 1001),
(1001271, 'Mchuluka', 1001),
(1001281, 'Namiungo', 1001),
(1001291, 'Jakika', 1001),
(1001303, 'Masonya', 1001),
(1001311, 'Sisikwasisi', 1001),
(1001321, 'Mchangani', 1001),
(1001333, 'Majengo', 1001),
(1001343, 'Nanjoka', 1001),
(1001353, 'Nakayaya', 1001),
(1002011, 'Wino', 1002),
(1002021, 'Ndongosi', 1002),
(1002031, 'Matumbi', 1002),
(1002041, 'Mpandangindo', 1002),
(1002051, 'Gumbiro', 1002),
(1002061, 'Mpitimbi', 1002),
(1002071, 'Muhukuru', 1002),
(1002081, 'Magagura', 1002),
(1002091, 'Litisha', 1002),
(1002101, 'Kilagano', 1002),
(1002111, 'Maposeni', 1002),
(1002123, 'Peramiho', 1002),
(1002133, 'Mahanje', 1002),
(1002141, 'Matimira', 1002),
(1002151, 'Mtyangimbole', 1002),
(1002161, 'Mkongotema', 1002),
(1002171, 'Mbinga Mhalule', 1002),
(1003011, 'Ruanda', 1003),
(1003021, 'Litumbandyosi', 1003),
(1003033, 'Kigonsera', 1003),
(1003041, 'Kihangi Mahuka', 1003),
(1003051, 'Utiri', 1003),
(1003063, 'Mbinga Mjini', 1003),
(1003071, 'Kilimani', 1003),
(1003081, 'Mbangamao', 1003),
(1003091, 'Kihungu', 1003),
(1003101, 'Kikolo', 1003),
(1003111, 'Kambarage', 1003),
(1003121, 'Mapera', 1003),
(1003131, 'Kipapa', 1003),
(1003141, 'Kipololo', 1003),
(1003151, 'Nyoni', 1003),
(1003161, 'Luwaita', 1003),
(1003173, 'Maguu', 1003),
(1003181, 'Kitumbalomo', 1003),
(1003191, 'Mkako', 1003),
(1003201, 'Mkalanga', 1003),
(1003211, 'Langiro', 1003),
(1003221, 'Mbuji', 1003),
(1003231, 'Litembo', 1003),
(1003241, 'Ngima', 1003),
(1003251, 'Myangayanga', 1003),
(1003261, 'Mkumbi', 1003),
(1003271, 'Linda', 1003),
(1003283, 'Matiri', 1003),
(1003291, 'Ukata', 1003),
(1003301, 'Kitanda', 1003),
(1003311, 'Kitura', 1003),
(1003321, 'Namswea', 1003),
(1003331, 'Mpepai', 1003),
(1003341, 'Mpapa', 1003),
(1004012, 'Mjini', 1004),
(1004022, 'Majengo', 1004),
(1004032, 'Misufini', 1004),
(1004042, 'Mfaranyaki', 1004),
(1004052, 'Lizaboni', 1004),
(1004062, 'Matarawe', 1004),
(1004072, 'Bombambili', 1004),
(1004082, 'Matogoro', 1004),
(1004092, 'Ruvuma', 1004),
(1004102, 'Subira', 1004),
(1004112, 'Ruhuwiko', 1004),
(1004122, 'Mshangano', 1004),
(1004132, 'Mletele', 1004),
(1004142, 'SeedFarm', 1004),
(1004152, 'Tanga', 1004),
(1004162, 'Msamala', 1004),
(1004172, 'Lilambo', 1004),
(1004182, 'Mwengemshindo', 1004),
(1004192, 'Mjimwema', 1004),
(1004202, 'Mateka', 1004),
(1004212, 'Ndilimalitembo', 1004),
(1005013, 'Rwinga', 1005),
(1005021, 'Mkongo', 1005),
(1005031, 'Ligera', 1005),
(1005041, 'Lusewa', 1005),
(1005051, 'Magazini', 1005),
(1005061, 'Msindo', 1005),
(1005071, 'Luchili', 1005),
(1005081, 'Nambengo', 1005),
(1005091, 'Kitanda', 1005),
(1005101, 'Luegu', 1005),
(1005113, 'Namtumbo', 1005),
(1005121, 'Mgombasi', 1005),
(1005131, 'Iitola', 1005),
(1005141, 'Likuyuseka', 1005),
(1005151, 'Mputa', 1005),
(1005163, 'Hanga', 1005),
(1005171, 'Limamu', 1005),
(1005181, 'Mchomoro', 1005),
(1006011, 'Liparamba', 1006),
(1006021, 'Tingi', 1006),
(1006031, 'Chiwanda', 1006),
(1006041, 'Mtipwili', 1006),
(1006051, 'Kingerikiti', 1006),
(1006061, 'Luhangarasi', 1006),
(1006071, 'Kilosa', 1006),
(1006083, 'Mbambabay', 1006),
(1006091, 'Lipingo', 1006),
(1006103, 'Liuli', 1006),
(1006111, 'Kihagara', 1006),
(1006121, 'Ngumbo', 1006),
(1006131, 'Liwundi', 1006),
(1006141, 'Mbaha', 1006),
(1006151, 'Lituhi', 1006),
(1101013, 'Kalenga', 1101),
(1101021, 'Kiwere', 1101),
(1101031, 'Nzihi', 1101),
(1101041, 'Ulanda', 1101),
(1101053, 'Mseke', 1101),
(1101061, 'Maguliwa', 1101),
(1101071, 'Mgama', 1101),
(1101083, 'Ifunda', 1101),
(1101091, 'Lumuli', 1101),
(1101101, 'Maboga', 1101),
(1101111, 'Wasa', 1101),
(1101121, 'Mahuninga', 1101),
(1101131, 'Idodi', 1101),
(1101141, 'Mlowa', 1101),
(1101151, 'Itunundu', 1101),
(1101161, 'Ilolo Mpya', 1101),
(1101171, 'Nduli', 1101),
(1101181, 'Kihorogota', 1101),
(1101191, 'Izazi', 1101),
(1101201, 'Malenga Makali', 1101),
(1101211, 'Nyang''oro', 1101),
(1101221, 'Luhota', 1101),
(1101231, 'Lyamgungwe', 1101),
(1101241, 'Mlenge', 1101),
(1101253, 'Migoli', 1101),
(1102011, 'Kiyowela', 1102),
(1102023, 'Makungu', 1102),
(1102031, 'Mninga', 1102),
(1102041, 'Kasanga', 1102),
(1102053, 'Igowole', 1102),
(1102061, 'Mtambula', 1102),
(1102071, 'Itandula', 1102),
(1102081, 'Mbalamaziwa', 1102),
(1102091, 'Idunda', 1102),
(1102103, 'Malangali', 1102),
(1102113, 'Nyololo', 1102),
(1102121, 'Ihowanza', 1102),
(1102131, 'Ikweha', 1102),
(1102141, 'Sadani', 1102),
(1102151, 'Igombavu', 1102),
(1102161, 'Bumilayinga', 1102),
(1102173, 'Mtwango', 1102),
(1102181, 'Isalavanu', 1102),
(1102191, 'Rungemba', 1102),
(1102201, 'Ifwagi', 1102),
(1102211, 'Mdabulo', 1102),
(1102221, 'Ihalimba', 1102),
(1102231, 'Kibengu', 1102),
(1102241, 'Mapanda', 1102),
(1102251, 'Mpanga', 1102),
(1102261, 'Ihanu', 1102),
(1102271, 'Luhunga', 1102),
(1103012, 'Kihesa', 1103),
(1103022, 'Mtwivila', 1103),
(1103032, 'Gangilonga', 1103),
(1103042, 'Kitanzini', 1103),
(1103052, 'Ruaha', 1103),
(1103062, 'Mshindo', 1103),
(1103072, 'Mivinjeni', 1103),
(1103082, 'Mlandege', 1103),
(1103092, 'Mwangata', 1103),
(1103102, 'Kwakilosa', 1103),
(1103112, 'Makorongoni', 1103),
(1103122, 'Ilala', 1103),
(1103132, 'Mkwawa', 1103),
(1103142, 'Kitwiru', 1103),
(1103152, 'Isakalilo', 1103),
(1103162, 'Nduli', 1103),
(1104011, 'Image', 1104),
(1104021, 'Irole', 1104),
(1104033, 'Ilula', 1104),
(1104041, 'Uhambingeto', 1104),
(1104051, 'Udekwa', 1104),
(1104061, 'Mahenge', 1104),
(1104071, 'Mtitu', 1104),
(1104081, 'Dabaga', 1104),
(1104091, 'Ukumbi', 1104),
(1104101, 'Ukwega', 1104),
(1104111, 'Boma la Ng''ombe', 1104),
(1104121, 'Idete', 1104),
(1104131, 'Masisiwe', 1104),
(1104141, 'Ng''uruhe', 1104),
(1104151, 'Ng''ang''ange', 1104),
(1104161, 'Ihimbo', 1104),
(1104171, 'Lugalo', 1104),
(1104183, 'Nyalumbu', 1104),
(1104191, 'Mlafu', 1104),
(1104201, 'Ibumu', 1104),
(1104211, 'Ruaha Mbuyuni', 1104),
(1104221, 'Kimala', 1104),
(1105012, 'Sao hill', 1105),
(1105022, 'Boma', 1105),
(1105032, 'Kinyanambo', 1105),
(1201011, 'Kambikatoto', 1201),
(1201021, 'Mafyeko', 1201),
(1201031, 'Matwiga', 1201),
(1201041, 'Mtanila', 1201),
(1201051, 'Lupatingatinga', 1201),
(1201061, 'Luwalaje', 1201),
(1201071, 'Sangambi', 1201),
(1201083, 'Itewe', 1201),
(1201093, 'Chokaa', 1201),
(1201101, 'Mbugani', 1201),
(1201111, 'Chalangwa', 1201),
(1201121, 'Ifumbo', 1201),
(1201131, 'Kanga', 1201),
(1201141, 'Galula', 1201),
(1201151, 'Mbuyuni', 1201),
(1201161, 'Totowe', 1201),
(1201171, 'Namkukwe', 1201),
(1201183, 'Mkwajuni', 1201),
(1201191, 'Mbangala', 1201),
(1201201, 'Kapalala', 1201),
(1201211, 'Gua', 1201),
(1201221, 'Ngwala', 1201),
(1201231, 'Mamba', 1201),
(1201241, 'Ifwenkenya', 1201),
(1201251, 'Magamba', 1201),
(1201261, 'Saza', 1201),
(1201271, 'Mwambani', 1201),
(1201282, 'Mkola', 1201),
(1201292, 'Makongolosi', 1201),
(1201302, 'Matundasi', 1201),
(1202011, 'Ihango', 1202),
(1202021, 'Ulenje', 1202),
(1202033, 'Tembela', 1202),
(1202041, 'Ijombe', 1202),
(1202051, 'Santilya', 1202),
(1202061, 'Ilembo', 1202),
(1202071, 'Iwiji', 1202),
(1202081, 'Isuto', 1202),
(1202091, 'Igale', 1202),
(1202101, 'Iwindi', 1202),
(1202113, 'Utengule Usongwe', 1202),
(1202121, 'Mshewe', 1202),
(1202131, 'Ikukwa', 1202),
(1202141, 'Iyunga Mapinduzi', 1202),
(1202153, 'Bonde la Songwe', 1202),
(1202161, 'Inyala', 1202),
(1202171, 'Ilungu', 1202),
(1202181, 'Maendeleo', 1202),
(1202191, 'Swaya', 1202),
(1202201, 'Masoko', 1202),
(1202211, 'Itawa', 1202),
(1202223, 'Nsalala', 1202),
(1202231, 'Lwanjiro', 1202),
(1202241, 'Itewe', 1202),
(1202253, 'Igoma', 1202),
(1203011, 'Lusungo', 1203),
(1203021, 'Makwale', 1203),
(1203031, 'Matema', 1203),
(1203041, 'Mwaya', 1203),
(1203051, 'Ndobo', 1203),
(1203061, 'Kajunjumele', 1203),
(1203071, 'Bujonde', 1203),
(1203081, 'Ikolo', 1203),
(1203091, 'Katumba Songwe', 1203),
(1203101, 'Ngana', 1203),
(1203111, 'Busale', 1203),
(1203121, 'Ipande', 1203),
(1203131, 'Ikama', 1203),
(1203143, 'Ipinda', 1203),
(1203151, 'Ngonga', 1203),
(1203161, 'Ikimba', 1203),
(1203171, 'Itope', 1203),
(1203181, 'Muungano', 1203),
(1203191, 'Talatala', 1203),
(1203202, 'Kyela', 1203),
(1204011, 'Swaya', 1204),
(1204021, 'Masebe', 1204),
(1204031, 'Suma', 1204),
(1204041, 'Kandete', 1204),
(1204051, 'Luteba', 1204),
(1204061, 'Mpombo', 1204),
(1204071, 'Isange', 1204),
(1204081, 'Kabula', 1204),
(1204091, 'Lwangwa', 1204),
(1204101, 'Lufilyo', 1204),
(1204111, 'Itete', 1204),
(1204121, 'Kisegese', 1204),
(1204131, 'Lupata', 1204),
(1204141, 'Kambasegela', 1204),
(1204151, 'Masukulu', 1204),
(1204161, 'Kisiba', 1204),
(1204171, 'Masoko', 1204),
(1204181, 'Bujela', 1204),
(1204191, 'Ilima', 1204),
(1204201, 'Kisondela', 1204),
(1204211, 'Ikuti', 1204),
(1204221, 'Malindo', 1204),
(1204231, 'Mpuguso', 1204),
(1204241, 'Kikole', 1204),
(1204251, 'Lufingo', 1204),
(1204261, 'Nkunga', 1204),
(1204271, 'Kyimo', 1204),
(1204281, 'Kinyala', 1204),
(1204293, 'Kiwira', 1204),
(1204301, 'Isongole', 1204),
(1204312, 'Ikama', 1204),
(1204322, 'Ibighi', 1204),
(1204332, 'Bagamoyo', 1204),
(1204342, 'Kawetele', 1204),
(1204352, 'Bulyaga', 1204),
(1204362, 'Msasani', 1204),
(1204372, 'Makandana', 1204),
(1205013, 'Itumba', 1205),
(1205021, 'Itale', 1205),
(1205031, 'Ibaba', 1205),
(1205041, 'Ndola', 1205),
(1205051, 'Luswisi', 1205),
(1205061, 'Ngulilo', 1205),
(1205071, 'Lubanda', 1205),
(1205081, 'Ngulugulu', 1205),
(1205091, 'Sange', 1205),
(1205101, 'Ikinga', 1205),
(1205111, 'Kafule', 1205),
(1205121, 'Malangali', 1205),
(1205131, 'Bupigu', 1205),
(1205143, 'Isongole', 1205),
(1205151, 'Chitete', 1205),
(1205161, 'Mbebe', 1205),
(1205171, 'Mlale', 1205),
(1205181, 'Kalembo', 1205),
(1206011, 'Ihanda', 1206),
(1206021, 'Bara', 1206),
(1206031, 'Nanyala', 1206),
(1206041, 'Nambinzo', 1206),
(1206051, 'Itaka', 1206),
(1206061, 'Isansa', 1206),
(1206071, 'Ruanda', 1206),
(1206081, 'Iyula', 1206),
(1206091, 'Nyimbili', 1206),
(1206101, 'Mlangali', 1206),
(1206111, 'Myovizi', 1206),
(1206121, 'Igamba', 1206),
(1206131, 'Halungu', 1206),
(1206141, 'Msia', 1206),
(1206153, 'Mlowo', 1206),
(1206161, 'Ipunga', 1206),
(1206171, 'Isandula', 1206),
(1206182, 'Vwawa', 1206),
(1207011, 'Luhanga', 1207),
(1207023, 'Madibira', 1207),
(1207031, 'Mawindi', 1207),
(1207043, 'Ihahi', 1207),
(1207051, 'Mapogoro', 1207),
(1207063, 'Chimala', 1207),
(1207071, 'Utengule Usangu', 1207),
(1207081, 'Ruiwa', 1207),
(1207091, 'Mahongole', 1207),
(1207103, 'Ubaruku', 1207),
(1207113, 'Igurusi', 1207),
(1207121, 'Kongolo', 1207),
(1207131, 'Mwatenga', 1207),
(1207141, 'Imalilosongwe', 1207),
(1207151, 'Igava', 1207),
(1207161, 'Ipwani', 1207),
(1207171, 'Itamboleo', 1207),
(1207181, 'Miyombweni', 1207),
(1207192, 'Rujewa', 1207),
(1207202, 'Lugelele', 1207),
(1208012, 'Sisimba', 1208),
(1208022, 'Isanga', 1208),
(1208032, 'Iganzo', 1208),
(1208042, 'Mwansekwa', 1208),
(1208052, 'Itagano', 1208),
(1208062, 'Itezi', 1208),
(1208072, 'Nsalaga', 1208),
(1208082, 'Igawilo', 1208),
(1208092, 'Iganjo', 1208),
(1208102, 'Uyole', 1208),
(1208112, 'Iduda', 1208),
(1208122, 'Mwasanga', 1208),
(1208132, 'Tembela', 1208),
(1208142, 'Ilomba', 1208),
(1208152, 'Mwakibete', 1208),
(1208162, 'Ilemi', 1208),
(1208172, 'Isyesye', 1208),
(1208182, 'Ruanda', 1208),
(1208192, 'Iyela', 1208),
(1208202, 'Sinde', 1208),
(1208212, 'Maanga', 1208),
(1208222, 'Mbalizi road', 1208),
(1208232, 'Forest', 1208),
(1208242, 'Mabatini', 1208),
(1208252, 'Nzovwe', 1208),
(1208262, 'Kalobe', 1208),
(1208272, 'Iyunga', 1208),
(1208282, 'Iwambi', 1208),
(1208292, 'Itende', 1208),
(1208302, 'Iziwa', 1208),
(1208312, 'Nsoho', 1208),
(1208322, 'Majengo', 1208),
(1208332, 'Ghana', 1208),
(1208342, 'Nonde', 1208),
(1208352, 'Itiji', 1208),
(1208362, 'Maendeleo', 1208),
(1209011, 'Chilulumo', 1209),
(1209021, 'Kamsamba', 1209),
(1209031, 'Ivuna', 1209),
(1209041, 'Mpapa', 1209),
(1209051, 'Mkulwe', 1209),
(1209061, 'Chitete', 1209),
(1209071, 'Msangano', 1209),
(1209083, 'Chiwezi', 1209),
(1209091, 'Nkangamo', 1209),
(1209101, 'Ndalambo', 1209),
(1209111, 'Kapele', 1209),
(1209121, 'Nzoka', 1209),
(1209131, ' Myunga', 1209),
(1210012, 'Tunduma', 1206),
(1301011, 'Urughu', 1301),
(1301021, 'Mtekente', 1301),
(1301031, 'Mtoa', 1301),
(1301041, 'Mgongo', 1301),
(1301053, 'Shelui', 1301),
(1301061, 'Ntwike', 1301),
(1301071, 'Tulya', 1301),
(1301081, 'Kidaru', 1301),
(1301091, 'Kisiriri', 1301),
(1301103, 'Kiomboi', 1301),
(1301111, 'Kinampanda', 1301),
(1301121, 'Ulemo', 1301),
(1301131, 'Kyengege', 1301),
(1301143, 'Ndago', 1301),
(1301151, 'Mbelekese', 1301),
(1301161, 'Kaselya', 1301),
(1301171, 'Ndulungu', 1301),
(1302011, 'Mudida', 1302),
(1302021, 'Makuro', 1302),
(1302031, 'Ikhanoda', 1302),
(1302041, 'Mwasauya', 1302),
(1302051, 'Msange', 1302),
(1302061, 'Maghojoa', 1302),
(1302071, 'Itaja', 1302),
(1302081, 'Ngimu', 1302),
(1302091, 'Mughunga', 1302),
(1302101, 'Mgori', 1302),
(1302111, 'Mughamo', 1302),
(1302121, 'Kinyagigi', 1302),
(1302131, 'Merya', 1302),
(1302141, 'Kinyeto', 1302),
(1302151, 'Ntonge', 1302),
(1302163, 'Ilongero', 1302),
(1302171, 'Mrama', 1302),
(1302181, 'Kijota', 1302),
(1302191, 'Mtinko', 1302),
(1302201, 'Ughandi', 1302),
(1302211, 'Msisi', 1302),
(1303013, 'Manyoni', 1303),
(1303023, 'Solya', 1303),
(1303031, 'Makuru', 1303),
(1303041, 'Chikuyu', 1303),
(1303051, 'Makanda', 1303),
(1303063, 'Kintinku', 1303),
(1303071, 'Mvumi', 1303),
(1303081, 'Majiri', 1303),
(1303091, 'Sasajila', 1303),
(1303101, 'Idodyandole', 1303),
(1303111, 'Chikola', 1303),
(1303121, 'Heka', 1303),
(1303131, 'Nkonko', 1303),
(1303141, 'Sanza', 1303),
(1303151, 'Isseke', 1303),
(1303161, 'Rungwa', 1303),
(1303171, 'Mgandu', 1303),
(1303183, 'Itigi', 1303),
(1303191, 'Ipande', 1303),
(1303201, 'Sanjaranda', 1303),
(1303211, 'Aghondi', 1303),
(1303221, 'Mkwese', 1303),
(1303231, 'Muhalala', 1303),
(1303241, 'Saranda', 1303),
(1303251, 'Makutopora', 1303),
(1303261, 'Sasilo', 1303),
(1303271, 'Mwamagembe', 1303),
(1303283, 'Mitundu', 1303),
(1303291, 'Kitaraka', 1303),
(1303303, 'Itigi Majengo', 1303),
(1304011, 'Mtipa', 1304),
(1304022, 'Mughanga', 1304),
(1304032, 'Mitunduruni', 1304),
(1304042, 'Majengo', 1304),
(1304051, 'Unyambwa', 1304),
(1304061, 'Mungumaji', 1304),
(1304071, 'Unyamikumbi ', 1304),
(1304081, 'Mtamaa', 1304),
(1304092, 'Kindai', 1304),
(1304102, 'Ipembe', 1304),
(1304112, 'Utemini', 1304),
(1304121, 'Mwankoko', 1304),
(1304133, 'Mandewa', 1304),
(1304142, 'Minga', 1304),
(1304152, 'Misuna', 1304),
(1304161, 'Uhamaka', 1304),
(1305013, 'Puma', 1305),
(1305021, 'Kituntu', 1305),
(1305033, 'Mungaa', 1305),
(1305041, 'Siuyu', 1305),
(1305051, 'Kikio', 1305),
(1305061, 'Lighwa', 1305),
(1305071, 'Misughaa', 1305),
(1305081, 'Ntuntu', 1305),
(1305091, 'Dung''unyi', 1305),
(1305101, 'Mang''onyi', 1305),
(1305111, 'Mkiwa', 1305),
(1305121, 'Issuna', 1305),
(1305131, 'Unyahati', 1305),
(1305143, 'Ikungi', 1305),
(1305151, 'Iglansoni', 1305),
(1305161, 'Iseke', 1305),
(1305171, 'Ihanja', 1305),
(1305181, 'Minyughe', 1305),
(1305191, 'Muhintiri', 1305),
(1305201, 'Iyumbu', 1305),
(1305211, 'Mgungira', 1305),
(1305221, 'Mwaru', 1305),
(1305231, 'Ighombwe', 1305),
(1305241, 'Mtunduru', 1305),
(1305251, 'Sepuka', 1305),
(1305261, 'Irisya', 1305),
(1306011, 'Mpambala', 1306),
(1306021, 'Mwangeza', 1306),
(1306031, 'Mwanga', 1306),
(1306041, 'Nkinto', 1306),
(1306053, 'Ibaga', 1306),
(1306061, 'Gumanga', 1306),
(1306071, 'Msingi', 1306),
(1306081, 'Nduguti', 1306),
(1306091, 'Ilunda', 1306),
(1306101, 'Kinyangiri', 1306),
(1306113, 'Iguguno', 1306),
(1306121, 'Miganga', 1306),
(1306131, 'Matongo', 1306),
(1306141, 'Kikhonda', 1306),
(1401011, 'Puge', 1401),
(1401021, 'Nkiniziwa', 1401),
(1401031, 'Budushi', 1401),
(1401041, 'Mwakashanhala', 1401),
(1401051, 'Tongi', 1401),
(1401061, 'Mizibaziba', 1401),
(1401071, 'Milambo Itobo', 1401),
(1401081, 'Magengati', 1401),
(1401091, 'Ndala', 1401),
(1401102, 'Nzega Mjini', 1401),
(1401111, 'Wela', 1401),
(1401121, 'Mbogwe', 1401),
(1401131, 'Miguwa', 1401),
(1401141, 'Itilo', 1401),
(1401151, 'Muhugi', 1401),
(1401161, 'Utwigu', 1401),
(1401171, 'Ijanija', 1401),
(1401181, 'Nzega Ndogo', 1401),
(1401191, 'Lusu', 1401),
(1401201, 'Nata', 1401),
(1401211, 'Isanzu', 1401),
(1401221, 'Itobo', 1401),
(1401231, 'Mwangoye', 1401),
(1401241, 'Sigili', 1401),
(1401251, 'Mwamala', 1401),
(1401261, 'Igusule', 1401),
(1401271, 'Shigamba', 1401),
(1401281, 'Kasela', 1401),
(1401291, 'Karitu', 1401),
(1401303, 'Bukene', 1401),
(1401311, 'Mogwa', 1401),
(1401321, 'Mambali', 1401),
(1401331, 'K/Nhalanga', 1401),
(1401341, 'Uduka', 1401),
(1401351, 'Semembela', 1401),
(1401361, 'Isagenhe', 1401),
(1401371, 'Ikindwa', 1401),
(1402013, 'Igunga', 1402),
(1402021, 'Itumba', 1402),
(1402031, 'Bukoko', 1402),
(1402041, 'Isakamaliwa', 1402),
(1402051, 'Nyandekwa', 1402),
(1402061, 'Nanga', 1402),
(1402071, 'Nguvumoja', 1402),
(1402081, 'Mbutu', 1402),
(1402091, 'Kining''ila', 1402),
(1402103, 'Igurubi', 1402),
(1402111, 'Mwamashimba', 1402),
(1402121, 'Kinungu', 1402),
(1402131, 'Ntobo', 1402),
(1402141, 'Itunduru', 1402),
(1402151, 'Mwamashiga', 1402),
(1402163, 'Choma', 1402),
(1402171, 'Mwashiku', 1402),
(1402181, 'Ziba', 1402),
(1402191, 'Ndembezi', 1402),
(1402201, 'Nkinga', 1402),
(1402211, 'Ngulu', 1402),
(1402221, 'Simbo', 1402),
(1402231, 'Igoweko', 1402),
(1402241, 'Mwisi', 1402),
(1402251, 'Chabutwa', 1402),
(1402261, 'Sungwizi', 1402),
(1403011, 'Lutende', 1403),
(1403021, 'Kizengi', 1403),
(1403031, 'Goweko', 1403),
(1403041, 'Igalula', 1403),
(1403053, 'Ilolanguru', 1403),
(1403063, 'Mabama', 1403),
(1403071, 'Ndono', 1403),
(1403081, 'Ufulumwa', 1403),
(1403091, 'Usagari', 1403),
(1403101, 'Ibiri', 1403),
(1403111, 'Bukumbi', 1403),
(1403121, 'Ikongolo', 1403),
(1403131, 'Upuge', 1403),
(1403141, 'Magiri', 1403),
(1403151, 'Isikizya', 1403),
(1403161, 'Shitage', 1403),
(1403171, 'Loya', 1403),
(1403181, 'Miswaki', 1403),
(1403191, 'Tura', 1403),
(1403201, 'Nsololo', 1403),
(1403211, 'Kigwa', 1403),
(1403221, 'Miyenze', 1403),
(1403231, 'Nsimbo', 1403),
(1403241, 'Ibelamilundi', 1403),
(1404011, 'Kapilula', 1404),
(1404023, 'Urambo', 1404),
(1404031, 'Vumilia', 1404),
(1404041, 'Muungano', 1404),
(1404051, 'Songambele', 1404);
INSERT INTO `ward_nbs` (`ward_nbsid`, `ward_nbsname`, `district_nbsid`) VALUES
(1404061, 'Uyogo', 1404),
(1404071, 'Kiloleni', 1404),
(1404081, 'Ussoke', 1404),
(1404091, 'Uyumbu', 1404),
(1404101, 'Ugalla', 1404),
(1404111, 'Usisya', 1404),
(1404121, 'Itundu', 1404),
(1404131, 'Kasisi', 1404),
(1404141, 'Imalamakoye', 1404),
(1404151, 'Nsenda', 1404),
(1404161, 'Ukondamoyo', 1404),
(1405011, 'Tutuo', 1405),
(1405021, 'Chabutwa', 1405),
(1405031, 'Kiloleli', 1405),
(1405041, 'Kipanga', 1405),
(1405053, 'Sikonge', 1405),
(1405061, 'Igigwa', 1405),
(1405071, 'Kitunda', 1405),
(1405081, 'Kiloli', 1405),
(1405091, 'Kipili', 1405),
(1405101, 'Pangale', 1405),
(1405111, 'Ipole', 1405),
(1405121, 'Ngoywa', 1405),
(1405131, 'Kisanga', 1405),
(1405141, 'Misheni', 1405),
(1405151, 'Mole', 1405),
(1405161, 'Mpombwe', 1405),
(1405171, 'Usunga', 1405),
(1406012, 'Kanyenye', 1406),
(1406022, 'Gongoni', 1406),
(1406032, 'Mbugani', 1406),
(1406042, 'Chemchem', 1406),
(1406052, 'Tambukareli', 1406),
(1406062, 'Kiloleni', 1406),
(1406072, 'Mtendeni', 1406),
(1406082, 'Isevya', 1406),
(1406092, 'Ipuli', 1406),
(1406102, 'Cheyo', 1406),
(1406112, 'Kitete', 1406),
(1406122, 'Ng`ambo', 1406),
(1406132, 'Malolo', 1406),
(1406141, 'Kakola', 1406),
(1406151, 'Uyui', 1406),
(1406161, 'Itonjanda', 1406),
(1406171, 'Ndevelwa', 1406),
(1406181, 'Itetemia', 1406),
(1406191, 'Tumbi', 1406),
(1406201, 'Kalunde', 1406),
(1406211, 'Misha', 1406),
(1406221, 'Kabila', 1406),
(1406231, 'Ikomwa', 1406),
(1406241, 'Ifucha', 1406),
(1406251, 'Ntalikwa', 1406),
(1407011, 'Ukumbisiganga', 1407),
(1407021, 'Zugimlole', 1407),
(1407031, 'Ushokola', 1407),
(1407041, 'Ugunga', 1407),
(1407053, 'Kaliua', 1407),
(1407061, 'Usinge', 1407),
(1407071, 'Igagala', 1407),
(1407081, 'Kamsekwa', 1407),
(1407091, 'Kazaroho', 1407),
(1407101, 'Igwisi', 1407),
(1407111, 'Uyowa', 1407),
(1407121, 'Silambo', 1407),
(1407131, 'Kashishi', 1407),
(1407141, 'Sasu', 1407),
(1407151, 'Seleli', 1407),
(1407161, 'Ichemba', 1407),
(1407171, 'Mwongozo', 1407),
(1407181, 'Kanoge', 1407),
(1407191, 'Kanindo', 1407),
(1407201, 'Milambo', 1407),
(1407211, 'Igombe Mkulu', 1407),
(1501011, 'Kasanga', 1501),
(1501021, 'Mkowe', 1501),
(1501031, 'Msanzi', 1501),
(1501043, 'Matai', 1501),
(1501051, 'Sopa', 1501),
(1501061, 'Mwazye', 1501),
(1501071, 'Katazi', 1501),
(1501081, 'Mwimbi', 1501),
(1501091, 'Mambwekenya', 1501),
(1501101, 'Mwembenkoswe', 1501),
(1501111, 'Legeza mwendo', 1501),
(1501121, 'Ulumi', 1501),
(1501131, 'Mnamba', 1501),
(1501141, 'Katete', 1501),
(1501151, 'Kisumba', 1501),
(1501161, 'Mkali', 1501),
(1501171, 'Kilesha', 1501),
(1502011, 'Mfinga', 1502),
(1502023, 'Muze', 1502),
(1502033, 'Mtowisa', 1502),
(1502041, 'Milepa', 1502),
(1502051, 'Sandulula', 1502),
(1502061, 'Kaengesa', 1502),
(1502071, 'Mpui', 1502),
(1502081, 'Msanda Muungano', 1502),
(1502091, 'Ilemba', 1502),
(1502101, 'Kipeta', 1502),
(1502111, 'Kaoze', 1502),
(1502121, 'Miangalua', 1502),
(1502131, 'Kalambanzite', 1502),
(1502141, 'Lusaka', 1502),
(1502152, 'Laela', 1502),
(1503013, 'Korongwe', 1503),
(1503021, 'Mtenga', 1503),
(1503031, 'Mkwamba', 1503),
(1503043, 'Chala', 1503),
(1503051, 'Kipande', 1503),
(1503061, 'Isale', 1503),
(1503071, 'Kate', 1503),
(1503081, 'Sintali', 1503),
(1503091, 'Kala', 1503),
(1503101, 'Wampembe', 1503),
(1503111, 'Ninde', 1503),
(1503123, 'Kirando', 1503),
(1503133, 'Kabwe', 1503),
(1503141, 'Kipili', 1503),
(1503151, 'Nkandasi', 1503),
(1503162, 'Namanyere', 1503),
(1503172, 'Nkomolo', 1503),
(1504012, 'Malangali', 1504),
(1504022, 'Mazwi', 1504),
(1504032, 'Izia', 1504),
(1504042, 'Katandala', 1504),
(1504052, 'Old Sumbawanga', 1504),
(1504062, 'Kizwite', 1504),
(1504071, 'Ntendo', 1504),
(1504081, 'Senga', 1504),
(1504091, 'Mollo', 1504),
(1504101, 'Pito', 1504),
(1504111, 'Milanzi', 1504),
(1504121, 'Matanga', 1504),
(1504131, 'Kasense', 1504),
(1504142, 'Majengo', 1504),
(1504152, 'Chanji', 1504),
(1601011, 'Misezero', 1601),
(1601021, 'Bitare', 1601),
(1601033, 'Kibondo', 1601),
(1601041, 'Murungu', 1601),
(1601051, 'Busagara', 1601),
(1601061, 'Rugongwe', 1601),
(1601071, 'Busunzu', 1601),
(1601081, 'Kumsenga', 1601),
(1601091, 'Kizazi', 1601),
(1601103, 'Mabamba', 1601),
(1601111, 'Bunyanbo', 1601),
(1601121, 'Itaba', 1601),
(1601131, 'Kitahana', 1601),
(1602011, 'Kitanga', 1602),
(1602021, 'Herushingo', 1602),
(1602031, 'Nyamidaho', 1602),
(1602041, 'Kitagata', 1602),
(1602051, 'Nyachenda', 1602),
(1602061, 'Buhoro', 1602),
(1602071, 'Nyamnyusi', 1602),
(1602081, 'Nyakitonto', 1602),
(1602091, 'Kagerankanda', 1602),
(1602101, 'Kurugongo', 1602),
(1602111, 'Rungwe Mpya', 1602),
(1602121, 'Asantenyerere', 1602),
(1602131, 'Titye', 1602),
(1602141, 'Shunguliba', 1602),
(1602151, 'Muzye', 1602),
(1602161, 'Bugaga', 1602),
(1602171, 'Kigembe', 1602),
(1602183, 'Rusesa', 1602),
(1602191, 'Kwaga', 1602),
(1603011, 'Kagunga', 1603),
(1603021, 'Mkigo', 1603),
(1603031, 'Mwamgongo', 1603),
(1603041, 'Kalinzi', 1603),
(1603051, 'Bitale', 1603),
(1603061, 'Mkongoro', 1603),
(1603071, 'Mahembe', 1603),
(1603081, 'Matendo', 1603),
(1603091, 'Mungonya', 1603),
(1603101, 'Kagongo', 1603),
(1603113, 'Mwandiga', 1603),
(1604012, 'Gungu', 1604),
(1604022, 'Kibirizi', 1604),
(1604032, 'Buhanda', 1604),
(1604042, 'Businde', 1604),
(1604052, 'Machinjioni', 1604),
(1604062, 'Kagera', 1604),
(1604072, 'Kasimbu', 1604),
(1604082, 'Rubuga', 1604),
(1604092, 'Kasingirima', 1604),
(1604102, 'Majengo', 1604),
(1604112, 'Kitongoni', 1604),
(1604122, 'Kipampa', 1604),
(1604132, 'Rusimbi', 1604),
(1604142, 'Buzebazeba', 1604),
(1604152, 'Mwanga Kusini', 1604),
(1604162, 'Kigoma', 1604),
(1604172, 'Bangwe', 1604),
(1604182, 'Mwanga Kaskazini', 1604),
(1604192, 'Katubuka', 1604),
(1605011, 'Kalya', 1605),
(1605021, 'Buhingu', 1605),
(1605031, 'Igalula', 1605),
(1605041, 'Sigunga', 1605),
(1605051, 'Sunuka', 1605),
(1605061, 'Ilagala', 1605),
(1605071, 'Simbo', 1605),
(1605081, 'Kandaga', 1605),
(1605091, 'Kazuramimba', 1605),
(1605103, 'Uvinza', 1605),
(1605111, 'Mganza', 1605),
(1605121, 'Mtego wa Noti', 1605),
(1605133, 'Nguruka', 1605),
(1605141, 'Itebula', 1605),
(1606011, 'Nyamugali', 1606),
(1606021, 'Biharu', 1606),
(1606031, 'Muyama', 1606),
(1606041, 'Kajana', 1606),
(1606051, 'Mugera', 1606),
(1606061, 'Kilelema', 1606),
(1606071, 'Munyegera', 1606),
(1606081, 'Buhigwe', 1606),
(1606091, 'Kibande', 1606),
(1606101, 'Janda', 1606),
(1606111, 'Munzeze', 1606),
(1606121, 'Rusaba', 1606),
(1606131, 'Muhinda', 1606),
(1606141, 'Munanila', 1606),
(1606151, 'Mwayaya', 1606),
(1607011, 'Nyabibuye', 1607),
(1607021, 'Nyamtukuza', 1607),
(1607031, 'Muhange', 1607),
(1607041, 'Kasuga', 1607),
(1607053, 'Kakonko', 1607),
(1607061, 'Kiziguzigu', 1607),
(1607071, 'Rugenge', 1607),
(1607081, 'Kasanda', 1607),
(1607091, 'Gwanumpu', 1607),
(1607101, 'Katanga', 1607),
(1607111, 'Mugunzu', 1607),
(1608011, 'Muganza', 1608),
(1608021, 'Kigondo', 1608),
(1608031, 'Msambara', 1608),
(1608041, 'Ruhita', 1608),
(1608051, 'Nyumbigwa', 1608),
(1608061, 'Murufiti', 1608),
(1608071, 'Nyansha', 1608),
(1608082, 'Kasulu Mjini', 1608),
(1608091, 'Muhunga', 1608),
(1701011, 'Mwamalili', 1701),
(1701021, 'Kolandoto', 1701),
(1701032, 'Ngokolo', 1701),
(1701043, 'Ibadakuli', 1701),
(1701052, 'Shinyanga Mjini', 1701),
(1701062, 'Chamaguha', 1701),
(1701072, 'Ibinzamata', 1701),
(1701082, 'Kitangili', 1701),
(1701091, 'Kizumbi', 1701),
(1701101, 'Mwawaza', 1701),
(1701112, 'Ndala', 1701),
(1701122, 'Kambarage', 1701),
(1701131, 'Chibe', 1701),
(1701142, 'Lubaga', 1701),
(1701152, 'Ndembezi', 1701),
(1701162, 'Masekelo', 1701),
(1701173, 'Old Shinyanga', 1701),
(1702011, 'Bunambiyu', 1702),
(1702021, 'Bubiki', 1702),
(1702033, 'Songwa', 1702),
(1702041, 'Seke-Bugoro', 1702),
(1702051, 'Mondo', 1702),
(1702063, 'Mwadui Lohumbo', 1702),
(1702071, 'Uchunga', 1702),
(1702083, 'Kishapu', 1702),
(1702091, 'Mwakipoya', 1702),
(1702101, 'Shagihilu', 1702),
(1702111, 'Somagedi', 1702),
(1702121, 'Mwamalasa', 1702),
(1702131, 'Masanga', 1702),
(1702141, 'Lagana', 1702),
(1702151, 'Mwamashele', 1702),
(1702161, 'Ngofila', 1702),
(1702171, 'Kiloleli', 1702),
(1702181, 'Ukenyenge', 1702),
(1702191, 'Talaga', 1702),
(1702201, 'Itilima', 1702),
(1703011, 'Imesela', 1703),
(1703021, 'Usule', 1703),
(1703031, 'Ilola', 1703),
(1703041, 'Didia', 1703),
(1703051, 'Itwangi', 1703),
(1703063, 'Tinde', 1703),
(1703071, 'Mwakitolyo', 1703),
(1703081, 'Salawe', 1703),
(1703091, 'Solwa', 1703),
(1703101, 'Iselamagazi', 1703),
(1703111, 'Lyabukande', 1703),
(1703121, 'Mwantini', 1703),
(1703131, 'Pandagichiza', 1703),
(1703141, 'Mwamala', 1703),
(1703151, 'Samuye', 1703),
(1703161, 'Usanda', 1703),
(1703171, 'Puni', 1703),
(1703181, 'Nyida', 1703),
(1703191, 'Nsalala', 1703),
(1703201, 'Bukene', 1703),
(1703211, 'Masengwa', 1703),
(1703221, 'Mwenge', 1703),
(1703231, 'Lyabusalu', 1703),
(1703241, 'Mwalukwa', 1703),
(1703251, 'Nyamalogo', 1703),
(1703261, 'Lyamidati', 1703),
(1704013, 'Bulyanhulu', 1704),
(1704023, 'Bugarama', 1704),
(1704031, 'Lunguya', 1704),
(1704041, 'Shilela', 1704),
(1704053, 'Segese', 1704),
(1704061, 'Mega', 1704),
(1704071, 'Chela', 1704),
(1704081, 'Busangi', 1704),
(1704091, 'Ntobo', 1704),
(1704101, 'Ngaya', 1704),
(1704111, 'Bulige', 1704),
(1704121, 'Kashishi', 1704),
(1704131, 'Mwanase', 1704),
(1704141, 'Mwalugulu', 1704),
(1704151, 'Jana', 1704),
(1704163, 'Isaka', 1704),
(1704171, 'Chona', 1704),
(1704181, 'Chambo', 1704),
(1704191, 'Kisuke', 1704),
(1704201, 'Mapamba', 1704),
(1704211, 'Bukomela', 1704),
(1704221, 'Ukune', 1704),
(1704231, 'Igunda', 1704),
(1704241, 'Kinamapula', 1704),
(1704251, 'Igwamanoni', 1704),
(1704261, 'Mpunze', 1704),
(1704271, 'Sabasabini', 1704),
(1704281, 'Idahina', 1704),
(1704291, 'Bulungwa', 1704),
(1704301, 'Nyankende', 1704),
(1704311, 'Ulewe', 1704),
(1704321, 'Ushetu', 1704),
(1704331, 'Uyogo', 1704),
(1704343, 'Ulowa', 1704),
(1704351, 'Ubagwe', 1704),
(1705011, 'Ngogwa', 1705),
(1705021, 'Wendele', 1705),
(1705031, 'Kinaga', 1705),
(1705041, 'Isagehe', 1705),
(1705051, 'Mondo', 1705),
(1705063, 'Kagongwa', 1705),
(1705073, 'Nyahanga', 1705),
(1705083, 'Malunga', 1705),
(1705093, 'Mhongolo', 1705),
(1705103, 'Mwendakulima', 1705),
(1705111, 'Zongomera', 1705),
(1705123, 'Mhungula', 1705),
(1705132, 'Nyihogo', 1705),
(1705143, 'Nyasubi', 1705),
(1705152, 'Kahama Mjini', 1705),
(1705163, 'Majengo', 1705),
(1705171, 'Busoka', 1705),
(1705181, 'Kilago', 1705),
(1705191, 'Iyenze', 1705),
(1705201, 'Nyandekwa', 1705),
(1801011, 'Igurwa', 1801),
(1801021, 'Kanoni', 1801),
(1801031, 'Kihanga', 1801),
(1801041, 'Kituntu', 1801),
(1801051, 'Chanika', 1801),
(1801063, 'Kayanga', 1801),
(1801073, 'Bugene', 1801),
(1801083, 'Ndama', 1801),
(1801091, 'Rugera', 1801),
(1801101, 'Ihembe', 1801),
(1801111, 'Nyaishozi', 1801),
(1801121, 'Rugu', 1801),
(1801131, 'Nyakasimbi', 1801),
(1801141, 'Nyakakika', 1801),
(1801151, 'Nyakabanga', 1801),
(1801161, 'Bweranyange', 1801),
(1801171, 'Kibondo', 1801),
(1801181, 'Nyabiyonza', 1801),
(1801191, 'Kiruruma', 1801),
(1801203, 'Nyakahanga', 1801),
(1801211, 'Ihanda', 1801),
(1801221, 'Chonyonyo', 1801),
(1802011, 'Rubafu', 1802),
(1802021, 'Kishanje', 1802),
(1802031, 'Kaagya', 1802),
(1802041, 'Buhendangabo', 1802),
(1802051, 'Nyakato', 1802),
(1802061, 'Katoma', 1802),
(1802071, 'Karabagaine', 1802),
(1802081, 'Bujugo', 1802),
(1802091, 'Maruku', 1802),
(1802101, 'Kanyangereko', 1802),
(1802111, 'Katerero', 1802),
(1802123, 'Kemondo', 1802),
(1802131, 'Nyakibimbili', 1802),
(1802141, 'Ibwera', 1802),
(1802151, 'Mikoni', 1802),
(1802161, 'Butelankuzi', 1802),
(1802171, 'Rubale', 1802),
(1802181, 'Rukoma', 1802),
(1802191, 'Kikomero', 1802),
(1802201, 'Kibirizi', 1802),
(1802211, 'Izimbya', 1802),
(1802221, 'Butulage', 1802),
(1802231, 'Ruhunga', 1802),
(1802241, 'Mugajwale', 1802),
(1802251, 'Kyamulaile', 1802),
(1802263, 'Katoro', 1802),
(1802271, 'Kaibanja', 1802),
(1802281, 'Kasharu', 1802),
(1802291, 'Kishogo', 1802),
(1803011, 'Muhutwe', 1803),
(1803021, 'Mayondwe', 1803),
(1803031, 'Goziba', 1803),
(1803041, 'Kerebe', 1803),
(1803051, 'Bumbire', 1803),
(1803061, 'Ikuza', 1803),
(1803071, 'Izigo', 1803),
(1803081, 'Katoke', 1803),
(1803091, 'Kagoma', 1803),
(1803101, 'Kikuku', 1803),
(1803111, 'Bureza', 1803),
(1803123, 'Muleba', 1803),
(1803131, 'Ikondo', 1803),
(1803141, 'Buhangaza', 1803),
(1803151, 'Mazinga(Kisiwa)', 1803),
(1803161, 'Magata(Karutanga)', 1803),
(1803171, 'Gwanseli', 1803),
(1803181, 'Kibanga', 1803),
(1803191, 'Kasharunga', 1803),
(1803201, 'Rulanda', 1803),
(1803211, 'Kimwani', 1803),
(1803221, 'Nyakabango', 1803),
(1803231, 'Kyebitembe', 1803),
(1803241, 'Karambi', 1803),
(1803251, 'Mubunda', 1803),
(1803261, 'Bisheke', 1803),
(1803271, 'Burungura', 1803),
(1803281, 'Biirabo', 1803),
(1803291, 'Mushabago', 1803),
(1803301, 'Nyakatanga', 1803),
(1803311, 'Ngenge', 1803),
(1803321, 'Rutoro', 1803),
(1803331, 'Kabirizi', 1803),
(1803343, 'Nshamba', 1803),
(1803351, 'Kashasha', 1803),
(1803361, 'Ijumbi', 1803),
(1803371, 'Kishanda', 1803),
(1803381, 'Buganguzi', 1803),
(1803391, 'Ibuga', 1803),
(1803401, 'Bulyakashaju', 1803),
(1803413, 'Kamachumu', 1803),
(1803421, 'Ruhanga', 1803),
(1803431, 'Mafumbo', 1803),
(1804011, 'Nyakahura', 1804),
(1804021, 'Ruziba', 1804),
(1804033, 'Biharamulo Mjini', 1804),
(1804041, 'Bisibo', 1804),
(1804051, 'Nyarubungo', 1804),
(1804061, 'Nyamahanga', 1804),
(1804071, 'Runazi', 1804),
(1804081, 'Kabindi', 1804),
(1804091, 'Nyamigogo', 1804),
(1804101, 'Nyabusozi', 1804),
(1804111, 'Nemba', 1804),
(1804121, 'Lusahunga', 1804),
(1804131, 'Kaniha', 1804),
(1804141, 'Nyantakara', 1804),
(1804151, 'Kalenge', 1804),
(1805011, 'Rusumo', 1805),
(1805021, 'Nyakisasa', 1805),
(1805033, 'Rulenge', 1805),
(1805041, 'Keza', 1805),
(1805051, 'Murusagamba', 1805),
(1805061, 'Muganza', 1805),
(1805071, 'Bugarama', 1805),
(1805081, 'Bukiriro', 1805),
(1805093, 'Kabanga', 1805),
(1805101, 'Mabawe', 1805),
(1805111, 'Kanazi', 1805),
(1805121, 'Mugoma', 1805),
(1805131, 'Kirushya', 1805),
(1805141, 'Ntobeye', 1805),
(1805151, 'Nyamiyaga', 1805),
(1805163, 'Ngara Mjini', 1805),
(1805171, 'Kibimba', 1805),
(1805181, 'Mbuba', 1805),
(1805191, 'Murukulazo', 1805),
(1805201, 'Kasulo', 1805),
(1806012, 'Hamugembe', 1806),
(1806022, 'Nshambya', 1806),
(1806032, 'Buhembe', 1806),
(1806042, 'Kahororo', 1806),
(1806052, 'Kashai', 1806),
(1806062, 'Miembeni', 1806),
(1806072, 'Bilele', 1806),
(1806082, 'Bakoba', 1806),
(1806092, 'Ijuganyondo', 1806),
(1806102, 'Kitendaguro', 1806),
(1806112, 'Kibeta', 1806),
(1806122, 'Kagondo', 1806),
(1806132, 'Nyanga', 1806),
(1806142, 'Rwamishenye', 1806),
(1807011, 'Kakunyu', 1807),
(1807021, 'Nsunga', 1807),
(1807033, 'Mutukula', 1807),
(1807043, 'Kassambya', 1807),
(1807051, 'Minziro', 1807),
(1807061, 'Ruzinga', 1807),
(1807071, 'Kashenye', 1807),
(1807081, 'Kanyigo', 1807),
(1807091, 'Ishunju', 1807),
(1807101, 'Buyango', 1807),
(1807111, 'Bwanjai', 1807),
(1807121, 'Ishozi', 1807),
(1807131, 'Gera', 1807),
(1807141, 'Bugandika', 1807),
(1807151, 'Kitobo', 1807),
(1807161, 'Bugorora', 1807),
(1807173, 'Kyaka', 1807),
(1807181, 'Mushasha', 1807),
(1807191, 'Kilimilile', 1807),
(1807201, 'Mabale', 1807),
(1808011, 'Isingiro', 1808),
(1808021, 'Kaisho', 1808),
(1808031, 'Rutunguru', 1808),
(1808041, 'Kibingo', 1808),
(1808051, 'Murongo', 1808),
(1808061, 'Bugomora', 1808),
(1808071, 'Kibale', 1808),
(1808081, 'Mabira', 1808),
(1808091, 'Businde', 1808),
(1808101, 'Kamuli', 1808),
(1808111, 'Nyakatuntu', 1808),
(1808121, 'Kimuli', 1808),
(1808131, 'Kikukuru', 1808),
(1808141, 'Rwabwere', 1808),
(1808151, 'Nkwenda', 1808),
(1808161, 'Rukuraijo', 1808),
(1808171, 'Songambele', 1808),
(1808181, 'Kyerwa', 1808),
(1901012, 'Nansio', 1901),
(1901022, 'Kagera', 1901),
(1901032, 'Nakatunguru', 1901),
(1901041, 'Kakerege', 1901),
(1901053, 'Bukongo', 1901),
(1901063, 'Nkilizya', 1901),
(1901071, 'Bukanda', 1901),
(1901081, 'Mukituntu', 1901),
(1901091, 'Igalla', 1901),
(1901101, 'Bwiro', 1901),
(1901113, 'Muriti', 1901),
(1901121, 'Ilangala', 1901),
(1901131, 'Namilembe', 1901),
(1901141, 'Nduruma', 1901),
(1901151, 'Murutunguru', 1901),
(1901161, 'Kagunguli', 1901),
(1901171, 'Bukindo', 1901),
(1901181, 'Namagondo', 1901),
(1901191, 'Ngoma', 1901),
(1901201, 'Bwisya', 1901),
(1901211, 'Bukungu', 1901),
(1901221, 'Nyamanga', 1901),
(1901231, 'Bukiko', 1901),
(1901241, 'Irugwa', 1901),
(1902013, 'Kisesa', 1902),
(1902021, 'Bujashi', 1902),
(1902031, 'Lutale', 1902),
(1902041, 'Kongolo', 1902),
(1902053, 'Nyanguge', 1902),
(1902061, 'Kitongo Sima', 1902),
(1902071, 'Mwamanga', 1902),
(1902081, 'Kahangara', 1902),
(1902091, 'Nyigogo', 1902),
(1902101, 'Mwamabanza', 1902),
(1902111, 'Sukuma', 1902),
(1902121, 'Lubugu', 1902),
(1902131, 'Ng''haya', 1902),
(1902141, 'Nkungulu', 1902),
(1902151, 'Jinjimili', 1902),
(1902161, 'Shishani', 1902),
(1902172, 'Magu Mjini', 1902),
(1902181, 'Bukandwe', 1902),
(1903012, 'Mikuyuni', 1903),
(1903022, 'Igogo', 1903),
(1903032, 'Pamba', 1903),
(1903042, 'Nyamagana', 1903),
(1903052, 'Mirongo', 1903),
(1903062, 'Isamilo', 1903),
(1903072, 'Mbugani', 1903),
(1903082, 'Mahina', 1903),
(1903092, 'Igoma', 1903),
(1903102, 'Buhongwa', 1903),
(1903112, 'Mkolani', 1903),
(1903122, 'Butimba', 1903),
(1904011, 'Walla', 1904),
(1904021, 'Bungulwa', 1904),
(1904031, 'Sumve', 1904),
(1904041, 'Mantare', 1904),
(1904051, 'Ngulla', 1904),
(1904061, 'Mwabomba', 1904),
(1904071, 'Mwagi', 1904),
(1904081, 'Iseni', 1904),
(1904091, 'Nyambiti', 1904),
(1904101, 'Maligisu', 1904),
(1904111, 'Mwandu', 1904),
(1904123, 'Malya', 1904),
(1904131, 'Lyoma', 1904),
(1904141, 'Mwang''halanga', 1904),
(1904151, 'Nyamilama', 1904),
(1904161, 'Mwakilyambiti', 1904),
(1904171, 'Hungumalwa', 1904),
(1904181, 'Mwamala', 1904),
(1904191, 'Kikubiji', 1904),
(1904201, 'Mhande', 1904),
(1904211, 'Bupamwa', 1904),
(1904221, 'Fukalo', 1904),
(1904231, 'Ng''hundi', 1904),
(1904241, 'Igongwa', 1904),
(1904252, 'Ngudu', 1904),
(1904261, 'Bugando', 1904),
(1904271, 'Nkalalo', 1904),
(1904281, 'Mwankulwe', 1904),
(1904291, 'Ilula', 1904),
(1904301, 'Shilembo', 1904),
(1905012, 'Ibisabageni', 1905),
(1905021, 'Nyamazugo', 1905),
(1905031, 'Chifunfu', 1905),
(1905041, 'Katunguru', 1905),
(1905051, 'Kasungamile', 1905),
(1905061, 'Nyamatongo', 1905),
(1905071, 'Tabaruka', 1905),
(1905081, 'Busisi', 1905),
(1905091, 'Buyagu', 1905),
(1905101, 'Igalula', 1905),
(1905111, 'Kagunga', 1905),
(1905121, 'Sima', 1905),
(1905131, 'Nyakasungwa', 1905),
(1905141, 'Kalebezo', 1905),
(1905151, 'Nyehunge', 1905),
(1905161, 'Kafunzo', 1905),
(1905171, 'Bupandwa', 1905),
(1905181, 'Katwe', 1905),
(1905191, 'Maisome', 1905),
(1905201, 'Kazunzu', 1905),
(1905211, 'Lugata', 1905),
(1905221, 'Nyakaliro', 1905),
(1905231, 'Nyakasasa', 1905),
(1905241, 'Buzilasoga', 1905),
(1905251, 'Nyanzenda', 1905),
(1905261, 'Bulyaheke', 1905),
(1905271, 'Irenza', 1905),
(1905281, 'Kasenyi', 1905),
(1905292, 'Mwabaluhi', 1905),
(1905302, 'Nyatukala', 1905),
(1905312, 'Nyampulukano', 1905),
(1905321, 'Nyampande', 1905),
(1905331, 'Kishinda', 1905),
(1905341, 'Igulumuki', 1905),
(1906012, 'Buswelu', 1906),
(1906022, 'Nyakato', 1906),
(1906032, 'Nyamanoro', 1906),
(1906042, 'Kirumba', 1906),
(1906052, 'Kitangiri', 1906),
(1906062, 'Pasiansi', 1906),
(1906072, 'Ilemela', 1906),
(1906082, 'Bugogwa', 1906),
(1906092, 'Sangabuye', 1906),
(1907011, 'Bulemeji', 1907),
(1907021, 'Idetemya', 1907),
(1907033, 'Usagara', 1907),
(1907041, 'Ukiriguru', 1907),
(1907051, 'Kanyelele', 1907),
(1907061, 'Koromije', 1907),
(1907071, 'Igokelo', 1907),
(1907081, 'Mwaniko', 1907),
(1907093, 'Misungwi', 1907),
(1907103, 'Misasi', 1907),
(1907111, 'Kijima', 1907),
(1907121, 'Shilalo', 1907),
(1907131, 'Buhingo', 1907),
(1907141, 'Busongo', 1907),
(1907151, 'Nhundulu', 1907),
(1907161, 'Lubili', 1907),
(1907171, 'Ilujamate', 1907),
(1907181, 'Mbarika', 1907),
(1907191, 'Sumbugu', 1907),
(1907201, 'Kasololo', 1907),
(1907211, 'Ilalambogo', 1907),
(1907221, 'Isesa', 1907),
(1907231, 'Gulumungu', 1907),
(1907241, 'Mabuki', 1907),
(1907251, 'Mondo', 1907),
(1907261, 'Mamaye', 1907),
(1907271, 'Fella', 1907),
(2001011, 'Susuni', 2001),
(2001021, 'Mwema', 2001),
(2001033, 'Sirari', 2001),
(2001041, 'Pemba', 2001),
(2001051, 'Nyakonga', 2001),
(2001061, 'Nyarero', 2001),
(2001071, 'Nyamwaga', 2001),
(2001081, 'Muriba', 2001),
(2001091, 'Nyanungu', 2001),
(2001101, 'Gorong''a', 2001),
(2001111, 'Nyarokoba', 2001),
(2001121, 'Kemambo', 2001),
(2001131, 'Kibasuka', 2001),
(2001141, 'Binagi', 2001),
(2001153, 'Turwa', 2001),
(2001162, 'Bomani', 2001),
(2001171, 'Nyandoto', 2001),
(2001183, 'Matongo', 2001),
(2001191, 'Manga', 2001),
(2001201, 'Bumera', 2001),
(2001211, 'Komaswa', 2001),
(2001221, 'Kiore', 2001),
(2001232, 'Sabasaba', 2001),
(2001242, 'Nyamisangura', 2001),
(2001251, 'Kentare', 2001),
(2001261, 'Nyamaranga', 2001),
(2001271, 'Mbogi', 2001),
(2001281, 'Genyange', 2001),
(2001291, 'Nyansincha', 2001),
(2001301, 'Itiryo', 2001),
(2002011, 'Kenyamonta', 2002),
(2002021, 'Busawe', 2002),
(2002031, 'Kisaka', 2002),
(2002041, 'Kebanchabancha', 2002),
(2002051, 'Ring''wani', 2002),
(2002061, 'Rung''abure', 2002),
(2002071, 'Machochwe', 2002),
(2002081, 'Kisangura', 2002),
(2002092, 'Mugumu', 2002),
(2002101, 'Ikoma', 2002),
(2002111, 'Natta', 2002),
(2002123, 'Issenye', 2002),
(2002131, 'Rigicha', 2002),
(2002141, 'Nyambureti', 2002),
(2002151, 'Nyamoko', 2002),
(2002161, 'Manchira', 2002),
(2002171, 'Kyambahi', 2002),
(2002181, 'Nyamatare', 2002),
(2002191, 'Majimoto', 2002),
(2002201, 'Magange', 2002),
(2002211, 'Nyansurura', 2002),
(2002221, 'Mosongo', 2002),
(2002231, 'Sedeco', 2002),
(2002241, 'Mbalibali', 2002),
(2002252, 'Stendi Kuu', 2002),
(2002261, 'Geitasamo', 2002),
(2002273, 'Morotonga', 2002),
(2002281, 'Uwanja wa Ndege', 2002),
(2003011, 'Bukumi', 2003),
(2003021, 'Makojo', 2003),
(2003031, 'Bwasi', 2003),
(2003041, 'Bulinga', 2003),
(2003051, 'Bukima', 2003),
(2003061, 'Murangi', 2003),
(2003071, 'Bugwema', 2003),
(2003081, 'Nyamrandirira', 2003),
(2003091, 'Nyambono', 2003),
(2003101, 'Suguti', 2003),
(2003111, 'Tegeruka', 2003),
(2003121, 'Kiriba', 2003),
(2003131, 'Busambara', 2003),
(2003143, 'Mugango', 2003),
(2004013, 'Nyamuswa', 2004),
(2004021, 'Salama', 2004),
(2004031, 'Mihingo', 2004),
(2004041, 'Mugeta', 2004),
(2004051, 'Hunyari', 2004),
(2004061, 'Mcharo', 2004),
(2004071, 'Sazira', 2004),
(2004081, 'Kunzugu', 2004),
(2004093, 'Bunda Mjini', 2004),
(2004101, 'Guta', 2004),
(2004111, 'Butimba', 2004),
(2004121, 'Neruma', 2004),
(2004133, 'Kibara', 2004),
(2004141, 'Nansimo', 2004),
(2004151, 'Kisorya', 2004),
(2004161, 'Igundu', 2004),
(2004171, 'Iramba', 2004),
(2004181, 'Namhula', 2004),
(2004191, 'Wariku', 2004),
(2004201, 'Kabasa', 2004),
(2004211, 'Nampindi', 2004),
(2004221, 'Chitengule', 2004),
(2004231, 'Kasuguti', 2004),
(2004241, 'Balili', 2004),
(2004243, 'Balili', 2004),
(2004253, 'Bunda Stoo', 2004),
(2004263, 'Nyasura', 2004),
(2004271, 'Nyamang''uta', 2004),
(2004281, 'Ketare', 2004),
(2005012, 'Mukendo', 2005),
(2005022, 'Mwigobero ', 2005),
(2005032, 'Iringo', 2005),
(2005042, 'Kitaji', 2005),
(2005052, 'Nyasho', 2005),
(2005062, 'Bweri', 2005),
(2005072, 'Nyakato', 2005),
(2005082, 'Kigera', 2005),
(2005092, 'Kamunyonge', 2005),
(2005102, 'Nyamatare', 2005),
(2005112, 'Mwisenge', 2005),
(2005122, 'Buhare ', 2005),
(2005132, 'Makoko', 2005),
(2006011, 'Kigunga', 2006),
(2006021, 'Kirogo', 2006),
(2006031, 'Nyamtinga', 2006),
(2006041, 'Nyamagaro', 2006),
(2006051, 'Nyahongo', 2006),
(2006063, 'Mkoma', 2006),
(2006071, 'Tai', 2006),
(2006081, 'Bukura', 2006),
(2006091, 'Roche', 2006),
(2006101, 'Kitembe', 2006),
(2006111, 'Mirare', 2006),
(2006121, 'Goribe', 2006),
(2006131, 'Ikoma', 2006),
(2006143, 'Koryo', 2006),
(2006151, 'Bukwe', 2006),
(2006161, 'Nyathorogo', 2006),
(2006171, 'Rabour', 2006),
(2006181, 'Kisumwa', 2006),
(2006191, 'Komuge', 2006),
(2006201, 'Nyamunga', 2006),
(2006211, 'Kyang''ombe', 2006),
(2007011, 'Bwiregi', 2007),
(2007021, 'Buswahili', 2007),
(2007031, 'Nyamimange', 2007),
(2007041, 'Sirorisimba', 2007),
(2007051, 'Buhemba', 2007),
(2007061, 'Mirwa', 2007),
(2007071, 'Muriaza', 2007),
(2007083, 'Butiama', 2007),
(2007091, 'Masaba', 2007),
(2007101, 'Kyanyari', 2007),
(2007113, 'Kukirango', 2007),
(2007121, 'Buruma', 2007),
(2007131, 'Nyakatende', 2007),
(2007141, 'Etaro', 2007),
(2007151, 'Nyegina', 2007),
(2007161, 'Nyankanga', 2007),
(2007171, 'Bisumwa', 2007),
(2007181, 'Bukabwa', 2007),
(2007191, 'Butuguri', 2007),
(2007201, 'Busegwe', 2007),
(2101011, 'Magara', 2101),
(2101021, 'Nkaiti', 2101),
(2101031, 'Mwada', 2101),
(2101041, 'Mamire', 2101),
(2101053, 'Gallapo', 2101),
(2101061, 'Qash', 2101),
(2101071, 'Ayasanda', 2101),
(2101081, 'Gidas', 2101),
(2101091, 'Duru', 2101),
(2101101, 'Riroda', 2101),
(2101111, 'Arri', 2101),
(2101123, 'Dareda', 2101),
(2101131, 'Dabil', 2101),
(2101141, 'Ufana', 2101),
(2101151, 'Bashnet', 2101),
(2101161, 'Madunga', 2101),
(2101171, 'Kiru', 2101),
(2101183, 'Magugu', 2101),
(2101191, 'Baoy', 2101),
(2101201, 'Nar', 2101),
(2101211, 'Endakiso', 2101),
(2102011, 'Balangidalalu', 2102),
(2102021, 'Gehandu', 2102),
(2102031, 'Laghanga', 2102),
(2102041, 'Getanuwas', 2102),
(2102051, 'Hirbadaw', 2102),
(2102061, 'Bassodesh', 2102),
(2102073, 'Bassotu', 2102),
(2102081, 'Gendabi', 2102),
(2102091, 'Mogitu', 2102),
(2102101, 'Gitting', 2102),
(2102111, 'Masakta', 2102),
(2102121, 'Masqaroda', 2102),
(2102133, 'Endasak', 2102),
(2102141, 'Gidahababieg', 2102),
(2102151, 'Measkron', 2102),
(2102161, 'Hidet', 2102),
(2102171, 'Simbay', 2102),
(2102181, 'Sirop', 2102),
(2102191, 'Gisambalang', 2102),
(2102203, 'Nangwa', 2102),
(2102212, 'Katesh', 2102),
(2102222, 'Ganana', 2102),
(2102231, 'Dirma', 2102),
(2102241, 'Lalaji', 2102),
(2102251, 'Endasiwold', 2102),
(2103011, 'Daudi', 2103),
(2103021, 'Bargish', 2103),
(2103031, 'Gehandu', 2103),
(2103041, 'Kainam', 2103),
(2103051, 'Murray', 2103),
(2103062, 'Ayamaami', 2103),
(2103072, 'Uhuru', 2103),
(2103081, 'Tlawi', 2103),
(2103091, 'Bashay', 2103),
(2103103, 'Dongobesh', 2103),
(2103111, 'Tumati', 2103),
(2103121, 'Maretadu', 2103),
(2103131, 'Maghang', 2103),
(2103143, 'Haydom', 2103),
(2103151, 'Yaeda Chini', 2103),
(2103161, 'Masieda', 2103),
(2103171, 'Marang', 2103),
(2103181, 'Gunyoda', 2103),
(2103191, 'Nahasey', 2103),
(2103201, 'Endamilay', 2103),
(2103211, 'Yaeda Ampa', 2103),
(2103221, 'Masqaroda', 2103),
(2103231, 'Nambisi', 2103),
(2103241, 'Dinamu', 2103),
(2103252, 'Ayamohe', 2103),
(2103262, 'Sanu Baray', 2103),
(2103272, 'Imboru', 2103),
(2103282, 'Endagikot', 2103),
(2103291, 'Geterer', 2103),
(2103301, 'Hayderer', 2103),
(2103311, 'Eshkesh', 2103),
(2103321, 'Gidihim', 2103),
(2104012, 'Orkesumet', 2104),
(2104023, 'Naberera', 2104),
(2104031, 'Loiborsiret', 2104),
(2104041, 'Emboreet', 2104),
(2104051, 'Terrat', 2104),
(2104061, 'Oljoro  No. 5', 2104),
(2104071, 'Shambarai', 2104),
(2104082, 'Mrerani', 2104),
(2104091, 'Msitu wa Tembo', 2104),
(2104101, 'Ngorika', 2104),
(2104111, 'Liborsoit', 2104),
(2104121, 'Ruvu Remiti', 2104),
(2104131, 'Kitwai', 2104),
(2104141, 'Komolo', 2104),
(2104151, 'Naisinyai', 2104),
(2104161, 'Endiamtu', 2104),
(2104171, 'Endonyongijape', 2104),
(2105012, 'Kibaya', 2105),
(2105021, 'Partimbo', 2105),
(2105031, 'Njoro', 2105),
(2105043, 'Olboroti', 2105),
(2105051, 'Makame', 2105),
(2105061, 'Ndedo', 2105),
(2105071, 'Kijungu', 2105),
(2105081, 'Lengatei', 2105),
(2105091, 'Sunya', 2105),
(2105101, 'Dongo', 2105),
(2105111, 'Songambele', 2105),
(2105121, 'Dosidosi', 2105),
(2105131, 'Engusero', 2105),
(2105143, 'Matui', 2105),
(2105153, 'Bwagamoyo', 2105),
(2105161, 'Loolera', 2105),
(2105171, 'Magungu', 2105),
(2105181, 'Chapakazi', 2105),
(2105191, 'Namelock', 2105),
(2106012, 'Babati', 2106),
(2106021, 'Mutuka', 2106),
(2106033, 'Nangara', 2106),
(2106043, 'Singe', 2106),
(2106053, 'Bonga', 2106),
(2106063, 'Bagara', 2106),
(2106071, 'Sigino', 2106),
(2106083, 'Maisaka', 2106),
(2201012, 'Njombe Mjini', 2201),
(2201022, 'Mjimwema', 2201),
(2201032, 'Ramadhani', 2201),
(2201041, 'Yakobi', 2201),
(2201051, 'Kifanya', 2201),
(2201061, 'Ihanga', 2201),
(2201071, 'Iwungilo', 2201),
(2201083, 'Luponde', 2201),
(2201091, 'Matola', 2201),
(2201101, 'Makowo', 2201),
(2201111, 'Lugenge', 2201),
(2201123, 'Uwemba', 2201),
(2201131, 'Utalingolo', 2201),
(2202011, 'Saja', 2202),
(2202021, 'Kijombe', 2202),
(2202033, 'Wanging`ombe', 2202),
(2202043, 'Ilembula', 2202),
(2202051, 'Uhambule', 2202),
(2202061, 'Usuka', 2202),
(2202071, 'Igwachanya', 2202),
(2202081, 'Mdandu', 2202),
(2202091, 'Igima', 2202),
(2202101, 'Imalinyi', 2202),
(2202111, 'Ulembwe', 2202),
(2202121, 'Makoga', 2202),
(2202131, 'Kipengere', 2202),
(2202141, 'Igosi', 2202),
(2202151, 'Wangama', 2202),
(2202161, 'Kidugala', 2202),
(2202171, 'Luduga', 2202),
(2203011, 'Lupalilo', 2203),
(2203023, 'Iwawa', 2203),
(2203031, 'Mang`oto', 2203),
(2203041, 'Lupila', 2203),
(2203051, 'Ukwama', 2203),
(2203061, 'Bulongwa', 2203),
(2203071, 'Kipagilo', 2203),
(2203081, 'Iniho', 2203),
(2203091, 'Ipelele', 2203),
(2203101, 'Kigulu', 2203),
(2203113, 'Matamba', 2203),
(2203121, 'Mlondwe', 2203),
(2203131, 'Kitulo', 2203),
(2203141, 'Ikuwo', 2203),
(2203151, 'Mfumbi', 2203),
(2203161, 'Ipepo', 2203),
(2203171, 'Mbalatse', 2203),
(2203181, 'Tandala', 2203),
(2203191, 'Luwumbu', 2203),
(2203201, 'Isapulano', 2203),
(2203211, 'Kigala', 2203),
(2203221, 'Itundu', 2203),
(2204013, 'Mtwango', 2204),
(2204021, 'Igongolo', 2204),
(2204031, 'Kichiwa', 2204),
(2204041, 'Ninga', 2204),
(2204051, 'Ikuna', 2204),
(2204061, 'Kidegembye', 2204),
(2204073, 'Matembwe', 2204),
(2204081, 'Lupembe', 2204),
(2204091, 'Ikondo', 2204),
(2204101, 'Mfriga', 2204),
(2204111, 'Idamba', 2204),
(2205011, 'Lumbila', 2205),
(2205021, 'Kilondo', 2205),
(2205031, 'Mawengi', 2205),
(2205041, 'Lupanga', 2205),
(2205053, 'Mlangali', 2205),
(2205061, 'Milo', 2205),
(2205073, 'Lugarawa', 2205),
(2205081, 'Madope', 2205),
(2205091, 'Madilu', 2205),
(2205101, 'Mundindi', 2205),
(2205111, 'Mavanga', 2205),
(2205121, 'Ibumi', 2205),
(2205131, 'Nkomang''ombe', 2205),
(2205141, 'Luilo', 2205),
(2205151, 'Masasi', 2205),
(2205163, 'Manda', 2205),
(2205171, 'Iwela', 2205),
(2205181, 'Lupingu', 2205),
(2205193, 'Ludewa', 2205),
(2205201, 'Ludende', 2205),
(2205211, 'Luana', 2205),
(2205221, 'Makonde', 2205),
(2205231, 'Mkongobaki', 2205),
(2205241, 'Lifuma', 2205),
(2205251, 'Ruhuhu', 2205),
(2206013, 'Ubena', 2206),
(2206022, 'Mjimwema', 2206),
(2206031, 'Mlowa', 2206),
(2206043, 'Lyamkena', 2206),
(2206052, 'Mwembetogwa', 2206),
(2206061, 'Mahongole', 2206),
(2206071, 'Kitandililo', 2206),
(2206081, 'Utengule', 2206),
(2301011, 'Kakese', 2301),
(2301022, 'Misunkumilo', 2301),
(2301032, 'Shanwe', 2301),
(2301042, 'Makanyagio', 2301),
(2301052, 'Kashaulili', 2301),
(2301062, 'Mpanda hotel', 2301),
(2301072, 'Kawajense', 2301),
(2301082, 'Nsemulwa', 2301),
(2301092, 'Ilembo', 2301),
(2302013, 'Mishamo', 2302),
(2302021, 'Mpandandogo', 2302),
(2302031, 'Mwese', 2302),
(2302041, 'Katuma', 2302),
(2302051, 'Kabungu', 2302),
(2302061, 'Sibwesa', 2302),
(2302071, 'Ikola', 2302),
(2302083, 'Karema', 2302),
(2302091, 'Kapalamsenga', 2302),
(2303011, 'Kasokola', 2303),
(2303021, 'Ugala', 2303),
(2303031, 'Litapunga', 2303),
(2303041, 'Mtapenda', 2303),
(2303053, 'Inyonga', 2303),
(2303061, 'Ilunde', 2303),
(2303071, 'Ilela', 2303),
(2303081, 'Utende', 2303),
(2303091, 'Mamba', 2303),
(2303101, 'Mbede', 2303),
(2303111, 'Urwila', 2303),
(2303121, 'Nsimbo', 2303),
(2303131, 'Magamba', 2303),
(2303141, 'Sitalike', 2303),
(2303153, 'Usevya', 2303),
(2303161, 'Kibaoni', 2303),
(2303171, 'Machimboni', 2303),
(2303181, 'Kapalala', 2303),
(2303191, 'Itenka', 2303),
(2303201, 'Ikuba', 2303),
(2303211, 'Mwamapuli', 2303),
(2303221, 'Majimoto', 2303),
(2303231, 'Kasansa', 2303),
(2303241, 'Nsenkwa', 2303),
(2401011, 'Nkindwabiye', 2401),
(2401021, 'Mwaubingi', 2401),
(2401033, 'Nkololo', 2401),
(2401041, 'Mwaumatondo', 2401),
(2401051, 'Mwadobana', 2401),
(2401061, 'Nyangokolwa', 2401),
(2401073, 'Somanda', 2401),
(2401081, 'Bunamhala', 2401),
(2401091, 'Sakwe', 2401),
(2401103, 'Ngulyati', 2401),
(2401111, 'Mhango', 2401),
(2401121, 'Kilalo', 2401),
(2401131, 'Kasoli', 2401),
(2401141, 'Gambosi', 2401),
(2401151, 'Guduwi', 2401),
(2401161, 'Ikungulyabashashi ', 2401),
(2401173, 'Nyakabindi', 2401),
(2401183, 'Dutwa', 2401),
(2401191, 'Sapiwi', 2401),
(2401201, 'Matongo', 2401),
(2401211, 'Gilya', 2401),
(2401221, 'Isanga', 2401),
(2401233, 'Bariadi', 2401),
(2401243, 'Malambo', 2401),
(2401252, 'Sima', 2401),
(2402011, 'Bumera', 2402),
(2402021, 'Ikindilo', 2402),
(2402031, 'Mwamtani', 2402),
(2402041, 'Sagata', 2402),
(2402051, 'Mwaswale', 2402),
(2402061, 'Nkuyu', 2402),
(2402071, 'Mhunze', 2402),
(2402081, 'Migato', 2402),
(2402091, 'Chinamili', 2402),
(2402101, 'Ndolelezi', 2402),
(2402111, 'Lagangabilili', 2402),
(2402121, 'Budalabujiga', 2402),
(2402131, 'Nkoma', 2402),
(2402141, 'Mwalushu', 2402),
(2402153, 'Mwamapalala', 2402),
(2402161, 'Nyamalapa', 2402),
(2402173, 'Lugulu', 2402),
(2402181, 'Nhobora', 2402),
(2402191, 'Zagayu', 2402),
(2402201, 'Kinang''weli', 2402),
(2402211, 'Mbita', 2402),
(2402221, 'Sawida', 2402),
(2403013, 'Mwanhuzi', 2403),
(2403021, 'Nkoma', 2403),
(2403031, 'Kimali', 2403),
(2403041, 'Mwamishali', 2403),
(2403051, 'Itinje', 2403),
(2403061, 'Kisesa', 2403),
(2403071, 'Mwandoya', 2403),
(2403081, 'Lingeka', 2403),
(2403091, 'Sakasaka', 2403),
(2403101, 'Imalaseko', 2403),
(2403111, 'Mwabuzo', 2403),
(2403121, 'Mwamalole', 2403),
(2403131, 'Mwanjolo', 2403),
(2403141, 'Mwabuma', 2403),
(2403151, 'Mwabusalu', 2403),
(2403161, 'Lubiga', 2403),
(2403171, 'Mwamanongu', 2403),
(2403181, 'Ng''hoboko', 2403),
(2403191, 'Bukundi', 2403),
(2403201, 'Mwasengela', 2403),
(2403211, 'Mwamanimba', 2403),
(2403221, 'Tindabuligi', 2403),
(2403231, 'Mwakisandu', 2403),
(2403241, 'Mwangundo', 2403),
(2403251, 'Mwanyahina', 2403),
(2404011, 'Ng''wigwa', 2404),
(2404021, 'Nguliguli', 2404),
(2404031, 'Ipililo', 2404),
(2404041, 'Senani', 2404),
(2404051, 'Mwamanenge', 2404),
(2404061, 'Sukuma', 2404),
(2404071, 'Mpindo', 2404),
(2404081, 'Dakama', 2404),
(2404093, 'Lalago', 2404),
(2404101, 'Budekwa', 2404),
(2404111, 'Busilili', 2404),
(2404121, 'Seng''wa', 2404),
(2404131, 'Masela', 2404),
(2404141, 'Isanga', 2404),
(2404151, 'Zanzui', 2404),
(2404161, 'Mwamashimba', 2404),
(2404171, 'Buchambi', 2404),
(2404181, 'Kadoto', 2404),
(2404191, 'Shishiyu', 2404),
(2404201, 'Nyabubinza', 2404),
(2404211, 'Mwang''honoli', 2404),
(2404221, 'Kulimi', 2404),
(2404233, 'Malampaka', 2404),
(2404241, 'Badi', 2404),
(2404253, 'Nyalikungu', 2404),
(2404263, 'Binza', 2404),
(2405011, 'Shigala', 2405),
(2405021, 'Badugu', 2405),
(2405031, 'Nyaluhande', 2405),
(2405041, 'Kiloleli', 2405),
(2405051, 'Mwamanyili', 2405),
(2405063, 'Kabita', 2405),
(2405073, 'Kalemela', 2405),
(2405083, 'Lamadi', 2405),
(2405091, 'Lutubiga', 2405),
(2405101, 'Mkula', 2405),
(2405111, 'Ngasamo', 2405),
(2405121, 'Malili', 2405),
(2405131, 'Igalukilo', 2405),
(2501011, 'Kagu', 2501),
(2501021, 'Bugulula', 2501),
(2501031, 'Senga', 2501),
(2501041, 'Kakubilo', 2501),
(2501053, 'Nkome', 2501),
(2501061, 'Katoma', 2501),
(2501071, 'Nzera', 2501),
(2501081, 'Lwezera', 2501),
(2501091, 'Kamhanga', 2501),
(2501101, 'Bugalama', 2501),
(2501111, 'Lubanga', 2501),
(2501121, 'Isulwabutundwe', 2501),
(2501133, 'Kasamwa', 2501),
(2501141, 'Bung''wangoko', 2501),
(2501151, 'Bulela', 2501),
(2501161, 'Ihanamilo', 2501),
(2501171, 'Nyanguku', 2501),
(2501181, 'Kamena', 2501),
(2501191, 'Nyamalimbe', 2501),
(2501201, 'Bujula', 2501),
(2501211, 'Bukoli', 2501),
(2501221, 'Butobela', 2501),
(2501231, 'Nyarugusu', 2501),
(2501241, 'Nyakamwaga', 2501),
(2501251, 'Lwamgasa', 2501),
(2501261, 'Kaseme', 2501),
(2501271, 'Busanda', 2501),
(2501283, 'Katoro', 2501),
(2501291, 'Nyamigota', 2501),
(2501301, 'Nyakagomba', 2501),
(2501311, 'Nyachiluluma', 2501),
(2501321, 'Bukondo', 2501),
(2501331, 'Chigunga', 2501),
(2501341, 'Mtakuja', 2501),
(2501352, 'Kalangalala', 2501),
(2502011, 'Shabaka', 2502),
(2502021, 'Busolwa', 2502),
(2502031, 'Kakora', 2502),
(2502041, 'Nyugwa', 2502),
(2502051, 'Bukwimba', 2502),
(2502061, 'Kafita', 2502),
(2502071, 'Kharumwa', 2502),
(2502081, 'Izunya', 2502),
(2502091, 'Mwingiro', 2502),
(2502101, 'Nyabulanda', 2502),
(2502111, 'Nyang''hwale', 2502),
(2502121, 'Nyijundu', 2502),
(2503011, 'Nanda', 2503),
(2503021, 'Ikobe', 2503),
(2503031, 'Lulembela', 2503),
(2503041, 'Ikunguigazi', 2503),
(2503051, 'Isebya', 2503),
(2503061, 'Ilolangulu', 2503),
(2503071, 'Mbogwe', 2503),
(2503081, 'Ngemo', 2503),
(2503091, 'Ushirika', 2503),
(2503101, 'Nyasato', 2503),
(2503113, 'Lugunga', 2503),
(2503123, 'Nyakafulu', 2503),
(2503131, 'Bukandwe', 2503),
(2503141, 'Ng''homolwa', 2503),
(2503153, 'Masumbwe', 2503),
(2503161, 'Iponya', 2503),
(2504011, 'Runzewe Mashariki', 2504),
(2504021, 'Runzewe Magharibi', 2504),
(2504031, 'Namonge', 2504),
(2504043, 'Uyovu', 2504),
(2504051, 'Busonzo', 2504),
(2504061, 'Ng''anzo', 2504),
(2504071, 'Butinzya', 2504),
(2504081, 'Ushirombo', 2504),
(2504091, 'Lyambamgongo', 2504),
(2504101, 'Bukombe', 2504),
(2504111, 'Bugelenga', 2504),
(2504121, 'Iyogelo', 2504),
(2504133, 'Igulwa', 2504),
(2505013, 'Muganza', 2505),
(2505021, 'Bwongera', 2505),
(2505031, 'Kigongo', 2505),
(2505041, 'Nyamirembe', 2505),
(2505051, 'Ichwankima', 2505),
(2505061, 'Kachwamba', 2505),
(2505071, 'Kasenga', 2505),
(2505081, 'Ilemela', 2505),
(2505093, 'Chato', 2505),
(2505103, 'Muungano', 2505),
(2505113, 'Bwina', 2505),
(2505121, 'Katende', 2505),
(2505131, 'Ilyamchele', 2505),
(2505141, 'Bukome', 2505),
(2505153, 'Buziku', 2505),
(2505161, 'Nyarutembo', 2505),
(2505171, 'Makurugusi', 2505),
(2505183, 'Buseresere', 2505),
(2505191, 'Butengorumasa', 2505),
(2505201, 'Iparamasa', 2505),
(2505213, 'Bwanga', 2505),
(2505221, 'Bwera', 2505);

-- --------------------------------------------------------

--
-- Table structure for table `ward_police`
--

CREATE TABLE IF NOT EXISTS `ward_police` (
  `ward_policeid` int(10) NOT NULL,
  `ward_policename` varchar(45) NOT NULL,
  `ward_nbsid` int(10) NOT NULL,
  `district_policeid` int(10) DEFAULT NULL,
  PRIMARY KEY (`ward_policeid`),
  KEY `fk_ward_police_1_idx` (`ward_nbsid`),
  KEY `fk_ward_police_2_idx` (`district_policeid`)
) ENGINE=InnoDB DEFAULT CHARSET=latin1;

--
-- Dumping data for table `ward_police`
--

INSERT INTO `ward_police` (`ward_policeid`, `ward_policename`, `ward_nbsid`, `district_policeid`) VALUES
(10201, 'Kawe', 701152, 102),
(101011, 'Bumbuta', 101011, 101),
(101021, 'Pahi', 101021, 101),
(101031, 'Busi', 101031, 101),
(101041, 'Haubi', 101041, 101),
(101051, 'Kalamba', 101051, 101),
(101061, 'Kwadelo', 101061, 101),
(101071, 'Masange', 101071, 101),
(101081, 'Kikilo', 101081, 101),
(101091, 'Bereko', 101091, 101),
(101101, 'Kisese', 101101, 101),
(101111, 'Kikore', 101111, 101),
(101121, 'Serya', 101121, 101),
(101133, 'Kilimani', 101133, 101),
(101142, 'Chemchem', 101142, 101),
(101151, 'Hondomairo', 101151, 101),
(101161, 'Bolisa', 101161, 101),
(101171, 'Kinyasi', 101171, 101),
(101181, 'Salanka', 101181, 101),
(101191, 'Itololo', 101191, 101),
(101201, 'Itaswi', 101201, 101),
(101211, 'Suruke', 101211, 101),
(101221, 'Kingale', 101221, 101),
(101232, 'Kondoa Mjini', 101232, 101),
(101241, 'Kolo', 101241, 101),
(101251, 'Changaa', 101251, 101),
(101261, 'Thawi', 101261, 101),
(101271, 'Mnenia', 101271, 101),
(101281, 'Soera', 101281, 101),
(102011, 'Mazae', 102011, 102),
(102023, 'Ving''hawe', 102023, 102),
(102031, 'Matomondo', 102031, 102),
(102041, 'Kimagai', 102041, 102),
(102053, 'Kibakwe', 102053, 102),
(102061, 'Lumuma', 102061, 102),
(102071, 'Luhundwa', 102071, 102),
(102081, 'Massa', 102081, 102),
(102091, 'Ipera', 102091, 102),
(102101, 'Rudi', 102101, 102),
(102111, 'Mlunduzi', 102111, 102),
(102121, 'Wolta', 102121, 102),
(102131, 'Mima', 102131, 102),
(102141, 'Berege', 102141, 102),
(102151, 'Chunyu', 102151, 102),
(102161, 'Mbuga', 102161, 102),
(102171, 'Godegode', 102171, 102),
(102183, 'Mpwapwa Mjini', 102183, 102),
(102191, 'Lupeta', 102191, 102),
(102201, 'Gulwe', 102201, 102),
(102211, 'Nghabi', 102211, 102),
(102221, 'Chitemo', 102221, 102),
(102231, 'Iwondo', 102231, 102),
(102241, 'Kingiti', 102241, 102),
(102251, 'Lufu', 102251, 102),
(102261, 'Pwaga', 102261, 102),
(102271, 'Galigali', 102271, 102),
(102281, 'Mtera', 102281, 102),
(102291, 'Chipogoro', 102291, 102),
(102301, 'Malolo', 102301, 102),
(103013, 'Kongwa', 103013, 103),
(103021, 'Sejeli', 103021, 103),
(103031, 'Hogoro', 103031, 103),
(103041, 'Zoissa', 103041, 103),
(103051, 'Mkoka', 103051, 103),
(103061, 'Njoge', 103061, 103),
(103071, 'Mtanana', 103071, 103),
(103081, 'Pandambili', 103081, 103),
(103091, 'Mlali', 103091, 103),
(103101, 'Iduo', 103101, 103),
(103111, 'Sagara', 103111, 103),
(103123, 'Kibaigwa', 103123, 103),
(103133, 'Ugogoni', 103133, 103),
(103141, 'Chamkoroma', 103141, 103),
(103151, 'Makawa', 103151, 103),
(103161, 'Chitego', 103161, 103),
(103171, 'Matongoro', 103171, 103),
(103181, 'Ngomai', 103181, 103),
(103191, 'Songambele', 103191, 103),
(103201, 'Chiwe', 103201, 103),
(103211, 'Lenjulu', 103211, 103),
(103221, 'Nghumbi', 103221, 103),
(104011, 'Haneti', 104011, 104),
(104021, 'Segala', 104021, 104),
(104031, 'Itiso', 104031, 104),
(104041, 'Dabalo', 104041, 104),
(104051, 'Membe', 104051, 104),
(104061, 'Msanga', 104061, 104),
(104071, 'Chinonwa', 104071, 104),
(104083, 'Buigiri', 104083, 104),
(104091, 'Majeleko', 104091, 104),
(104101, 'Manchali', 104101, 104),
(104111, 'Ikowa', 104111, 104),
(104121, 'Msamalo', 104121, 104),
(104131, 'Igandu', 104131, 104),
(104141, 'Muungano', 104141, 104),
(104151, 'Mvumi Makulu', 104151, 104),
(104161, 'Handali', 104161, 104),
(104173, 'Mvumi mission', 104173, 104),
(104181, 'Idifu', 104181, 104),
(104191, 'Makang''wa', 104191, 104),
(104201, 'Iringa Mvumi Zamani', 104201, 104),
(104211, 'Manzase', 104211, 104),
(104221, 'Fufu', 104221, 104),
(104231, 'Mlowa Bwawani', 104231, 104),
(104241, 'Mpwayungu', 104241, 104),
(104251, 'Nghambaku', 104251, 104),
(104261, 'Chinugulu', 104261, 104),
(104271, 'Manda', 104271, 104),
(104281, 'Huzi', 104281, 104),
(104291, 'Loje', 104291, 104),
(104301, 'Chiboli', 104301, 104),
(104311, 'Nhinhi', 104311, 104),
(104321, 'Zajilwa', 104321, 104),
(105012, 'Viwandani', 105012, 105),
(105022, 'Uhuru', 105022, 105),
(105032, 'Chamwino', 105032, 105),
(105042, 'Kiwanja/Ndege', 105042, 105),
(105052, 'Makole', 105052, 105),
(105062, 'Miyuji', 105062, 105),
(105071, 'Msalato', 105071, 105),
(105081, 'Makutupora', 105081, 105),
(105091, 'Chihanga', 105091, 105),
(105101, 'Hombolo', 105101, 105),
(105111, 'Ipala', 105111, 105),
(105123, 'Nzuguni', 105123, 105),
(105131, 'Dodoma  Makulu', 105131, 105),
(105141, 'Mtumba', 105141, 105),
(105151, 'Kikombo', 105151, 105),
(105161, 'Ng''hong''honha', 105161, 105),
(105171, 'Mpunguzi', 105171, 105),
(105182, 'Tambukareli', 105182, 105),
(105192, 'Kilimani', 105192, 105),
(105202, 'Kikuyu Kusini', 105202, 105),
(105212, 'Kikuyu Kaskazini', 105212, 105),
(105221, 'Mkonze', 105221, 105),
(105231, 'Mbabala', 105231, 105),
(105241, 'Zuzu', 105241, 105),
(105252, 'Hazina', 105252, 105),
(105262, 'Madukani', 105262, 105),
(105272, 'Majengo', 105272, 105),
(105282, 'Kizota', 105282, 105),
(105292, 'Nala', 105292, 105),
(105301, 'Mbalawala', 105301, 105),
(105311, 'Nityuka', 105311, 105),
(105322, 'Chigogwe', 105322, 105),
(105332, 'Chang''ombe', 105332, 105),
(105341, 'Iyumbu', 105341, 105),
(105351, 'Chahwa', 105351, 105),
(105362, 'Mnadani', 105362, 105),
(105372, 'Ipagala', 105372, 105),
(106011, 'Makanda', 106011, 106),
(106021, 'Lamaiti', 106021, 106),
(106031, 'Babayu', 106031, 106),
(106041, 'Zanka', 106041, 106),
(106051, 'Msisi', 106051, 106),
(106061, 'Mundemu', 106061, 106),
(106071, 'Bahi', 106071, 106),
(106081, 'Mpamantwa', 106081, 106),
(106091, 'Ibihwa', 106091, 106),
(106101, 'Ibihwa', 106101, 106),
(106111, 'Kigwe', 106111, 106),
(106121, 'Chikola', 106121, 106),
(106131, 'Chipanga', 106131, 106),
(106141, 'Chali', 106141, 106),
(106151, 'Nondwa', 106151, 106),
(106161, 'Mpalanga', 106161, 106),
(106171, 'Ibugule', 106171, 106),
(106181, 'Chibelela', 106181, 106),
(106191, 'Mwitikira', 106191, 106),
(106201, 'Mtitaa', 106201, 106),
(107011, 'Makorongo', 107011, 107),
(107021, 'Ovada', 107021, 107),
(107031, 'Msaada', 107031, 107),
(107041, 'Kimaha', 107041, 107),
(107051, 'Churuku', 107051, 107),
(107061, 'Songoro', 107061, 107),
(107071, 'Mondo', 107071, 107),
(107081, 'Dalai', 107081, 107),
(107091, 'Jangalo', 107091, 107),
(107103, 'Mrijo', 107103, 107),
(107111, 'Chandama', 107111, 107),
(107121, 'Goima', 107121, 107),
(107131, 'Chemba', 107131, 107),
(107141, 'Paranga', 107141, 107),
(107151, 'Gwandi', 107151, 107),
(107161, 'Farkwa', 107161, 107),
(107171, 'Mpendo', 107171, 107),
(107181, 'Sanzawa', 107181, 107),
(107191, 'Kwamtoro', 107191, 107),
(107201, 'Lalta', 107201, 107),
(201011, 'Engaruka', 201011, 201),
(201021, 'Selela', 201021, 201),
(201031, 'Monduli Juu', 201031, 201),
(201043, 'Engutoto', 201043, 201),
(201052, 'Monduli Mjini', 201052, 201),
(201061, 'Moita', 201061, 201),
(201071, 'Sepeko', 201071, 201),
(201081, 'Lolkisale', 201081, 201),
(201091, 'Makuyuni', 201091, 201),
(201101, 'Esilalei', 201101, 201),
(201113, 'Mto wa Mbu', 201113, 201),
(201121, 'Lepurko', 201121, 201),
(201131, 'Meserani', 201131, 201),
(201141, 'Mswakini', 201141, 201),
(201151, 'Majengo', 201151, 201),
(202011, 'Ngarenanyuki', 202011, 202),
(202021, 'Leguruki', 202021, 202),
(202033, 'King''ori', 202033, 202),
(202043, 'Maji ya Chai', 202043, 202),
(202053, 'Kikatiti', 202053, 202),
(202061, 'Maroroni', 202061, 202),
(202073, 'Makiba', 202073, 202),
(202083, 'Mbuguni', 202083, 202),
(202091, 'Kikwe', 202091, 202),
(202103, 'Usa River', 202103, 202),
(202113, 'Nkoaranga', 202113, 202),
(202123, 'Poli', 202123, 202),
(202131, 'Seela Sing''isi', 202131, 202),
(202143, 'Akheri', 202143, 202),
(202151, 'Nkoanrua', 202151, 202),
(202161, 'Songoro', 202161, 202),
(202171, 'Nkoarisambu', 202171, 202),
(203012, 'Kati', 203012, 203),
(203022, 'Kaloleni', 203022, 203),
(203032, 'Sekei', 203032, 203),
(203042, 'Kimandolu', 203042, 203),
(203052, 'Baraa', 203052, 203),
(203062, 'Oloirien', 203062, 203),
(203072, 'Themi', 203072, 203),
(203082, 'Lemara', 203082, 203),
(203092, 'Terrat', 203092, 203),
(203102, 'Sokon I', 203102, 203),
(203112, 'Daraja 2', 203112, 203),
(203122, 'Unga Ltd', 203122, 203),
(203132, 'Sombetini', 203132, 203),
(203142, 'Ngarenaro', 203142, 203),
(203152, 'Levolos', 203152, 203),
(203162, 'Engutoto', 203162, 203),
(203172, 'Elerai', 203172, 203),
(203182, 'Olasiti', 203182, 203),
(203192, 'Moshono', 203192, 203),
(204013, 'Karatu', 204013, 204),
(204021, 'Endamarariek', 204021, 204),
(204031, 'Buger', 204031, 204),
(204041, 'Endabash', 204041, 204),
(204051, 'Kansay', 204051, 204),
(204061, 'Baray', 204061, 204),
(204071, 'Mang''ola', 204071, 204),
(204081, 'Daa', 204081, 204),
(204091, 'Oldean', 204091, 204),
(204101, 'Qurus', 204101, 204),
(204111, 'Ganako', 204111, 204),
(204121, 'Rhotia', 204121, 204),
(204131, 'Mbulumbulu', 204131, 204),
(204141, 'Endamaghang', 204141, 204),
(205013, 'Orgosorok', 205013, 205),
(205021, 'Tinaga', 205021, 205),
(205031, 'Oldonyosambu', 205031, 205),
(205041, 'Pinyinyi', 205041, 205),
(205051, 'Sale', 205051, 205),
(205061, 'Malambo', 205061, 205),
(205071, 'Naiyobi', 205071, 205),
(205081, 'Nainokanoka', 205081, 205),
(205091, 'Olbalbal', 205091, 205),
(205103, 'Ngorongoro', 205103, 205),
(205111, 'Enduleni', 205111, 205),
(205121, 'Kakesio', 205121, 205),
(205131, 'Arash', 205131, 205),
(205141, 'Soit-Sambu', 205141, 205),
(205151, 'Enguserosambu', 205151, 205),
(205163, 'Oloirien', 205163, 205),
(205171, 'Samunge', 205171, 205),
(205181, 'Alailelai', 205181, 205),
(205191, 'Maalon', 205191, 205),
(205201, 'Ololosokwan', 205201, 205),
(205211, 'Oloipiri', 205211, 205),
(206011, 'Oldonyosambu', 206011, 206),
(206021, 'Olkokola', 206021, 206),
(206031, 'Ilkiding''a', 206031, 206),
(206041, 'Bangata', 206041, 206),
(206053, 'Sokon II', 206053, 206),
(206061, 'Oltoroto', 206061, 206),
(206073, 'Moivo', 206073, 206),
(206083, 'Kiranyi', 206083, 206),
(206091, 'Kimnyaki', 206091, 206),
(206101, 'Oltrumet', 206101, 206),
(206111, 'Mwandeti', 206111, 206),
(206121, 'Mussa', 206121, 206),
(206131, 'Kisongo', 206131, 206),
(206143, 'Mateves', 206143, 206),
(206151, 'Oljoro', 206151, 206),
(206161, 'Bwawani', 206161, 206),
(206171, 'Nduruma', 206171, 206),
(206181, 'Mlangarini', 206181, 206),
(206191, 'Sambasha', 206191, 206),
(206201, 'Olorieni', 206201, 206),
(206213, 'Olmotonyi', 206213, 206),
(207011, 'Ketumbeine', 207011, 207),
(207021, 'Engikaret', 207021, 207),
(207031, 'Eleng''ata Dapash', 207031, 207),
(207041, 'Ilorienito', 207041, 207),
(207051, 'Gelai Meirugoi', 207051, 207),
(207061, 'Gelai lumbwa', 207061, 207),
(207071, 'Matale', 207071, 207),
(207081, 'Engarenaibor', 207081, 207),
(207091, 'Mundarara', 207091, 207),
(207101, 'Kimokouwa', 207101, 207),
(207113, 'Namanga', 207113, 207),
(207121, 'Orbomba', 207121, 207),
(207132, 'Longido', 207132, 207),
(207141, 'Tingatinga', 207141, 207),
(207151, 'Olmolog', 207151, 207),
(207161, 'Kamwanga', 207161, 207),
(301011, 'Mamsera', 301011, 301),
(301021, 'Mahida', 301021, 301),
(301031, 'Mengwe', 301031, 301),
(301041, 'Keni  Mengeni', 301041, 301),
(301051, 'Aleni', 301051, 301),
(301061, 'Shimbi', 301061, 301),
(301071, 'Makiidi', 301071, 301),
(301083, 'Kelamfua Mokala', 301083, 301),
(301091, 'Ushiri ikuini', 301091, 301),
(301101, 'Mrao keryo', 301101, 301),
(301111, 'Kirwa keni', 301111, 301),
(301121, 'Katangara mrere', 301121, 301),
(301131, 'Kisale Msaranga', 301131, 301),
(301141, 'Olele', 301141, 301),
(301151, 'Kirongo samanga', 301151, 301),
(301161, 'Kitirima kingachi', 301161, 301),
(301171, 'Ubetu kahe', 301171, 301),
(301181, 'Nanjara reha', 301181, 301),
(301193, 'Tarakea- motamburu', 301193, 301),
(301201, 'Motamburu kitendeni', 301201, 301),
(301211, 'Marangu Kitowo', 301211, 301),
(301221, 'Ngoyoni', 301221, 301),
(301231, 'Manda', 301231, 301),
(301243, 'Holili', 301243, 301),
(302013, 'Kileo', 302013, 302),
(302022, 'Mwanga', 302022, 302),
(302031, 'Msangeni', 302031, 302),
(302041, 'Kifula', 302041, 302),
(302051, 'Kighare', 302051, 302),
(302061, 'Kirongwe', 302061, 302),
(302071, 'Kwakoa', 302071, 302),
(302083, 'Lembeni', 302083, 302),
(302091, 'Jipe', 302091, 302),
(302101, 'Mwaniko', 302101, 302),
(302111, 'Chomvu', 302111, 302),
(302121, 'Ngujini', 302121, 302),
(302133, 'Kirya', 302133, 302),
(302141, 'Kilomeni', 302141, 302),
(302151, 'Shighatini', 302151, 302),
(302163, 'Lang''ata', 302163, 302),
(302171, 'Mgagao', 302171, 302),
(302181, 'Toloha', 302181, 302),
(302191, 'Kigonigoni', 302191, 302),
(302201, 'Kivisini', 302201, 302),
(303012, 'Same', 303012, 303),
(303021, 'Ruvu', 303021, 303),
(303031, 'Njoro', 303031, 303),
(303043, 'Kisiwani', 303043, 303),
(303051, 'Msindo', 303051, 303),
(303061, 'Mshewa', 303061, 303),
(303071, 'Mhezi', 303071, 303),
(303083, 'Mwembe', 303083, 303),
(303091, 'Vudee', 303091, 303),
(303101, 'Vuje', 303101, 303),
(303111, 'Bombo', 303111, 303),
(303121, 'Mtii', 303121, 303),
(303133, 'Maore', 303133, 303),
(303143, 'Ndungu', 303143, 303),
(303153, 'Kihurio', 303153, 303),
(303163, 'Bendera', 303163, 303),
(303171, 'Myamba', 303171, 303),
(303181, 'Mpinji', 303181, 303),
(303191, 'Bwambo', 303191, 303),
(303201, 'Vunta', 303201, 303),
(303211, 'Chome', 303211, 303),
(303221, 'Suji', 303221, 303),
(303233, 'Makanya', 303233, 303),
(303243, 'Hedaru', 303243, 303),
(303251, 'Kirangare', 303251, 303),
(303262, 'Kisima', 303262, 303),
(303272, 'Stesheni', 303272, 303),
(303281, 'Vumari', 303281, 303),
(303291, 'Mabilioni', 303291, 303),
(303301, 'Kalemawe', 303301, 303),
(303311, 'Lugulu', 303311, 303),
(304011, 'Mwika kusini', 304011, 304),
(304021, 'Mwika kaskazini', 304021, 304),
(304031, 'Mamba kaskazini', 304031, 304),
(304041, 'Mamba kusini', 304041, 304),
(304051, 'Marangu mashariki', 304051, 304),
(304061, 'Marangu magharibi', 304061, 304),
(304073, 'Makuyuni', 304073, 304),
(304081, 'Kilema kaskazini', 304081, 304),
(304091, 'Kilema kusini', 304091, 304),
(304101, 'Kirua vunjo mashariki', 304101, 304),
(304111, 'Kirua vunjo Magharibi', 304111, 304),
(304121, 'Kahe', 304121, 304),
(304131, 'Kahe mashariki', 304131, 304),
(304141, 'Old moshi mashariki', 304141, 304),
(304151, 'Old moshi magharibi', 304151, 304),
(304161, 'Mbokomu', 304161, 304),
(304171, 'Uru mashariki', 304171, 304),
(304181, 'Uru shimbwe', 304181, 304),
(304191, 'Uru kusini', 304191, 304),
(304201, 'Uru kaskazini', 304201, 304),
(304211, 'Mabogini', 304211, 304),
(304221, 'Arusha chini', 304221, 304),
(304231, 'Kibosho mashariki', 304231, 304),
(304241, 'Kibosho kati', 304241, 304),
(304251, 'Kibosho Magharibi', 304251, 304),
(304261, 'Kindi', 304261, 304),
(304271, 'Kiruavunjo kusini', 304271, 304),
(304281, 'Kirima', 304281, 304),
(304291, 'Okaoni', 304291, 304),
(304301, 'Kimochi', 304301, 304),
(304311, 'Kilema kati', 304311, 304),
(305011, 'Machame Mashariki', 305011, 305),
(305021, 'Machame Kusini', 305021, 305),
(305031, 'Machame kaskazini', 305031, 305),
(305041, 'Machame Magharibi', 305041, 305),
(305051, 'Machame Uroki', 305051, 305),
(305061, 'Masama Mashariki', 305061, 305),
(305071, 'Masama Magharibi', 305071, 305),
(305083, 'Masama Kusini', 305083, 305),
(305091, 'Masama Rundugai', 305091, 305),
(305102, 'Hai Mjini', 305102, 305),
(305111, 'Masama Kati', 305111, 305),
(305121, 'Machame Weruweru', 305121, 305),
(305133, 'KIA', 305133, 305),
(305141, 'Machame Narumu', 305141, 305),
(306012, 'Kilimanjaro', 306012, 306),
(306022, 'Njoro', 306022, 306),
(306032, 'Mji mpya', 306032, 306),
(306042, 'Majengo', 306042, 306),
(306052, 'Mawenzi', 306052, 306),
(306062, 'Rau', 306062, 306),
(306072, 'Korongoni', 306072, 306),
(306082, 'Kiusa', 306082, 306),
(306092, 'Bondeni', 306092, 306),
(306102, 'Pasua', 306102, 306),
(306112, 'Kaloleni', 306112, 306),
(306122, 'Kiboriloni', 306122, 306),
(306132, 'Msaranga', 306132, 306),
(306142, 'Karanga', 306142, 306),
(306152, 'Longuo B', 306152, 306),
(306162, 'Miembeni', 306162, 306),
(306172, 'Mfumuni', 306172, 306),
(306182, 'Soweto', 306182, 306),
(306192, 'Boma Mbuzi', 306192, 306),
(306202, 'Ng''ambo', 306202, 306),
(306212, 'Shirimatunda', 306212, 306),
(307011, 'Ndumeti', 307011, 307),
(307023, 'Ngarenairobi', 307023, 307),
(307031, 'Gararagua', 307031, 307),
(307042, 'Sanya juu', 307042, 307),
(307051, 'Biriri', 307051, 307),
(307061, 'Makiwaru', 307061, 307),
(307071, 'Nasai', 307071, 307),
(307081, 'Livishi', 307081, 307),
(307091, 'Naeny', 307091, 307),
(307101, 'Kashashi', 307101, 307),
(307111, 'Karansi', 307111, 307),
(307121, 'Olkolili', 307121, 307),
(401012, 'Lushoto', 401012, 401),
(401021, 'Gare', 401021, 401),
(401031, 'Kwai', 401031, 401),
(401041, 'Ubiri', 401041, 401),
(401053, 'Soni', 401053, 401),
(401061, 'Vuga', 401061, 401),
(401071, 'Mponde', 401071, 401),
(401081, 'Mamba', 401081, 401),
(401091, 'Mbuzii', 401091, 401),
(401101, 'Tamota', 401101, 401),
(401111, 'Bumbuli', 401111, 401),
(401121, 'Funta', 401121, 401),
(401131, 'Mayo', 401131, 401),
(401141, 'Baga', 401141, 401),
(401151, 'Milingano', 401151, 401),
(401161, 'Mgwashi', 401161, 401),
(401171, 'Mtae', 401171, 401),
(401181, 'Sunga', 401181, 401),
(401191, 'Rangwi', 401191, 401),
(401201, 'Mnazi', 401201, 401),
(401211, 'Lunguza', 401211, 401),
(401221, 'Mbaramo', 401221, 401),
(401231, 'Mng''aro', 401231, 401),
(401243, 'Mlalo', 401243, 401),
(401251, 'Mwangoi', 401251, 401),
(401261, 'Shume', 401261, 401),
(401271, 'Malindi', 401271, 401),
(401281, 'Hemtoye', 401281, 401),
(401291, 'Malibwi', 401291, 401),
(401301, 'Mlola', 401301, 401),
(401311, 'Makanya', 401311, 401),
(401321, 'Ngwelo', 401321, 401),
(401331, 'Kilole', 401331, 401),
(401341, 'Kwekanga', 401341, 401),
(401351, 'Lukozi', 401351, 401),
(401361, 'Manolo', 401361, 401),
(401371, 'Dule M', 401371, 401),
(401383, 'Kwemshasha', 401383, 401),
(401391, 'Nkongoi', 401391, 401),
(401401, 'Dule B', 401401, 401),
(401411, 'Maheza ngulu', 401411, 401),
(401421, 'Usambara', 401421, 401),
(401431, 'Ngulwi', 401431, 401),
(401441, 'Kwemashai', 401441, 401),
(402011, 'M ashewa', 402011, 402),
(402021, 'Kizara', 402021, 402),
(402031, 'Magoma', 402031, 402),
(402041, 'Kerenge', 402041, 402),
(402051, 'Kwagunda', 402051, 402),
(402063, 'Mnyuzi', 402063, 402),
(402071, 'Vugiri', 402071, 402),
(402081, 'Dindira', 402081, 402),
(402091, 'Bungu', 402091, 402),
(402101, 'Lutindi', 402101, 402),
(402111, 'Makuyuni', 402111, 402),
(402121, 'Chekelei', 402121, 402),
(402133, 'Mombo', 402133, 402),
(402141, 'Mkalamo', 402141, 402),
(402153, 'Mazinde', 402153, 402),
(402161, 'Mkomazi', 402161, 402),
(402171, 'Kwashemshi', 402171, 402),
(402181, 'Mpale', 402181, 402),
(402191, 'Mswaha', 402191, 402),
(402201, 'Magamba Kwalukonge', 402201, 402),
(403011, 'Misozwe', 403011, 403),
(403021, 'Pande Darajani', 403021, 403),
(403031, 'Ngomeni', 403031, 403),
(403041, 'Kigombe', 403041, 403),
(403053, 'Lusanga', 403053, 403),
(403061, 'Kicheba', 403061, 403),
(403071, 'Magoroto', 403071, 403),
(403081, 'Magila', 403081, 403),
(403091, 'Mbaramo', 403091, 403),
(403102, 'Majengo', 403102, 403),
(403113, 'Masuguru', 403113, 403),
(403121, 'Tingeni', 403121, 403),
(403131, 'Kilulu', 403131, 403),
(403141, 'Mkuzi', 403141, 403),
(403151, 'Mtindiro', 403151, 403),
(403161, 'Kwafungo', 403161, 403),
(403171, 'Songa', 403171, 403),
(403181, 'Bwembwera', 403181, 403),
(403191, 'Potwe', 403191, 403),
(403201, 'Nkumba', 403201, 403),
(403211, 'Kisiwani', 403211, 403),
(403221, 'Misalai', 403221, 403),
(403231, 'Zirai', 403231, 403),
(403241, 'Mbomole', 403241, 403),
(403251, 'Amani', 403251, 403),
(403261, 'Tongwe', 403261, 403),
(403271, 'Mhamba', 403271, 403),
(403281, 'Kwakifua', 403281, 403),
(403291, 'Kwemkabala', 403291, 403),
(403301, 'Genge', 403301, 403),
(403311, 'Tanganyika', 403311, 403),
(403321, 'Mpapayu', 403321, 403),
(403331, 'Mlingoni', 403331, 403),
(404012, 'Central', 404012, 404),
(404022, 'Majengo', 404022, 404),
(404032, 'Nguvumali', 404032, 404),
(404042, 'Chumbageni', 404042, 404),
(404052, 'Ngamiani Kaskazini', 404052, 404),
(404062, 'Ngamiani Kati', 404062, 404),
(404072, 'Ngamiani Kusini', 404072, 404),
(404082, 'Usagara', 404082, 404),
(404092, 'Makorora', 404092, 404),
(404102, 'Mzingani', 404102, 404),
(404112, 'Msambweni', 404112, 404),
(404122, 'Mwanzange', 404122, 404),
(404133, 'Tangasisi', 404133, 404),
(404142, 'Mabawa', 404142, 404),
(404151, 'Tongoni', 404151, 404),
(404161, 'Marungu', 404161, 404),
(404173, 'Pongwe', 404173, 404),
(404181, 'Maweni', 404181, 404),
(404192, 'Duga', 404192, 404),
(404203, 'Mzizima', 404203, 404),
(404211, 'Mabokweni', 404211, 404),
(404221, 'Kirare', 404221, 404),
(404231, 'Kiomoni', 404231, 404),
(404241, 'Chongoleani', 404241, 404),
(405013, 'Pangani Mashariki', 405013, 405),
(405022, 'Pangani Magharibi', 405022, 405),
(405031, 'Bweni', 405031, 405),
(405041, 'Madanga', 405041, 405),
(405051, 'Kimang''a', 405051, 405),
(405061, 'Bushiri', 405061, 405),
(405071, 'Mwera', 405071, 405),
(405081, 'Tungamaa', 405081, 405),
(405091, 'Kipumbwi', 405091, 405),
(405101, 'Mikunguni', 405101, 405),
(405111, 'Ubangaa', 405111, 405),
(405121, 'Mkwaja', 405121, 405),
(405131, 'Mkalamo', 405131, 405),
(406011, 'Segera', 406011, 406),
(406021, 'Ndolwa', 406021, 406),
(406031, 'Mazingara', 406031, 406),
(406041, 'Kwamsisi', 406041, 406),
(406051, 'Kwasunga', 406051, 406),
(406061, 'Kwaluguru', 406061, 406),
(406071, 'Kang''ata', 406071, 406),
(406081, 'Kwankonje', 406081, 406),
(406091, 'Kwachaga', 406091, 406),
(406101, 'Sindeni', 406101, 406),
(406111, 'Misima', 406111, 406),
(406121, 'Kiva', 406121, 406),
(406131, 'Kabuku', 406131, 406),
(406141, 'Kwamatuku', 406141, 406),
(406151, 'Kwedizinga', 406151, 406),
(406161, 'Mgambo', 406161, 406),
(406171, 'Komkonga', 406171, 406),
(406181, 'Mkata', 406181, 406),
(406191, 'Kabuku ndani', 406191, 406),
(406201, 'Kwamgwe', 406201, 406),
(407011, 'Lwande', 407011, 407),
(407021, 'Kikunde', 407021, 407),
(407031, 'Songe', 407031, 407),
(407041, 'Pagwi', 407041, 407),
(407051, 'Masagulu', 407051, 407),
(407061, 'Kimbe', 407061, 407),
(407071, 'Kilindi', 407071, 407),
(407081, 'Negero', 407081, 407),
(407091, 'Mkindi', 407091, 407),
(407101, 'Mvungwe', 407101, 407),
(407111, 'Kwediboma', 407111, 407),
(407121, 'Saunyi', 407121, 407),
(407131, 'Jaila', 407131, 407),
(407141, 'Msanja', 407141, 407),
(407151, 'Kisangasa', 407151, 407),
(407161, 'Mabalanga', 407161, 407),
(407171, 'Kibirashi', 407171, 407),
(407181, 'Kilwa', 407181, 407),
(407191, 'Tunguli', 407191, 407),
(407201, 'Kwekivu', 407201, 407),
(408011, 'Mwakijembe', 408011, 408),
(408021, 'Mkinga', 408021, 408),
(408031, 'Duga', 408031, 408),
(408041, 'Moa', 408041, 408),
(408051, 'Manza', 408051, 408),
(408061, 'Kwale', 408061, 408),
(408071, 'Mtimbwani', 408071, 408),
(408081, 'Gombero', 408081, 408),
(408091, 'Mhinduro', 408091, 408),
(408103, 'Maramba', 408103, 408),
(408111, 'Kigongoi', 408111, 408),
(408121, 'Daluni', 408121, 408),
(408131, 'Bosha', 408131, 408),
(408141, 'Mapatano', 408141, 408),
(408151, 'Bwiti', 408151, 408),
(408161, 'Mnyenzani', 408161, 408),
(408171, 'Doda', 408171, 408),
(408181, 'Boma', 408181, 408),
(408191, 'Parungu  Kasera', 408191, 408),
(408201, 'Mayomboni', 408201, 408),
(408211, 'Sigaya', 408211, 408),
(409013, 'Ngombezi', 409013, 409),
(409022, 'Mtonga', 409022, 409),
(409032, 'Magunga', 409032, 409),
(409041, 'Kwamndolwa', 409041, 409),
(409052, 'Old Korogwe', 409052, 409),
(409062, 'Manundu', 409062, 409),
(409072, 'Kilole', 409072, 409),
(409081, 'Kwamsisi', 409081, 409),
(410012, 'Malezi', 410012, 410),
(410022, 'kwenjugo', 410022, 410),
(410032, 'Mabanda', 410032, 410),
(410042, 'Konje', 410042, 410),
(410052, 'Mlimani', 410052, 410),
(410062, 'Msasa', 410062, 410),
(410072, 'Kideleko', 410072, 410),
(410082, 'Kwamagome', 410082, 410),
(410092, 'Vibaoni', 410092, 410),
(410102, 'Chanika', 410102, 410),
(410112, 'Mdoe', 410112, 410),
(410122, 'Kwediyamba', 410122, 410),
(501011, 'Mabula', 501011, 501),
(501021, 'Maguha', 501021, 501),
(501031, 'Berega', 501031, 501),
(501043, 'Magubike', 501043, 501),
(501051, 'Mamboya', 501051, 501),
(501063, 'Dumila', 501063, 501),
(501073, 'Magole', 501073, 501),
(501083, 'Msowero', 501083, 501),
(501091, 'Rudewa', 501091, 501),
(501101, 'Chanzulu', 501101, 501),
(501112, 'Kimamba A', 501112, 501),
(501122, 'Kimamba B', 501122, 501),
(501132, 'Mbumi', 501132, 501),
(501142, 'Mkwatani', 501142, 501),
(501152, 'Magomeni', 501152, 501),
(501162, 'Kasiki', 501162, 501),
(501171, 'Mabwerebwere', 501171, 501),
(501181, 'Kilangali', 501181, 501),
(501193, 'Mikumi', 501193, 501),
(501201, 'Ruhembe', 501201, 501),
(501213, 'Kidodi', 501213, 501),
(501221, 'Vidunda', 501221, 501),
(501231, 'Malolo', 501231, 501),
(501243, 'Kisanga', 501243, 501),
(501251, 'Uleling`ombe', 501251, 501),
(501261, 'Ulaya', 501261, 501),
(501271, 'Zombo', 501271, 501),
(501281, 'Lumuma', 501281, 501),
(501291, 'Masanze', 501291, 501),
(501301, 'Kidete', 501301, 501),
(501311, 'Lumbiji', 501311, 501),
(501321, 'Kitete', 501321, 501),
(501331, 'Madoto', 501331, 501),
(501341, 'Tindiga', 501341, 501),
(501353, 'Ruaha', 501353, 501),
(502011, 'Kasanga', 502011, 502),
(502021, 'Kolero', 502021, 502),
(502031, 'Mvuha', 502031, 502),
(502041, 'Selembala', 502041, 502),
(502051, 'Bwakila chini', 502051, 502),
(502061, 'Bwakila juu', 502061, 502),
(502071, 'Kisaki', 502071, 502),
(502081, 'Mngazi', 502081, 502),
(502091, 'Singisa', 502091, 502),
(502101, 'Mkambarani', 502101, 502),
(502111, 'Mikese', 502111, 502),
(502121, 'Kidugalo', 502121, 502),
(502131, 'Mkulazi', 502131, 502),
(502143, 'Ngerengere', 502143, 502),
(502151, 'Tununguo', 502151, 502),
(502161, 'Kinole', 502161, 502),
(502171, 'Kiroka', 502171, 502),
(502181, 'Mkuyuni', 502181, 502),
(502191, 'Tegetero', 502191, 502),
(502201, 'Kibogwa', 502201, 502),
(502211, 'Kibungo Juu', 502211, 502),
(502223, 'Kisemu', 502223, 502),
(502231, 'Lundi', 502231, 502),
(502241, 'Mtombozi', 502241, 502),
(502251, 'Tawa', 502251, 502),
(502261, 'Matuli', 502261, 502),
(502271, 'Gwata', 502271, 502),
(502281, 'Konde', 502281, 502),
(502291, 'Bungu', 502291, 502),
(503013, 'Kidatu', 503013, 503),
(503021, 'Sanje', 503021, 503),
(503031, 'Mkula', 503031, 503),
(503043, 'Mang''ula', 503043, 503),
(503051, 'Kisawasawa', 503051, 503),
(503061, 'Kiberege', 503061, 503),
(503073, 'Kibaoni', 503073, 503),
(503083, 'Ifakara', 503083, 503),
(503091, 'Lumemo', 503091, 503),
(503101, 'Idete', 503101, 503),
(503111, 'Mbingu', 503111, 503),
(503121, 'Mofu', 503121, 503),
(503131, 'Mchombe', 503131, 503),
(503141, 'Chita', 503141, 503),
(503151, 'Chisano', 503151, 503),
(503163, 'Mlimba', 503163, 503),
(503171, 'Utengule', 503171, 503),
(503181, 'Masagati', 503181, 503),
(503191, 'Uchindile', 503191, 503),
(504011, 'Minepa', 504011, 504),
(504023, 'Lupiro', 504023, 504),
(504031, 'Kichangani', 504031, 504),
(504041, 'Msongezi', 504041, 504),
(504053, 'Vigoi', 504053, 504),
(504062, 'Mahenge', 504062, 504),
(504071, 'Isongo', 504071, 504),
(504081, 'Ruaha', 504081, 504),
(504091, 'Chirombola', 504091, 504),
(504101, 'Sali', 504101, 504),
(504111, 'Euga', 504111, 504),
(504123, 'Mwaya', 504123, 504),
(504131, 'Lukande', 504131, 504),
(504141, 'Mbuga', 504141, 504),
(504151, 'Ilonga', 504151, 504),
(504161, 'Kilosa kwa Mpepo', 504161, 504),
(504171, 'Ngoheranga', 504171, 504),
(504181, 'Biro', 504181, 504),
(504193, 'Malinyi', 504193, 504),
(504201, 'Sofi', 504201, 504),
(504211, 'Usangule', 504211, 504),
(504223, 'Mtimbira', 504223, 504),
(504231, 'Itete', 504231, 504),
(504241, 'Iragua', 504241, 504),
(505012, 'Sabasaba', 505012, 505),
(505022, 'Uwanja wa taifa', 505022, 505),
(505032, 'K / Ndege', 505032, 505),
(505042, 'Mji Mpya', 505042, 505),
(505052, 'Kingo', 505052, 505),
(505062, 'Mji Mkuu', 505062, 505),
(505072, 'Sultan Area', 505072, 505),
(505082, 'Mafiga', 505082, 505),
(505092, 'Mazimbu', 505092, 505),
(505102, 'Mwembesongo', 505102, 505),
(505112, 'Kichangani', 505112, 505),
(505122, 'Kilakala', 505122, 505),
(505132, 'Boma', 505132, 505),
(505142, 'Mlimani', 505142, 505),
(505152, 'Mbuyuni', 505152, 505),
(505162, 'Kingolwira', 505162, 505),
(505173, 'Bigwa', 505173, 505),
(505182, 'Mzinga', 505182, 505),
(505192, 'Kihonda', 505192, 505),
(506013, 'Mvomero', 506013, 506),
(506021, 'Hembeti', 506021, 506),
(506031, 'Maskati', 506031, 506),
(506041, 'Kibati', 506041, 506),
(506051, 'Sungaji', 506051, 506),
(506063, 'Mhonda', 506063, 506),
(506071, 'Diongoya', 506071, 506),
(506083, 'Mtibwa', 506083, 506),
(506091, 'Kanga', 506091, 506),
(506101, 'Bunduki', 506101, 506),
(506111, 'Kikeo', 506111, 506),
(506123, 'Langali', 506123, 506),
(506131, 'Tchenzema', 506131, 506),
(506141, 'Mzumbe', 506141, 506),
(506151, 'Mlali', 506151, 506),
(506161, 'Doma', 506161, 506),
(506171, 'Melela', 506171, 506),
(507011, 'Chakwale', 507011, 507),
(507021, 'Iyogwe', 507021, 507),
(507031, 'Idibo', 507031, 507),
(507041, 'Kibedya', 507041, 507),
(507051, 'Msingisi', 507051, 507),
(507063, 'Gairo', 507063, 507),
(507071, 'Rubeho', 507071, 507),
(507081, 'Mandege', 507081, 507),
(507091, 'Chagongwe', 507091, 507),
(507101, 'Chanjale', 507101, 507),
(507111, 'Nongwe', 507111, 507),
(601011, 'Kiwangwa', 601011, 601),
(601021, 'Msata', 601021, 601),
(601033, 'Miono', 601033, 601),
(601041, 'Mkange', 601041, 601),
(601053, 'Magomeni', 601053, 601),
(601062, 'Dunda', 601062, 601),
(601071, 'Kiromo', 601071, 601),
(601081, 'Zinga', 601081, 601),
(601091, 'Yombo', 601091, 601),
(601101, 'Vigwaza', 601101, 601),
(601111, 'Talawanda', 601111, 601),
(601123, 'Bwilingu', 601123, 601),
(601133, 'Lugoba', 601133, 601),
(601141, 'Ubenazomozi', 601141, 601),
(601153, 'Mbwewe', 601153, 601),
(601161, 'Kibindu', 601161, 601),
(601171, 'Fukayosi', 601171, 601),
(601181, 'Kerege', 601181, 601),
(601193, 'Pera', 601193, 601),
(601203, 'Msoga', 601203, 601),
(601211, 'Kimange', 601211, 601),
(601221, 'Mandera', 601221, 601),
(602011, 'Gwata', 602011, 602),
(602021, 'Dutumi', 602021, 602),
(602031, 'Magindu', 602031, 602),
(602041, 'Soga', 602041, 602),
(602051, 'Kikongo', 602051, 602),
(602061, 'Ruvu', 602061, 602),
(602073, 'Mlandizi', 602073, 602),
(602081, 'Kwala', 602081, 602),
(602093, 'Kilangalanga', 602093, 602),
(602103, 'Janga', 602103, 602),
(602111, 'Bokomnemela', 602111, 602),
(603013, 'Kisarawe', 603013, 603),
(603021, 'Msimbu', 603021, 603),
(603031, 'Masaki', 603031, 603),
(603041, 'Kibuta', 603041, 603),
(603051, 'Marumbo', 603051, 603),
(603063, 'Maneromango', 603063, 603),
(603073, 'Msanga', 603073, 603),
(603081, 'Marui', 603081, 603),
(603091, 'Cholesamvula', 603091, 603),
(603101, 'Vikumbulu', 603101, 603),
(603111, 'Mafizi', 603111, 603),
(603121, 'Kurui', 603121, 603),
(603131, 'Mzenga', 603131, 603),
(603141, 'Vihingo', 603141, 603),
(603153, 'Kiluvya', 603153, 603),
(604013, 'Mkuranga', 604013, 604),
(604021, 'Tambani', 604021, 604),
(604033, 'Vikindu', 604033, 604),
(604041, 'Mbezi', 604041, 604),
(604051, 'Shungubweni', 604051, 604),
(604061, 'Kisiju', 604061, 604),
(604071, 'Magawa', 604071, 604),
(604081, 'Kitomondo', 604081, 604),
(604091, 'Lukanga', 604091, 604),
(604101, 'Mkanoge', 604101, 604),
(604113, 'Kimanzichana', 604113, 604),
(604121, 'Mkamba', 604121, 604),
(604131, 'Panzuo', 604131, 604),
(604141, 'Bupu', 604141, 604),
(604153, 'Mwalusembe', 604153, 604),
(604163, 'Vianzi', 604163, 604),
(604171, 'Njia nne', 604171, 604),
(604181, 'Kiparang''anda', 604181, 604),
(605013, 'Ikwiriri', 605013, 605),
(605023, 'Mgomba', 605023, 605),
(605032, 'Umwe', 605032, 605),
(605043, 'Utete', 605043, 605),
(605051, 'Mkongo', 605051, 605),
(605061, 'Ngorongo', 605061, 605),
(605071, 'Mwaseni', 605071, 605),
(605083, 'Kibiti', 605083, 605),
(605093, 'Bungu', 605093, 605),
(605101, 'Mahege', 605101, 605),
(605111, 'Mchukwi', 605111, 605),
(605121, 'Chumbi', 605121, 605),
(605131, 'Mbwara', 605131, 605),
(605141, 'Mtunda', 605141, 605),
(605151, 'Ruaruke', 605151, 605),
(605161, 'Salale', 605161, 605),
(605171, 'Mbuchi', 605171, 605),
(605181, 'Kiongoroni', 605181, 605),
(605191, 'Maparoni', 605191, 605),
(605203, 'Chemchem', 605203, 605),
(605211, 'Ngarambe', 605211, 605),
(605221, 'Dimani', 605221, 605),
(605231, 'Mtawanya', 605231, 605),
(605241, 'Mjawa', 605241, 605),
(605251, 'Mlanzi', 605251, 605),
(605261, 'Mwambao', 605261, 605),
(606011, 'Kanga', 606011, 606),
(606021, 'Kirongwe', 606021, 606),
(606031, 'Baleni', 606031, 606),
(606043, 'Kilindoni', 606043, 606),
(606051, 'Miburani', 606051, 606),
(606061, 'Kiegeani', 606061, 606),
(606071, 'Jibondo', 606071, 606),
(606081, 'Ndagoni', 606081, 606),
(607012, 'Pangani', 607012, 607),
(607022, 'Maili Moja', 607022, 607),
(607032, 'Tumbi', 607032, 607),
(607042, 'Picha ya Ndege', 607042, 607),
(607052, 'Mkuza', 607052, 607),
(607062, 'Kibaha', 607062, 607),
(607072, 'Msangani', 607072, 607),
(607082, 'Kongowe', 607082, 607),
(607092, 'Misugusugu', 607092, 607),
(607102, 'Visiga', 607102, 607),
(607112, 'Mbwawa', 607112, 607),
(701012, 'Magomeni', 701012, 701),
(701022, 'Makurumla', 701022, 701),
(701032, 'Ndugumbi', 701032, 701),
(701042, 'Tandale', 701042, 701),
(701052, 'Mwananyamala', 701052, 701),
(701062, 'Msasani', 701062, 701),
(701072, 'Kinondoni', 701072, 701),
(701082, 'Mzimuni', 701082, 701),
(701092, 'Kigogo', 701092, 701),
(701102, 'Mabibo', 701102, 701),
(701112, 'Manzese', 701112, 701),
(701122, 'Ubungo', 701122, 701),
(701132, 'Kibamba', 701132, 701),
(701142, 'Goba', 701142, 701),
(701152, 'Kawe', 701152, 701),
(701162, 'Kunduchi', 701162, 701),
(701172, 'Mbweni', 701172, 701),
(701182, 'Bunju', 701182, 701),
(701192, 'Makuburi', 701192, 701),
(701202, 'Mburahati', 701202, 701),
(701212, 'Makumbusho', 701212, 701),
(701222, 'Sinza', 701222, 701),
(701232, 'Kijitonyama', 701232, 701),
(701242, 'Kimara', 701242, 701),
(701252, 'Mikocheni', 701252, 701),
(701262, 'Mbezi', 701262, 701),
(701272, 'Hananasif', 701272, 701),
(701282, 'Saranga', 701282, 701),
(701292, 'Kwembe', 701292, 701),
(701302, 'Msigani', 701302, 701),
(701312, 'Mbezi juu', 701312, 701),
(701322, 'Makongo', 701322, 701),
(701332, 'Mabwepande', 701332, 701),
(701342, 'Wazo', 701342, 701),
(702012, 'Ukonga', 702012, 702),
(702022, 'Pugu', 702022, 702),
(702032, 'Msongola', 702032, 702),
(702042, 'Tabata', 702042, 702),
(702052, 'Kinyerezi', 702052, 702),
(702062, 'Ilala', 702062, 702),
(702072, 'Mchikichini', 702072, 702),
(702082, 'Vingunguti', 702082, 702),
(702092, 'Kipawa', 702092, 702),
(702102, 'Buguruni', 702102, 702),
(702112, 'Kariakoo', 702112, 702),
(702122, 'Jangwani', 702122, 702),
(702132, 'Gerezani', 702132, 702),
(702142, 'Kisutu', 702142, 702),
(702152, 'Mchafukoge', 702152, 702),
(702162, 'Upanga Mashariki', 702162, 702),
(702170, 'Upanga Mashariki', 702172, 101),
(702172, 'Upanga Magharibi', 702172, 702),
(702182, 'Kivukoni', 702182, 702),
(702192, 'Kiwalani', 702192, 702),
(702202, 'Segerea', 702202, 702),
(702212, 'Kitunda', 702212, 702),
(702222, 'Chanika', 702222, 702),
(702232, 'Kivule', 702232, 702),
(702242, 'G/Mboto', 702242, 702),
(702252, 'Majohe', 702252, 702),
(702262, 'Kimanga', 702262, 702),
(703012, 'Kigamboni', 703012, 703),
(703022, 'Vijibweni', 703022, 703),
(703032, 'Kibada', 703032, 703),
(703042, 'Kisarawe II', 703042, 703),
(703052, 'Somangila', 703052, 703),
(703062, 'Kimbiji', 703062, 703),
(703072, 'Mbagala', 703072, 703),
(703082, 'Chamazi', 703082, 703),
(703092, 'Yombo vituka', 703092, 703),
(703102, 'Charambe', 703102, 703),
(703112, 'Toangoma', 703112, 703),
(703122, 'Miburani', 703122, 703),
(703132, 'Temeke', 703132, 703),
(703142, 'Mtoni', 703142, 703),
(703152, 'Keko', 703152, 703),
(703162, 'Kurasini', 703162, 703),
(703172, 'Azimio', 703172, 703),
(703182, 'Tandika', 703182, 703),
(703192, 'Sandali', 703192, 703),
(703202, 'Chang''ombe', 703202, 703),
(703212, 'Mbagala kuu', 703212, 703),
(703222, 'Makangarawe', 703222, 703),
(703232, 'Pembamnazi', 703232, 703),
(703242, 'Mjimwema', 703242, 703),
(703252, 'Tungi', 703252, 703),
(703262, 'Kijichi', 703262, 703),
(703272, 'Mianzini', 703272, 703),
(703282, 'Kiburugwa', 703282, 703),
(703292, 'Buza', 703292, 703),
(703302, 'Kilakala', 703302, 703),
(801011, 'Tingi', 801011, 801),
(801021, 'Miteja', 801021, 801),
(801031, 'Mingumbi', 801031, 801),
(801041, 'Kinjumbi', 801041, 801),
(801051, 'Chumo', 801051, 801),
(801061, 'Kipatimu', 801061, 801),
(801071, 'Kandawale', 801071, 801),
(801081, 'Njinjo', 801081, 801),
(801091, 'Mitole', 801091, 801),
(801101, 'Miguruwe', 801101, 801),
(801111, 'Likawage', 801111, 801),
(801121, 'Nanjirinji', 801121, 801),
(801131, 'Kiranjeranje', 801131, 801),
(801141, 'Mandawa', 801141, 801),
(801151, 'Lihimalyao', 801151, 801),
(801161, 'Pande Mikoma', 801161, 801),
(801171, 'Kikole', 801171, 801),
(801183, 'Kivinjesingino', 801183, 801),
(801191, 'Songosongo', 801191, 801),
(801202, 'Masoko', 801202, 801),
(801211, 'Kibata', 801211, 801),
(802011, 'Mipingo', 802011, 802),
(802021, 'Kitomanga', 802021, 802),
(802031, 'Mchinga', 802031, 802),
(802041, 'Kilolambwani', 802041, 802),
(802051, 'Kilangala', 802051, 802),
(802063, 'Kiwalala', 802063, 802),
(802071, 'Navanga', 802071, 802),
(802081, 'Mnolela', 802081, 802),
(802091, 'Sudi', 802091, 802),
(802101, 'Nachunyu', 802101, 802),
(802113, 'Mtama', 802113, 802),
(802123, 'Nyangao', 802123, 802),
(802131, 'Namupa', 802131, 802),
(802141, 'Nyengedi', 802141, 802),
(802151, 'Mtua', 802151, 802),
(802161, 'Nahukahuka', 802161, 802),
(802171, 'Nyangamara', 802171, 802),
(802181, 'Mandwanga', 802181, 802),
(802191, 'Mnara', 802191, 802),
(802201, 'Chiponda', 802201, 802),
(802211, 'Pangatena', 802211, 802),
(802221, 'Longa', 802221, 802),
(802231, 'Rutamba', 802231, 802),
(802241, 'Milola', 802241, 802),
(802251, 'Kiwawa', 802251, 802),
(802261, 'Mtumbya', 802261, 802),
(802271, 'Matimba', 802271, 802),
(802281, 'Nangaru', 802281, 802),
(802293, 'Majengo', 802293, 802),
(802301, 'Namangwale', 802301, 802),
(803012, 'Nambambo', 803012, 803),
(803023, 'Kilimahewa', 803023, 803),
(803031, 'Ruponda', 803031, 803),
(803041, 'Mneromiembeni', 803041, 803),
(803051, 'Namapwia', 803051, 803),
(803061, 'Kiparamnero', 803061, 803),
(803071, 'Lionja', 803071, 803),
(803081, 'Namikango', 803081, 803),
(803091, 'Nditi', 803091, 803),
(803101, 'Kilimarondo', 803101, 803),
(803111, 'Mbondo', 803111, 803),
(803121, 'Kiegei', 803121, 803),
(803131, 'Mkoka', 803131, 803),
(803141, 'Chiola', 803141, 803),
(803151, 'Mpiruka', 803151, 803),
(803161, 'Nangowe', 803161, 803),
(803171, 'Mkotokuyana', 803171, 803),
(803183, 'Naipanga', 803183, 803),
(803191, 'Stesheni', 803191, 803),
(803201, 'Naipingo', 803201, 803),
(803211, 'Mtua', 803211, 803),
(803221, 'Mnerongongo', 803221, 803),
(803231, 'Matekwe', 803231, 803),
(803241, 'Marambo', 803241, 803),
(803251, 'Namatula', 803251, 803),
(803261, 'Ndomoni', 803261, 803),
(804013, 'Liwale Mjini', 804013, 804),
(804021, 'Mihumo', 804021, 804),
(804031, 'Ngongowele', 804031, 804),
(804041, 'Mlembwe', 804041, 804),
(804051, 'Makata', 804051, 804),
(804061, 'Barikiwa', 804061, 804),
(804071, 'Mkutano', 804071, 804),
(804081, 'Mbaya', 804081, 804),
(804091, 'Kimambi', 804091, 804),
(804101, 'Kiangara', 804101, 804),
(804111, 'Kibutuka', 804111, 804),
(804121, 'Nangano', 804121, 804),
(804131, 'Mpigamiti', 804131, 804),
(804141, 'Mirui', 804141, 804),
(804151, 'Liwale B', 804151, 804),
(804161, 'Mangirirkiti', 804161, 804),
(804173, 'Nangando', 804173, 804),
(804183, 'Likongowele', 804183, 804),
(804191, 'Kichonda', 804191, 804),
(804201, 'Lilombe', 804201, 804),
(805013, 'Ruangwa', 805013, 805),
(805023, 'Mbekenyera', 805023, 805),
(805033, 'Nkowe', 805033, 805),
(805041, 'Malolo', 805041, 805),
(805051, 'Luchelegwa', 805051, 805),
(805061, 'Chienjele', 805061, 805),
(805071, 'Namichiga', 805071, 805),
(805081, 'Narungombe', 805081, 805),
(805091, 'Makanjiro', 805091, 805),
(805101, 'Likunja', 805101, 805),
(805111, 'Mnacho', 805111, 805),
(805121, 'Mandawa', 805121, 805),
(805131, 'Nambilanje', 805131, 805),
(805141, 'Chunyu', 805141, 805),
(805151, 'Mandarawe', 805151, 805),
(805163, 'Nachingwea', 805163, 805),
(805171, 'Matambarale', 805171, 805),
(805181, 'Chibula', 805181, 805),
(805191, 'Nandagala', 805191, 805),
(805201, 'Nanganga', 805201, 805),
(805211, 'Chinongwe', 805211, 805),
(806012, 'Ndoro', 806012, 806),
(806022, 'Makonde', 806022, 806),
(806032, 'Mikumbi', 806032, 806),
(806042, 'Mitandi', 806042, 806),
(806052, 'Rahaleo', 806052, 806),
(806062, 'Mwenge', 806062, 806),
(806072, 'Matopeni', 806072, 806),
(806082, 'Wailes', 806082, 806),
(806092, 'Nachingwea', 806092, 806),
(806102, 'Rasbura', 806102, 806),
(806112, 'Mtanda', 806112, 806),
(806122, 'Jamhuri', 806122, 806),
(806132, 'Msanjihili', 806132, 806),
(806142, 'Mingoyo', 806142, 806),
(806152, 'Ngapa', 806152, 806),
(806162, 'Tandangongoro', 806162, 806),
(806172, 'Chikonji', 806172, 806),
(806182, 'Mbanja', 806182, 806),
(901013, 'Madimba', 901013, 901),
(901021, 'Ziwani', 901021, 901),
(901031, 'Nanguruwe', 901031, 901),
(901041, 'Mahurunga', 901041, 901),
(901051, 'Kitaya', 901051, 901),
(901061, 'Kiromba', 901061, 901),
(901071, 'Njengwa', 901071, 901),
(901081, 'Nitekela', 901081, 901),
(901093, 'Nanyamba', 901093, 901),
(901101, 'Mtiniko', 901101, 901),
(901111, 'Dihimba', 901111, 901),
(901121, 'Mnima', 901121, 901),
(901131, 'Kitere', 901131, 901),
(901141, 'Ndumbwe', 901141, 901),
(901151, 'Mayanga', 901151, 901),
(901161, 'Naumbu', 901161, 901),
(901171, 'Chawi', 901171, 901),
(901181, 'Namtumbuka', 901181, 901),
(901191, 'Libobe', 901191, 901),
(901201, 'Mpapura', 901201, 901),
(901211, 'Muungano', 901211, 901),
(901221, 'Mbawala', 901221, 901),
(901231, 'Msanga mkuu', 901231, 901),
(901241, 'Magomeni', 901241, 901),
(901251, 'Kiyanga', 901251, 901),
(901261, 'Milangominne', 901261, 901),
(901271, 'Mbembaleo', 901271, 901),
(901281, 'Mtimbwilimbwi', 901281, 901),
(902013, 'Luchingu', 902013, 902),
(902021, 'Makote', 902021, 902),
(902031, 'Nanguruwe', 902031, 902),
(902041, 'Mkunya', 902041, 902),
(902051, 'Mcholi I', 902051, 902),
(902061, 'Namiyonga', 902061, 902),
(902071, 'Mnekachi', 902071, 902),
(902081, 'Chitekete', 902081, 902),
(902091, 'Mnyambe', 902091, 902),
(902101, 'Chilangalanga', 902101, 902),
(902111, 'Mkoma II', 902111, 902),
(902123, 'Kitangari', 902123, 902),
(902131, 'Malatu', 902131, 902),
(902141, 'Mchemo', 902141, 902),
(902151, 'Mtopwa', 902151, 902),
(902161, 'Chiwonga', 902161, 902),
(902171, 'Maputi', 902171, 902),
(902181, 'Makukwe', 902181, 902),
(902191, 'Mkwedu', 902191, 902),
(902201, 'Mchuli II', 902201, 902),
(902213, 'Mtonya', 902213, 902),
(902221, 'Makonga', 902221, 902),
(902231, 'Nakahako', 902231, 902),
(902241, 'Chilangala', 902241, 902),
(902251, 'Nambali', 902251, 902),
(902261, 'Nandwahi', 902261, 902),
(902271, 'Mtunguru', 902271, 902),
(902281, 'Mdimbampelempele', 902281, 902),
(903011, 'Namatutwe', 903011, 903),
(903021, 'Namajani', 903021, 903),
(903031, 'Mlingula', 903031, 903),
(903041, 'Chiwale', 903041, 903),
(903053, 'Lukuledi', 903053, 903),
(903061, 'Mpanyani', 903061, 903),
(903071, 'Chigugu', 903071, 903),
(903083, 'Mwena', 903083, 903),
(903093, 'Nanganga', 903093, 903),
(903101, 'Chiwata', 903101, 903),
(903111, 'Mkundi', 903111, 903),
(903121, 'Mkululu', 903121, 903),
(903131, 'Nanjota', 903131, 903),
(903143, 'Chiungutwa', 903143, 903),
(903151, 'Mbuyuni', 903151, 903),
(903161, 'Lipumburu', 903161, 903),
(903171, 'Sindano', 903171, 903),
(903183, 'Namalenga', 903183, 903),
(903191, 'Mchauru', 903191, 903),
(903201, 'Mnavira', 903201, 903),
(903211, 'Chikolopola', 903211, 903),
(903223, 'Lulindi', 903223, 903),
(904013, 'Tandahimba', 904013, 904),
(904023, 'Kitama', 904023, 904),
(904031, 'Michenjele', 904031, 904),
(904041, 'Mihambwe', 904041, 904),
(904051, 'Mkoreha', 904051, 904),
(904061, 'Maundo', 904061, 904),
(904071, 'Naputa', 904071, 904),
(904083, 'Namikupa', 904083, 904),
(904091, 'Mnyawa', 904091, 904),
(904101, 'Mkundi', 904101, 904),
(904111, 'Lukokoda', 904111, 904),
(904123, 'Mahuta', 904123, 904),
(904133, 'Nanhyanga', 904133, 904),
(904141, 'Chingungwe', 904141, 904),
(904151, 'Mdimbamnyoma', 904151, 904),
(904161, 'Milingodi', 904161, 904),
(904171, 'Lyenje', 904171, 904),
(904181, 'Chaume', 904181, 904),
(904191, 'Mkonjowano', 904191, 904),
(904201, 'Luagala', 904201, 904),
(904211, 'Ngunja', 904211, 904),
(904221, 'Mkwiti', 904221, 904),
(904231, 'Litehu', 904231, 904),
(904241, 'Nambahu', 904241, 904),
(904251, 'Mihuta', 904251, 904),
(904261, 'Kwanyama', 904261, 904),
(904271, 'Mchichira', 904271, 904),
(904283, 'Chikongola', 904283, 904),
(904291, 'Dinduma', 904291, 904),
(904301, 'Mdumbwe', 904301, 904),
(905012, 'Majengo', 905012, 905),
(905022, 'Chikongola', 905022, 905),
(905032, 'Likombe', 905032, 905),
(905042, 'Railway', 905042, 905),
(905052, 'Shangani', 905052, 905),
(905062, 'Vigaeni', 905062, 905),
(905072, 'Chuno', 905072, 905),
(905083, 'Jangwani', 905083, 905),
(905092, 'Kisungule', 905092, 905),
(905102, 'Mtengo', 905102, 905),
(905112, 'Mtonya', 905112, 905),
(905122, 'Ufukoni', 905122, 905),
(905132, 'Magengeni', 905132, 905),
(905142, 'Rahaleo', 905142, 905),
(905153, 'Naliendele', 905153, 905),
(906013, 'Mangaka', 906013, 906),
(906021, 'Nangomba', 906021, 906),
(906031, 'Lumesule', 906031, 906),
(906043, 'Likokona', 906043, 906),
(906051, 'Sengenya', 906051, 906),
(906061, 'Mnanje', 906061, 906),
(906071, 'Mikangaula', 906071, 906),
(906081, 'Maratani', 906081, 906),
(906091, 'Nandete', 906091, 906),
(906101, 'Mkonona', 906101, 906),
(906111, 'Nanyumbu', 906111, 906),
(906121, 'Masuguru', 906121, 906),
(906131, 'Chipuputa', 906131, 906),
(906141, 'Napacho', 906141, 906),
(907013, 'Mwenge Mtapika', 907013, 907),
(907023, 'Temeke', 907023, 907),
(907032, 'Mkuti', 907032, 907),
(907043, 'Mpindimbi', 907043, 907),
(907052, 'Nyasa', 907052, 907),
(907063, 'Marika', 907063, 907),
(907072, 'Mkomaindo', 907072, 907),
(907082, 'Mtandi', 907082, 907),
(907092, 'Jida', 907092, 907),
(907102, 'Migongo', 907102, 907),
(907113, 'Mwenge', 907113, 907),
(907123, 'Sululu', 907123, 907),
(1001011, 'Kalulu', 1001011, 1001),
(1001021, 'Ligunga', 1001021, 1001),
(1001033, 'Mlingoti Mashariki', 1001033, 1001),
(1001041, 'Mindu', 1001041, 1001),
(1001051, 'Ngapa', 1001051, 1001),
(1001061, 'Nakapanya', 1001061, 1001),
(1001071, 'Muhuwesi', 1001071, 1001),
(1001081, 'Tuwemacho', 1001081, 1001),
(1001091, 'Ligoma', 1001091, 1001),
(1001101, 'Misechela', 1001101, 1001),
(1001111, 'Namasakata', 1001111, 1001),
(1001121, 'Mtina', 1001121, 1001),
(1001131, 'Mchesi', 1001131, 1001),
(1001141, 'Lukumbule', 1001141, 1001),
(1001151, 'Nalasi Magharibi', 1001151, 1001),
(1001161, 'Mchoteka', 1001161, 1001),
(1001171, 'Marumba', 1001171, 1001),
(1001181, 'Mbesa', 1001181, 1001),
(1001191, 'Mlingoti Magharibi', 1001191, 1001),
(1001201, 'Kidodoma', 1001201, 1001),
(1001211, 'Nandembo', 1001211, 1001),
(1001221, 'Nampungu', 1001221, 1001),
(1001231, 'Matemanga', 1001231, 1001),
(1001241, 'Namwinyu', 1001241, 1001),
(1001251, 'Mbati', 1001251, 1001),
(1001261, 'Nalasi Mashariki', 1001261, 1001),
(1001271, 'Mchuluka', 1001271, 1001),
(1001281, 'Namiungo', 1001281, 1001),
(1001291, 'Jakika', 1001291, 1001),
(1001303, 'Masonya', 1001303, 1001),
(1001311, 'Sisikwasisi', 1001311, 1001),
(1001321, 'Mchangani', 1001321, 1001),
(1001333, 'Majengo', 1001333, 1001),
(1001343, 'Nanjoka', 1001343, 1001),
(1001353, 'Nakayaya', 1001353, 1001),
(1002011, 'Wino', 1002011, 1002),
(1002021, 'Ndongosi', 1002021, 1002),
(1002031, 'Matumbi', 1002031, 1002),
(1002041, 'Mpandangindo', 1002041, 1002),
(1002051, 'Gumbiro', 1002051, 1002),
(1002061, 'Mpitimbi', 1002061, 1002),
(1002071, 'Muhukuru', 1002071, 1002),
(1002081, 'Magagura', 1002081, 1002),
(1002091, 'Litisha', 1002091, 1002),
(1002101, 'Kilagano', 1002101, 1002),
(1002111, 'Maposeni', 1002111, 1002),
(1002123, 'Peramiho', 1002123, 1002),
(1002133, 'Mahanje', 1002133, 1002),
(1002141, 'Matimira', 1002141, 1002),
(1002151, 'Mtyangimbole', 1002151, 1002),
(1002161, 'Mkongotema', 1002161, 1002),
(1002171, 'Mbinga Mhalule', 1002171, 1002),
(1003011, 'Ruanda', 1003011, 1003),
(1003021, 'Litumbandyosi', 1003021, 1003),
(1003033, 'Kigonsera', 1003033, 1003),
(1003041, 'Kihangi Mahuka', 1003041, 1003),
(1003051, 'Utiri', 1003051, 1003),
(1003063, 'Mbinga Mjini', 1003063, 1003),
(1003071, 'Kilimani', 1003071, 1003),
(1003081, 'Mbangamao', 1003081, 1003),
(1003091, 'Kihungu', 1003091, 1003),
(1003101, 'Kikolo', 1003101, 1003),
(1003111, 'Kambarage', 1003111, 1003),
(1003121, 'Mapera', 1003121, 1003),
(1003131, 'Kipapa', 1003131, 1003),
(1003141, 'Kipololo', 1003141, 1003),
(1003151, 'Nyoni', 1003151, 1003),
(1003161, 'Luwaita', 1003161, 1003),
(1003173, 'Maguu', 1003173, 1003),
(1003181, 'Kitumbalomo', 1003181, 1003),
(1003191, 'Mkako', 1003191, 1003),
(1003201, 'Mkalanga', 1003201, 1003),
(1003211, 'Langiro', 1003211, 1003),
(1003221, 'Mbuji', 1003221, 1003),
(1003231, 'Litembo', 1003231, 1003),
(1003241, 'Ngima', 1003241, 1003),
(1003251, 'Myangayanga', 1003251, 1003),
(1003261, 'Mkumbi', 1003261, 1003),
(1003271, 'Linda', 1003271, 1003),
(1003283, 'Matiri', 1003283, 1003),
(1003291, 'Ukata', 1003291, 1003),
(1003301, 'Kitanda', 1003301, 1003),
(1003311, 'Kitura', 1003311, 1003),
(1003321, 'Namswea', 1003321, 1003),
(1003331, 'Mpepai', 1003331, 1003),
(1003341, 'Mpapa', 1003341, 1003),
(1004012, 'Mjini', 1004012, 1004),
(1004022, 'Majengo', 1004022, 1004),
(1004032, 'Misufini', 1004032, 1004),
(1004042, 'Mfaranyaki', 1004042, 1004),
(1004052, 'Lizaboni', 1004052, 1004),
(1004062, 'Matarawe', 1004062, 1004),
(1004072, 'Bombambili', 1004072, 1004),
(1004082, 'Matogoro', 1004082, 1004),
(1004092, 'Ruvuma', 1004092, 1004),
(1004102, 'Subira', 1004102, 1004),
(1004112, 'Ruhuwiko', 1004112, 1004),
(1004122, 'Mshangano', 1004122, 1004),
(1004132, 'Mletele', 1004132, 1004),
(1004142, 'SeedFarm', 1004142, 1004),
(1004152, 'Tanga', 1004152, 1004),
(1004162, 'Msamala', 1004162, 1004),
(1004172, 'Lilambo', 1004172, 1004),
(1004182, 'Mwengemshindo', 1004182, 1004),
(1004192, 'Mjimwema', 1004192, 1004),
(1004202, 'Mateka', 1004202, 1004),
(1004212, 'Ndilimalitembo', 1004212, 1004),
(1005013, 'Rwinga', 1005013, 1005),
(1005021, 'Mkongo', 1005021, 1005),
(1005031, 'Ligera', 1005031, 1005),
(1005041, 'Lusewa', 1005041, 1005),
(1005051, 'Magazini', 1005051, 1005),
(1005061, 'Msindo', 1005061, 1005),
(1005071, 'Luchili', 1005071, 1005),
(1005081, 'Nambengo', 1005081, 1005),
(1005091, 'Kitanda', 1005091, 1005),
(1005101, 'Luegu', 1005101, 1005),
(1005113, 'Namtumbo', 1005113, 1005),
(1005121, 'Mgombasi', 1005121, 1005),
(1005131, 'Iitola', 1005131, 1005),
(1005141, 'Likuyuseka', 1005141, 1005),
(1005151, 'Mputa', 1005151, 1005),
(1005163, 'Hanga', 1005163, 1005),
(1005171, 'Limamu', 1005171, 1005),
(1005181, 'Mchomoro', 1005181, 1005),
(1006011, 'Liparamba', 1006011, 1006),
(1006021, 'Tingi', 1006021, 1006),
(1006031, 'Chiwanda', 1006031, 1006),
(1006041, 'Mtipwili', 1006041, 1006),
(1006051, 'Kingerikiti', 1006051, 1006),
(1006061, 'Luhangarasi', 1006061, 1006),
(1006071, 'Kilosa', 1006071, 1006),
(1006083, 'Mbambabay', 1006083, 1006),
(1006091, 'Lipingo', 1006091, 1006),
(1006103, 'Liuli', 1006103, 1006),
(1006111, 'Kihagara', 1006111, 1006),
(1006121, 'Ngumbo', 1006121, 1006),
(1006131, 'Liwundi', 1006131, 1006),
(1006141, 'Mbaha', 1006141, 1006),
(1006151, 'Lituhi', 1006151, 1006),
(1101013, 'Kalenga', 1101013, 1101),
(1101021, 'Kiwere', 1101021, 1101),
(1101031, 'Nzihi', 1101031, 1101),
(1101041, 'Ulanda', 1101041, 1101),
(1101053, 'Mseke', 1101053, 1101),
(1101061, 'Maguliwa', 1101061, 1101),
(1101071, 'Mgama', 1101071, 1101),
(1101083, 'Ifunda', 1101083, 1101),
(1101091, 'Lumuli', 1101091, 1101),
(1101101, 'Maboga', 1101101, 1101),
(1101111, 'Wasa', 1101111, 1101),
(1101121, 'Mahuninga', 1101121, 1101),
(1101131, 'Idodi', 1101131, 1101),
(1101141, 'Mlowa', 1101141, 1101),
(1101151, 'Itunundu', 1101151, 1101),
(1101161, 'Ilolo Mpya', 1101161, 1101),
(1101171, 'Nduli', 1101171, 1101),
(1101181, 'Kihorogota', 1101181, 1101),
(1101191, 'Izazi', 1101191, 1101),
(1101201, 'Malenga Makali', 1101201, 1101),
(1101211, 'Nyang''oro', 1101211, 1101),
(1101221, 'Luhota', 1101221, 1101),
(1101231, 'Lyamgungwe', 1101231, 1101),
(1101241, 'Mlenge', 1101241, 1101),
(1101253, 'Migoli', 1101253, 1101),
(1102011, 'Kiyowela', 1102011, 1102),
(1102023, 'Makungu', 1102023, 1102),
(1102031, 'Mninga', 1102031, 1102),
(1102041, 'Kasanga', 1102041, 1102),
(1102053, 'Igowole', 1102053, 1102),
(1102061, 'Mtambula', 1102061, 1102),
(1102071, 'Itandula', 1102071, 1102),
(1102081, 'Mbalamaziwa', 1102081, 1102),
(1102091, 'Idunda', 1102091, 1102),
(1102103, 'Malangali', 1102103, 1102),
(1102113, 'Nyololo', 1102113, 1102),
(1102121, 'Ihowanza', 1102121, 1102),
(1102131, 'Ikweha', 1102131, 1102),
(1102141, 'Sadani', 1102141, 1102),
(1102151, 'Igombavu', 1102151, 1102),
(1102161, 'Bumilayinga', 1102161, 1102),
(1102173, 'Mtwango', 1102173, 1102),
(1102181, 'Isalavanu', 1102181, 1102),
(1102191, 'Rungemba', 1102191, 1102),
(1102201, 'Ifwagi', 1102201, 1102),
(1102211, 'Mdabulo', 1102211, 1102),
(1102221, 'Ihalimba', 1102221, 1102),
(1102231, 'Kibengu', 1102231, 1102),
(1102241, 'Mapanda', 1102241, 1102),
(1102251, 'Mpanga', 1102251, 1102),
(1102261, 'Ihanu', 1102261, 1102);
INSERT INTO `ward_police` (`ward_policeid`, `ward_policename`, `ward_nbsid`, `district_policeid`) VALUES
(1102271, 'Luhunga', 1102271, 1102),
(1103012, 'Kihesa', 1103012, 1103),
(1103022, 'Mtwivila', 1103022, 1103),
(1103032, 'Gangilonga', 1103032, 1103),
(1103042, 'Kitanzini', 1103042, 1103),
(1103052, 'Ruaha', 1103052, 1103),
(1103062, 'Mshindo', 1103062, 1103),
(1103072, 'Mivinjeni', 1103072, 1103),
(1103082, 'Mlandege', 1103082, 1103),
(1103092, 'Mwangata', 1103092, 1103),
(1103102, 'Kwakilosa', 1103102, 1103),
(1103112, 'Makorongoni', 1103112, 1103),
(1103122, 'Ilala', 1103122, 1103),
(1103132, 'Mkwawa', 1103132, 1103),
(1103142, 'Kitwiru', 1103142, 1103),
(1103152, 'Isakalilo', 1103152, 1103),
(1103162, 'Nduli', 1103162, 1103),
(1104011, 'Image', 1104011, 1104),
(1104021, 'Irole', 1104021, 1104),
(1104033, 'Ilula', 1104033, 1104),
(1104041, 'Uhambingeto', 1104041, 1104),
(1104051, 'Udekwa', 1104051, 1104),
(1104061, 'Mahenge', 1104061, 1104),
(1104071, 'Mtitu', 1104071, 1104),
(1104081, 'Dabaga', 1104081, 1104),
(1104091, 'Ukumbi', 1104091, 1104),
(1104101, 'Ukwega', 1104101, 1104),
(1104111, 'Boma la Ng''ombe', 1104111, 1104),
(1104121, 'Idete', 1104121, 1104),
(1104131, 'Masisiwe', 1104131, 1104),
(1104141, 'Ng''uruhe', 1104141, 1104),
(1104151, 'Ng''ang''ange', 1104151, 1104),
(1104161, 'Ihimbo', 1104161, 1104),
(1104171, 'Lugalo', 1104171, 1104),
(1104183, 'Nyalumbu', 1104183, 1104),
(1104191, 'Mlafu', 1104191, 1104),
(1104201, 'Ibumu', 1104201, 1104),
(1104211, 'Ruaha Mbuyuni', 1104211, 1104),
(1104221, 'Kimala', 1104221, 1104),
(1105012, 'Sao hill', 1105012, 1105),
(1105022, 'Boma', 1105022, 1105),
(1105032, 'Kinyanambo', 1105032, 1105),
(1201011, 'Kambikatoto', 1201011, 1201),
(1201021, 'Mafyeko', 1201021, 1201),
(1201031, 'Matwiga', 1201031, 1201),
(1201041, 'Mtanila', 1201041, 1201),
(1201051, 'Lupatingatinga', 1201051, 1201),
(1201061, 'Luwalaje', 1201061, 1201),
(1201071, 'Sangambi', 1201071, 1201),
(1201083, 'Itewe', 1201083, 1201),
(1201093, 'Chokaa', 1201093, 1201),
(1201101, 'Mbugani', 1201101, 1201),
(1201111, 'Chalangwa', 1201111, 1201),
(1201121, 'Ifumbo', 1201121, 1201),
(1201131, 'Kanga', 1201131, 1201),
(1201141, 'Galula', 1201141, 1201),
(1201151, 'Mbuyuni', 1201151, 1201),
(1201161, 'Totowe', 1201161, 1201),
(1201171, 'Namkukwe', 1201171, 1201),
(1201183, 'Mkwajuni', 1201183, 1201),
(1201191, 'Mbangala', 1201191, 1201),
(1201201, 'Kapalala', 1201201, 1201),
(1201211, 'Gua', 1201211, 1201),
(1201221, 'Ngwala', 1201221, 1201),
(1201231, 'Mamba', 1201231, 1201),
(1201241, 'Ifwenkenya', 1201241, 1201),
(1201251, 'Magamba', 1201251, 1201),
(1201261, 'Saza', 1201261, 1201),
(1201271, 'Mwambani', 1201271, 1201),
(1201282, 'Mkola', 1201282, 1201),
(1201292, 'Makongolosi', 1201292, 1201),
(1201302, 'Matundasi', 1201302, 1201),
(1202011, 'Ihango', 1202011, 1202),
(1202021, 'Ulenje', 1202021, 1202),
(1202033, 'Tembela', 1202033, 1202),
(1202041, 'Ijombe', 1202041, 1202),
(1202051, 'Santilya', 1202051, 1202),
(1202061, 'Ilembo', 1202061, 1202),
(1202071, 'Iwiji', 1202071, 1202),
(1202081, 'Isuto', 1202081, 1202),
(1202091, 'Igale', 1202091, 1202),
(1202101, 'Iwindi', 1202101, 1202),
(1202113, 'Utengule Usongwe', 1202113, 1202),
(1202121, 'Mshewe', 1202121, 1202),
(1202131, 'Ikukwa', 1202131, 1202),
(1202141, 'Iyunga Mapinduzi', 1202141, 1202),
(1202153, 'Bonde la Songwe', 1202153, 1202),
(1202161, 'Inyala', 1202161, 1202),
(1202171, 'Ilungu', 1202171, 1202),
(1202181, 'Maendeleo', 1202181, 1202),
(1202191, 'Swaya', 1202191, 1202),
(1202201, 'Masoko', 1202201, 1202),
(1202211, 'Itawa', 1202211, 1202),
(1202223, 'Nsalala', 1202223, 1202),
(1202231, 'Lwanjiro', 1202231, 1202),
(1202241, 'Itewe', 1202241, 1202),
(1202253, 'Igoma', 1202253, 1202),
(1203011, 'Lusungo', 1203011, 1203),
(1203021, 'Makwale', 1203021, 1203),
(1203031, 'Matema', 1203031, 1203),
(1203041, 'Mwaya', 1203041, 1203),
(1203051, 'Ndobo', 1203051, 1203),
(1203061, 'Kajunjumele', 1203061, 1203),
(1203071, 'Bujonde', 1203071, 1203),
(1203081, 'Ikolo', 1203081, 1203),
(1203091, 'Katumba Songwe', 1203091, 1203),
(1203101, 'Ngana', 1203101, 1203),
(1203111, 'Busale', 1203111, 1203),
(1203121, 'Ipande', 1203121, 1203),
(1203131, 'Ikama', 1203131, 1203),
(1203143, 'Ipinda', 1203143, 1203),
(1203151, 'Ngonga', 1203151, 1203),
(1203161, 'Ikimba', 1203161, 1203),
(1203171, 'Itope', 1203171, 1203),
(1203181, 'Muungano', 1203181, 1203),
(1203191, 'Talatala', 1203191, 1203),
(1203202, 'Kyela', 1203202, 1203),
(1204011, 'Swaya', 1204011, 1204),
(1204021, 'Masebe', 1204021, 1204),
(1204031, 'Suma', 1204031, 1204),
(1204041, 'Kandete', 1204041, 1204),
(1204051, 'Luteba', 1204051, 1204),
(1204061, 'Mpombo', 1204061, 1204),
(1204071, 'Isange', 1204071, 1204),
(1204081, 'Kabula', 1204081, 1204),
(1204091, 'Lwangwa', 1204091, 1204),
(1204101, 'Lufilyo', 1204101, 1204),
(1204111, 'Itete', 1204111, 1204),
(1204121, 'Kisegese', 1204121, 1204),
(1204131, 'Lupata', 1204131, 1204),
(1204141, 'Kambasegela', 1204141, 1204),
(1204151, 'Masukulu', 1204151, 1204),
(1204161, 'Kisiba', 1204161, 1204),
(1204171, 'Masoko', 1204171, 1204),
(1204181, 'Bujela', 1204181, 1204),
(1204191, 'Ilima', 1204191, 1204),
(1204201, 'Kisondela', 1204201, 1204),
(1204211, 'Ikuti', 1204211, 1204),
(1204221, 'Malindo', 1204221, 1204),
(1204231, 'Mpuguso', 1204231, 1204),
(1204241, 'Kikole', 1204241, 1204),
(1204251, 'Lufingo', 1204251, 1204),
(1204261, 'Nkunga', 1204261, 1204),
(1204271, 'Kyimo', 1204271, 1204),
(1204281, 'Kinyala', 1204281, 1204),
(1204293, 'Kiwira', 1204293, 1204),
(1204301, 'Isongole', 1204301, 1204),
(1204312, 'Ikama', 1204312, 1204),
(1204322, 'Ibighi', 1204322, 1204),
(1204332, 'Bagamoyo', 1204332, 1204),
(1204342, 'Kawetele', 1204342, 1204),
(1204352, 'Bulyaga', 1204352, 1204),
(1204362, 'Msasani', 1204362, 1204),
(1204372, 'Makandana', 1204372, 1204),
(1205013, 'Itumba', 1205013, 1205),
(1205021, 'Itale', 1205021, 1205),
(1205031, 'Ibaba', 1205031, 1205),
(1205041, 'Ndola', 1205041, 1205),
(1205051, 'Luswisi', 1205051, 1205),
(1205061, 'Ngulilo', 1205061, 1205),
(1205071, 'Lubanda', 1205071, 1205),
(1205081, 'Ngulugulu', 1205081, 1205),
(1205091, 'Sange', 1205091, 1205),
(1205101, 'Ikinga', 1205101, 1205),
(1205111, 'Kafule', 1205111, 1205),
(1205121, 'Malangali', 1205121, 1205),
(1205131, 'Bupigu', 1205131, 1205),
(1205143, 'Isongole', 1205143, 1205),
(1205151, 'Chitete', 1205151, 1205),
(1205161, 'Mbebe', 1205161, 1205),
(1205171, 'Mlale', 1205171, 1205),
(1205181, 'Kalembo', 1205181, 1205),
(1206011, 'Ihanda', 1206011, 1206),
(1206021, 'Bara', 1206021, 1206),
(1206031, 'Nanyala', 1206031, 1206),
(1206041, 'Nambinzo', 1206041, 1206),
(1206051, 'Itaka', 1206051, 1206),
(1206061, 'Isansa', 1206061, 1206),
(1206071, 'Ruanda', 1206071, 1206),
(1206081, 'Iyula', 1206081, 1206),
(1206091, 'Nyimbili', 1206091, 1206),
(1206101, 'Mlangali', 1206101, 1206),
(1206111, 'Myovizi', 1206111, 1206),
(1206121, 'Igamba', 1206121, 1206),
(1206131, 'Halungu', 1206131, 1206),
(1206141, 'Msia', 1206141, 1206),
(1206153, 'Mlowo', 1206153, 1206),
(1206161, 'Ipunga', 1206161, 1206),
(1206171, 'Isandula', 1206171, 1206),
(1206182, 'Vwawa', 1206182, 1206),
(1207011, 'Luhanga', 1207011, 1207),
(1207023, 'Madibira', 1207023, 1207),
(1207031, 'Mawindi', 1207031, 1207),
(1207043, 'Ihahi', 1207043, 1207),
(1207051, 'Mapogoro', 1207051, 1207),
(1207063, 'Chimala', 1207063, 1207),
(1207071, 'Utengule Usangu', 1207071, 1207),
(1207081, 'Ruiwa', 1207081, 1207),
(1207091, 'Mahongole', 1207091, 1207),
(1207103, 'Ubaruku', 1207103, 1207),
(1207113, 'Igurusi', 1207113, 1207),
(1207121, 'Kongolo', 1207121, 1207),
(1207131, 'Mwatenga', 1207131, 1207),
(1207141, 'Imalilosongwe', 1207141, 1207),
(1207151, 'Igava', 1207151, 1207),
(1207161, 'Ipwani', 1207161, 1207),
(1207171, 'Itamboleo', 1207171, 1207),
(1207181, 'Miyombweni', 1207181, 1207),
(1207192, 'Rujewa', 1207192, 1207),
(1207202, 'Lugelele', 1207202, 1207),
(1208012, 'Sisimba', 1208012, 1208),
(1208022, 'Isanga', 1208022, 1208),
(1208032, 'Iganzo', 1208032, 1208),
(1208042, 'Mwansekwa', 1208042, 1208),
(1208052, 'Itagano', 1208052, 1208),
(1208062, 'Itezi', 1208062, 1208),
(1208072, 'Nsalaga', 1208072, 1208),
(1208082, 'Igawilo', 1208082, 1208),
(1208092, 'Iganjo', 1208092, 1208),
(1208102, 'Uyole', 1208102, 1208),
(1208112, 'Iduda', 1208112, 1208),
(1208122, 'Mwasanga', 1208122, 1208),
(1208132, 'Tembela', 1208132, 1208),
(1208142, 'Ilomba', 1208142, 1208),
(1208152, 'Mwakibete', 1208152, 1208),
(1208162, 'Ilemi', 1208162, 1208),
(1208172, 'Isyesye', 1208172, 1208),
(1208182, 'Ruanda', 1208182, 1208),
(1208192, 'Iyela', 1208192, 1208),
(1208202, 'Sinde', 1208202, 1208),
(1208212, 'Maanga', 1208212, 1208),
(1208222, 'Mbalizi road', 1208222, 1208),
(1208232, 'Forest', 1208232, 1208),
(1208242, 'Mabatini', 1208242, 1208),
(1208252, 'Nzovwe', 1208252, 1208),
(1208262, 'Kalobe', 1208262, 1208),
(1208272, 'Iyunga', 1208272, 1208),
(1208282, 'Iwambi', 1208282, 1208),
(1208292, 'Itende', 1208292, 1208),
(1208302, 'Iziwa', 1208302, 1208),
(1208312, 'Nsoho', 1208312, 1208),
(1208322, 'Majengo', 1208322, 1208),
(1208332, 'Ghana', 1208332, 1208),
(1208342, 'Nonde', 1208342, 1208),
(1208352, 'Itiji', 1208352, 1208),
(1208362, 'Maendeleo', 1208362, 1208),
(1209011, 'Chilulumo', 1209011, 1209),
(1209021, 'Kamsamba', 1209021, 1209),
(1209031, 'Ivuna', 1209031, 1209),
(1209041, 'Mpapa', 1209041, 1209),
(1209051, 'Mkulwe', 1209051, 1209),
(1209061, 'Chitete', 1209061, 1209),
(1209071, 'Msangano', 1209071, 1209),
(1209083, 'Chiwezi', 1209083, 1209),
(1209091, 'Nkangamo', 1209091, 1209),
(1209101, 'Ndalambo', 1209101, 1209),
(1209111, 'Kapele', 1209111, 1209),
(1209121, 'Nzoka', 1209121, 1209),
(1209131, ' Myunga', 1209131, 1209),
(1210012, 'Tunduma', 1210012, 1206),
(1301011, 'Urughu', 1301011, 1301),
(1301021, 'Mtekente', 1301021, 1301),
(1301031, 'Mtoa', 1301031, 1301),
(1301041, 'Mgongo', 1301041, 1301),
(1301053, 'Shelui', 1301053, 1301),
(1301061, 'Ntwike', 1301061, 1301),
(1301071, 'Tulya', 1301071, 1301),
(1301081, 'Kidaru', 1301081, 1301),
(1301091, 'Kisiriri', 1301091, 1301),
(1301103, 'Kiomboi', 1301103, 1301),
(1301111, 'Kinampanda', 1301111, 1301),
(1301121, 'Ulemo', 1301121, 1301),
(1301131, 'Kyengege', 1301131, 1301),
(1301143, 'Ndago', 1301143, 1301),
(1301151, 'Mbelekese', 1301151, 1301),
(1301161, 'Kaselya', 1301161, 1301),
(1301171, 'Ndulungu', 1301171, 1301),
(1302011, 'Mudida', 1302011, 1302),
(1302021, 'Makuro', 1302021, 1302),
(1302031, 'Ikhanoda', 1302031, 1302),
(1302041, 'Mwasauya', 1302041, 1302),
(1302051, 'Msange', 1302051, 1302),
(1302061, 'Maghojoa', 1302061, 1302),
(1302071, 'Itaja', 1302071, 1302),
(1302081, 'Ngimu', 1302081, 1302),
(1302091, 'Mughunga', 1302091, 1302),
(1302101, 'Mgori', 1302101, 1302),
(1302111, 'Mughamo', 1302111, 1302),
(1302121, 'Kinyagigi', 1302121, 1302),
(1302131, 'Merya', 1302131, 1302),
(1302141, 'Kinyeto', 1302141, 1302),
(1302151, 'Ntonge', 1302151, 1302),
(1302163, 'Ilongero', 1302163, 1302),
(1302171, 'Mrama', 1302171, 1302),
(1302181, 'Kijota', 1302181, 1302),
(1302191, 'Mtinko', 1302191, 1302),
(1302201, 'Ughandi', 1302201, 1302),
(1302211, 'Msisi', 1302211, 1302),
(1303013, 'Manyoni', 1303013, 1303),
(1303023, 'Solya', 1303023, 1303),
(1303031, 'Makuru', 1303031, 1303),
(1303041, 'Chikuyu', 1303041, 1303),
(1303051, 'Makanda', 1303051, 1303),
(1303063, 'Kintinku', 1303063, 1303),
(1303071, 'Mvumi', 1303071, 1303),
(1303081, 'Majiri', 1303081, 1303),
(1303091, 'Sasajila', 1303091, 1303),
(1303101, 'Idodyandole', 1303101, 1303),
(1303111, 'Chikola', 1303111, 1303),
(1303121, 'Heka', 1303121, 1303),
(1303131, 'Nkonko', 1303131, 1303),
(1303141, 'Sanza', 1303141, 1303),
(1303151, 'Isseke', 1303151, 1303),
(1303161, 'Rungwa', 1303161, 1303),
(1303171, 'Mgandu', 1303171, 1303),
(1303183, 'Itigi', 1303183, 1303),
(1303191, 'Ipande', 1303191, 1303),
(1303201, 'Sanjaranda', 1303201, 1303),
(1303211, 'Aghondi', 1303211, 1303),
(1303221, 'Mkwese', 1303221, 1303),
(1303231, 'Muhalala', 1303231, 1303),
(1303241, 'Saranda', 1303241, 1303),
(1303251, 'Makutopora', 1303251, 1303),
(1303261, 'Sasilo', 1303261, 1303),
(1303271, 'Mwamagembe', 1303271, 1303),
(1303283, 'Mitundu', 1303283, 1303),
(1303291, 'Kitaraka', 1303291, 1303),
(1303303, 'Itigi Majengo', 1303303, 1303),
(1304011, 'Mtipa', 1304011, 1304),
(1304022, 'Mughanga', 1304022, 1304),
(1304032, 'Mitunduruni', 1304032, 1304),
(1304042, 'Majengo', 1304042, 1304),
(1304051, 'Unyambwa', 1304051, 1304),
(1304061, 'Mungumaji', 1304061, 1304),
(1304071, 'Unyamikumbi ', 1304071, 1304),
(1304081, 'Mtamaa', 1304081, 1304),
(1304092, 'Kindai', 1304092, 1304),
(1304102, 'Ipembe', 1304102, 1304),
(1304112, 'Utemini', 1304112, 1304),
(1304121, 'Mwankoko', 1304121, 1304),
(1304133, 'Mandewa', 1304133, 1304),
(1304142, 'Minga', 1304142, 1304),
(1304152, 'Misuna', 1304152, 1304),
(1304161, 'Uhamaka', 1304161, 1304),
(1305013, 'Puma', 1305013, 1305),
(1305021, 'Kituntu', 1305021, 1305),
(1305033, 'Mungaa', 1305033, 1305),
(1305041, 'Siuyu', 1305041, 1305),
(1305051, 'Kikio', 1305051, 1305),
(1305061, 'Lighwa', 1305061, 1305),
(1305071, 'Misughaa', 1305071, 1305),
(1305081, 'Ntuntu', 1305081, 1305),
(1305091, 'Dung''unyi', 1305091, 1305),
(1305101, 'Mang''onyi', 1305101, 1305),
(1305111, 'Mkiwa', 1305111, 1305),
(1305121, 'Issuna', 1305121, 1305),
(1305131, 'Unyahati', 1305131, 1305),
(1305143, 'Ikungi', 1305143, 1305),
(1305151, 'Iglansoni', 1305151, 1305),
(1305161, 'Iseke', 1305161, 1305),
(1305171, 'Ihanja', 1305171, 1305),
(1305181, 'Minyughe', 1305181, 1305),
(1305191, 'Muhintiri', 1305191, 1305),
(1305201, 'Iyumbu', 1305201, 1305),
(1305211, 'Mgungira', 1305211, 1305),
(1305221, 'Mwaru', 1305221, 1305),
(1305231, 'Ighombwe', 1305231, 1305),
(1305241, 'Mtunduru', 1305241, 1305),
(1305251, 'Sepuka', 1305251, 1305),
(1305261, 'Irisya', 1305261, 1305),
(1306011, 'Mpambala', 1306011, 1306),
(1306021, 'Mwangeza', 1306021, 1306),
(1306031, 'Mwanga', 1306031, 1306),
(1306041, 'Nkinto', 1306041, 1306),
(1306053, 'Ibaga', 1306053, 1306),
(1306061, 'Gumanga', 1306061, 1306),
(1306071, 'Msingi', 1306071, 1306),
(1306081, 'Nduguti', 1306081, 1306),
(1306091, 'Ilunda', 1306091, 1306),
(1306101, 'Kinyangiri', 1306101, 1306),
(1306113, 'Iguguno', 1306113, 1306),
(1306121, 'Miganga', 1306121, 1306),
(1306131, 'Matongo', 1306131, 1306),
(1306141, 'Kikhonda', 1306141, 1306),
(1401011, 'Puge', 1401011, 1401),
(1401021, 'Nkiniziwa', 1401021, 1401),
(1401031, 'Budushi', 1401031, 1401),
(1401041, 'Mwakashanhala', 1401041, 1401),
(1401051, 'Tongi', 1401051, 1401),
(1401061, 'Mizibaziba', 1401061, 1401),
(1401071, 'Milambo Itobo', 1401071, 1401),
(1401081, 'Magengati', 1401081, 1401),
(1401091, 'Ndala', 1401091, 1401),
(1401102, 'Nzega Mjini', 1401102, 1401),
(1401111, 'Wela', 1401111, 1401),
(1401121, 'Mbogwe', 1401121, 1401),
(1401131, 'Miguwa', 1401131, 1401),
(1401141, 'Itilo', 1401141, 1401),
(1401151, 'Muhugi', 1401151, 1401),
(1401161, 'Utwigu', 1401161, 1401),
(1401171, 'Ijanija', 1401171, 1401),
(1401181, 'Nzega Ndogo', 1401181, 1401),
(1401191, 'Lusu', 1401191, 1401),
(1401201, 'Nata', 1401201, 1401),
(1401211, 'Isanzu', 1401211, 1401),
(1401221, 'Itobo', 1401221, 1401),
(1401231, 'Mwangoye', 1401231, 1401),
(1401241, 'Sigili', 1401241, 1401),
(1401251, 'Mwamala', 1401251, 1401),
(1401261, 'Igusule', 1401261, 1401),
(1401271, 'Shigamba', 1401271, 1401),
(1401281, 'Kasela', 1401281, 1401),
(1401291, 'Karitu', 1401291, 1401),
(1401303, 'Bukene', 1401303, 1401),
(1401311, 'Mogwa', 1401311, 1401),
(1401321, 'Mambali', 1401321, 1401),
(1401331, 'K/Nhalanga', 1401331, 1401),
(1401341, 'Uduka', 1401341, 1401),
(1401351, 'Semembela', 1401351, 1401),
(1401361, 'Isagenhe', 1401361, 1401),
(1401371, 'Ikindwa', 1401371, 1401),
(1402013, 'Igunga', 1402013, 1402),
(1402021, 'Itumba', 1402021, 1402),
(1402031, 'Bukoko', 1402031, 1402),
(1402041, 'Isakamaliwa', 1402041, 1402),
(1402051, 'Nyandekwa', 1402051, 1402),
(1402061, 'Nanga', 1402061, 1402),
(1402071, 'Nguvumoja', 1402071, 1402),
(1402081, 'Mbutu', 1402081, 1402),
(1402091, 'Kining''ila', 1402091, 1402),
(1402103, 'Igurubi', 1402103, 1402),
(1402111, 'Mwamashimba', 1402111, 1402),
(1402121, 'Kinungu', 1402121, 1402),
(1402131, 'Ntobo', 1402131, 1402),
(1402141, 'Itunduru', 1402141, 1402),
(1402151, 'Mwamashiga', 1402151, 1402),
(1402163, 'Choma', 1402163, 1402),
(1402171, 'Mwashiku', 1402171, 1402),
(1402181, 'Ziba', 1402181, 1402),
(1402191, 'Ndembezi', 1402191, 1402),
(1402201, 'Nkinga', 1402201, 1402),
(1402211, 'Ngulu', 1402211, 1402),
(1402221, 'Simbo', 1402221, 1402),
(1402231, 'Igoweko', 1402231, 1402),
(1402241, 'Mwisi', 1402241, 1402),
(1402251, 'Chabutwa', 1402251, 1402),
(1402261, 'Sungwizi', 1402261, 1402),
(1403011, 'Lutende', 1403011, 1403),
(1403021, 'Kizengi', 1403021, 1403),
(1403031, 'Goweko', 1403031, 1403),
(1403041, 'Igalula', 1403041, 1403),
(1403053, 'Ilolanguru', 1403053, 1403),
(1403063, 'Mabama', 1403063, 1403),
(1403071, 'Ndono', 1403071, 1403),
(1403081, 'Ufulumwa', 1403081, 1403),
(1403091, 'Usagari', 1403091, 1403),
(1403101, 'Ibiri', 1403101, 1403),
(1403111, 'Bukumbi', 1403111, 1403),
(1403121, 'Ikongolo', 1403121, 1403),
(1403131, 'Upuge', 1403131, 1403),
(1403141, 'Magiri', 1403141, 1403),
(1403151, 'Isikizya', 1403151, 1403),
(1403161, 'Shitage', 1403161, 1403),
(1403171, 'Loya', 1403171, 1403),
(1403181, 'Miswaki', 1403181, 1403),
(1403191, 'Tura', 1403191, 1403),
(1403201, 'Nsololo', 1403201, 1403),
(1403211, 'Kigwa', 1403211, 1403),
(1403221, 'Miyenze', 1403221, 1403),
(1403231, 'Nsimbo', 1403231, 1403),
(1403241, 'Ibelamilundi', 1403241, 1403),
(1404011, 'Kapilula', 1404011, 1404),
(1404023, 'Urambo', 1404023, 1404),
(1404031, 'Vumilia', 1404031, 1404),
(1404041, 'Muungano', 1404041, 1404),
(1404051, 'Songambele', 1404051, 1404),
(1404061, 'Uyogo', 1404061, 1404),
(1404071, 'Kiloleni', 1404071, 1404),
(1404081, 'Ussoke', 1404081, 1404),
(1404091, 'Uyumbu', 1404091, 1404),
(1404101, 'Ugalla', 1404101, 1404),
(1404111, 'Usisya', 1404111, 1404),
(1404121, 'Itundu', 1404121, 1404),
(1404131, 'Kasisi', 1404131, 1404),
(1404141, 'Imalamakoye', 1404141, 1404),
(1404151, 'Nsenda', 1404151, 1404),
(1404161, 'Ukondamoyo', 1404161, 1404),
(1405011, 'Tutuo', 1405011, 1405),
(1405021, 'Chabutwa', 1405021, 1405),
(1405031, 'Kiloleli', 1405031, 1405),
(1405041, 'Kipanga', 1405041, 1405),
(1405053, 'Sikonge', 1405053, 1405),
(1405061, 'Igigwa', 1405061, 1405),
(1405071, 'Kitunda', 1405071, 1405),
(1405081, 'Kiloli', 1405081, 1405),
(1405091, 'Kipili', 1405091, 1405),
(1405101, 'Pangale', 1405101, 1405),
(1405111, 'Ipole', 1405111, 1405),
(1405121, 'Ngoywa', 1405121, 1405),
(1405131, 'Kisanga', 1405131, 1405),
(1405141, 'Misheni', 1405141, 1405),
(1405151, 'Mole', 1405151, 1405),
(1405161, 'Mpombwe', 1405161, 1405),
(1405171, 'Usunga', 1405171, 1405),
(1406012, 'Kanyenye', 1406012, 1406),
(1406022, 'Gongoni', 1406022, 1406),
(1406032, 'Mbugani', 1406032, 1406),
(1406042, 'Chemchem', 1406042, 1406),
(1406052, 'Tambukareli', 1406052, 1406),
(1406062, 'Kiloleni', 1406062, 1406),
(1406072, 'Mtendeni', 1406072, 1406),
(1406082, 'Isevya', 1406082, 1406),
(1406092, 'Ipuli', 1406092, 1406),
(1406102, 'Cheyo', 1406102, 1406),
(1406112, 'Kitete', 1406112, 1406),
(1406122, 'Ng`ambo', 1406122, 1406),
(1406132, 'Malolo', 1406132, 1406),
(1406141, 'Kakola', 1406141, 1406),
(1406151, 'Uyui', 1406151, 1406),
(1406161, 'Itonjanda', 1406161, 1406),
(1406171, 'Ndevelwa', 1406171, 1406),
(1406181, 'Itetemia', 1406181, 1406),
(1406191, 'Tumbi', 1406191, 1406),
(1406201, 'Kalunde', 1406201, 1406),
(1406211, 'Misha', 1406211, 1406),
(1406221, 'Kabila', 1406221, 1406),
(1406231, 'Ikomwa', 1406231, 1406),
(1406241, 'Ifucha', 1406241, 1406),
(1406251, 'Ntalikwa', 1406251, 1406),
(1407011, 'Ukumbisiganga', 1407011, 1407),
(1407021, 'Zugimlole', 1407021, 1407),
(1407031, 'Ushokola', 1407031, 1407),
(1407041, 'Ugunga', 1407041, 1407),
(1407053, 'Kaliua', 1407053, 1407),
(1407061, 'Usinge', 1407061, 1407),
(1407071, 'Igagala', 1407071, 1407),
(1407081, 'Kamsekwa', 1407081, 1407),
(1407091, 'Kazaroho', 1407091, 1407),
(1407101, 'Igwisi', 1407101, 1407),
(1407111, 'Uyowa', 1407111, 1407),
(1407121, 'Silambo', 1407121, 1407),
(1407131, 'Kashishi', 1407131, 1407),
(1407141, 'Sasu', 1407141, 1407),
(1407151, 'Seleli', 1407151, 1407),
(1407161, 'Ichemba', 1407161, 1407),
(1407171, 'Mwongozo', 1407171, 1407),
(1407181, 'Kanoge', 1407181, 1407),
(1407191, 'Kanindo', 1407191, 1407),
(1407201, 'Milambo', 1407201, 1407),
(1407211, 'Igombe Mkulu', 1407211, 1407),
(1501011, 'Kasanga', 1501011, 1501),
(1501021, 'Mkowe', 1501021, 1501),
(1501031, 'Msanzi', 1501031, 1501),
(1501043, 'Matai', 1501043, 1501),
(1501051, 'Sopa', 1501051, 1501),
(1501061, 'Mwazye', 1501061, 1501),
(1501071, 'Katazi', 1501071, 1501),
(1501081, 'Mwimbi', 1501081, 1501),
(1501091, 'Mambwekenya', 1501091, 1501),
(1501101, 'Mwembenkoswe', 1501101, 1501),
(1501111, 'Legeza mwendo', 1501111, 1501),
(1501121, 'Ulumi', 1501121, 1501),
(1501131, 'Mnamba', 1501131, 1501),
(1501141, 'Katete', 1501141, 1501),
(1501151, 'Kisumba', 1501151, 1501),
(1501161, 'Mkali', 1501161, 1501),
(1501171, 'Kilesha', 1501171, 1501),
(1502011, 'Mfinga', 1502011, 1502),
(1502023, 'Muze', 1502023, 1502),
(1502033, 'Mtowisa', 1502033, 1502),
(1502041, 'Milepa', 1502041, 1502),
(1502051, 'Sandulula', 1502051, 1502),
(1502061, 'Kaengesa', 1502061, 1502),
(1502071, 'Mpui', 1502071, 1502),
(1502081, 'Msanda Muungano', 1502081, 1502),
(1502091, 'Ilemba', 1502091, 1502),
(1502101, 'Kipeta', 1502101, 1502),
(1502111, 'Kaoze', 1502111, 1502),
(1502121, 'Miangalua', 1502121, 1502),
(1502131, 'Kalambanzite', 1502131, 1502),
(1502141, 'Lusaka', 1502141, 1502),
(1502152, 'Laela', 1502152, 1502),
(1503013, 'Korongwe', 1503013, 1503),
(1503021, 'Mtenga', 1503021, 1503),
(1503031, 'Mkwamba', 1503031, 1503),
(1503043, 'Chala', 1503043, 1503),
(1503051, 'Kipande', 1503051, 1503),
(1503061, 'Isale', 1503061, 1503),
(1503071, 'Kate', 1503071, 1503),
(1503081, 'Sintali', 1503081, 1503),
(1503091, 'Kala', 1503091, 1503),
(1503101, 'Wampembe', 1503101, 1503),
(1503111, 'Ninde', 1503111, 1503),
(1503123, 'Kirando', 1503123, 1503),
(1503133, 'Kabwe', 1503133, 1503),
(1503141, 'Kipili', 1503141, 1503),
(1503151, 'Nkandasi', 1503151, 1503),
(1503162, 'Namanyere', 1503162, 1503),
(1503172, 'Nkomolo', 1503172, 1503),
(1504012, 'Malangali', 1504012, 1504),
(1504022, 'Mazwi', 1504022, 1504),
(1504032, 'Izia', 1504032, 1504),
(1504042, 'Katandala', 1504042, 1504),
(1504052, 'Old Sumbawanga', 1504052, 1504),
(1504062, 'Kizwite', 1504062, 1504),
(1504071, 'Ntendo', 1504071, 1504),
(1504081, 'Senga', 1504081, 1504),
(1504091, 'Mollo', 1504091, 1504),
(1504101, 'Pito', 1504101, 1504),
(1504111, 'Milanzi', 1504111, 1504),
(1504121, 'Matanga', 1504121, 1504),
(1504131, 'Kasense', 1504131, 1504),
(1504142, 'Majengo', 1504142, 1504),
(1504152, 'Chanji', 1504152, 1504),
(1601011, 'Misezero', 1601011, 1601),
(1601021, 'Bitare', 1601021, 1601),
(1601033, 'Kibondo', 1601033, 1601),
(1601041, 'Murungu', 1601041, 1601),
(1601051, 'Busagara', 1601051, 1601),
(1601061, 'Rugongwe', 1601061, 1601),
(1601071, 'Busunzu', 1601071, 1601),
(1601081, 'Kumsenga', 1601081, 1601),
(1601091, 'Kizazi', 1601091, 1601),
(1601103, 'Mabamba', 1601103, 1601),
(1601111, 'Bunyanbo', 1601111, 1601),
(1601121, 'Itaba', 1601121, 1601),
(1601131, 'Kitahana', 1601131, 1601),
(1602011, 'Kitanga', 1602011, 1602),
(1602021, 'Herushingo', 1602021, 1602),
(1602031, 'Nyamidaho', 1602031, 1602),
(1602041, 'Kitagata', 1602041, 1602),
(1602051, 'Nyachenda', 1602051, 1602),
(1602061, 'Buhoro', 1602061, 1602),
(1602071, 'Nyamnyusi', 1602071, 1602),
(1602081, 'Nyakitonto', 1602081, 1602),
(1602091, 'Kagerankanda', 1602091, 1602),
(1602101, 'Kurugongo', 1602101, 1602),
(1602111, 'Rungwe Mpya', 1602111, 1602),
(1602121, 'Asantenyerere', 1602121, 1602),
(1602131, 'Titye', 1602131, 1602),
(1602141, 'Shunguliba', 1602141, 1602),
(1602151, 'Muzye', 1602151, 1602),
(1602161, 'Bugaga', 1602161, 1602),
(1602171, 'Kigembe', 1602171, 1602),
(1602183, 'Rusesa', 1602183, 1602),
(1602191, 'Kwaga', 1602191, 1602),
(1603011, 'Kagunga', 1603011, 1603),
(1603021, 'Mkigo', 1603021, 1603),
(1603031, 'Mwamgongo', 1603031, 1603),
(1603041, 'Kalinzi', 1603041, 1603),
(1603051, 'Bitale', 1603051, 1603),
(1603061, 'Mkongoro', 1603061, 1603),
(1603071, 'Mahembe', 1603071, 1603),
(1603081, 'Matendo', 1603081, 1603),
(1603091, 'Mungonya', 1603091, 1603),
(1603101, 'Kagongo', 1603101, 1603),
(1603113, 'Mwandiga', 1603113, 1603),
(1604012, 'Gungu', 1604012, 1604),
(1604022, 'Kibirizi', 1604022, 1604),
(1604032, 'Buhanda', 1604032, 1604),
(1604042, 'Businde', 1604042, 1604),
(1604052, 'Machinjioni', 1604052, 1604),
(1604062, 'Kagera', 1604062, 1604),
(1604072, 'Kasimbu', 1604072, 1604),
(1604082, 'Rubuga', 1604082, 1604),
(1604092, 'Kasingirima', 1604092, 1604),
(1604102, 'Majengo', 1604102, 1604),
(1604112, 'Kitongoni', 1604112, 1604),
(1604122, 'Kipampa', 1604122, 1604),
(1604132, 'Rusimbi', 1604132, 1604),
(1604142, 'Buzebazeba', 1604142, 1604),
(1604152, 'Mwanga Kusini', 1604152, 1604),
(1604162, 'Kigoma', 1604162, 1604),
(1604172, 'Bangwe', 1604172, 1604),
(1604182, 'Mwanga Kaskazini', 1604182, 1604),
(1604192, 'Katubuka', 1604192, 1604),
(1605011, 'Kalya', 1605011, 1605),
(1605021, 'Buhingu', 1605021, 1605),
(1605031, 'Igalula', 1605031, 1605),
(1605041, 'Sigunga', 1605041, 1605),
(1605051, 'Sunuka', 1605051, 1605),
(1605061, 'Ilagala', 1605061, 1605),
(1605071, 'Simbo', 1605071, 1605),
(1605081, 'Kandaga', 1605081, 1605),
(1605091, 'Kazuramimba', 1605091, 1605),
(1605103, 'Uvinza', 1605103, 1605),
(1605111, 'Mganza', 1605111, 1605),
(1605121, 'Mtego wa Noti', 1605121, 1605),
(1605133, 'Nguruka', 1605133, 1605),
(1605141, 'Itebula', 1605141, 1605),
(1606011, 'Nyamugali', 1606011, 1606),
(1606021, 'Biharu', 1606021, 1606),
(1606031, 'Muyama', 1606031, 1606),
(1606041, 'Kajana', 1606041, 1606),
(1606051, 'Mugera', 1606051, 1606),
(1606061, 'Kilelema', 1606061, 1606),
(1606071, 'Munyegera', 1606071, 1606),
(1606081, 'Buhigwe', 1606081, 1606),
(1606091, 'Kibande', 1606091, 1606),
(1606101, 'Janda', 1606101, 1606),
(1606111, 'Munzeze', 1606111, 1606),
(1606121, 'Rusaba', 1606121, 1606),
(1606131, 'Muhinda', 1606131, 1606),
(1606141, 'Munanila', 1606141, 1606),
(1606151, 'Mwayaya', 1606151, 1606),
(1607011, 'Nyabibuye', 1607011, 1607),
(1607021, 'Nyamtukuza', 1607021, 1607),
(1607031, 'Muhange', 1607031, 1607),
(1607041, 'Kasuga', 1607041, 1607),
(1607053, 'Kakonko', 1607053, 1607),
(1607061, 'Kiziguzigu', 1607061, 1607),
(1607071, 'Rugenge', 1607071, 1607),
(1607081, 'Kasanda', 1607081, 1607),
(1607091, 'Gwanumpu', 1607091, 1607),
(1607101, 'Katanga', 1607101, 1607),
(1607111, 'Mugunzu', 1607111, 1607),
(1608011, 'Muganza', 1608011, 1608),
(1608021, 'Kigondo', 1608021, 1608),
(1608031, 'Msambara', 1608031, 1608),
(1608041, 'Ruhita', 1608041, 1608),
(1608051, 'Nyumbigwa', 1608051, 1608),
(1608061, 'Murufiti', 1608061, 1608),
(1608071, 'Nyansha', 1608071, 1608),
(1608082, 'Kasulu Mjini', 1608082, 1608),
(1608091, 'Muhunga', 1608091, 1608),
(1701011, 'Mwamalili', 1701011, 1701),
(1701021, 'Kolandoto', 1701021, 1701),
(1701032, 'Ngokolo', 1701032, 1701),
(1701043, 'Ibadakuli', 1701043, 1701),
(1701052, 'Shinyanga Mjini', 1701052, 1701),
(1701062, 'Chamaguha', 1701062, 1701),
(1701072, 'Ibinzamata', 1701072, 1701),
(1701082, 'Kitangili', 1701082, 1701),
(1701091, 'Kizumbi', 1701091, 1701),
(1701101, 'Mwawaza', 1701101, 1701),
(1701112, 'Ndala', 1701112, 1701),
(1701122, 'Kambarage', 1701122, 1701),
(1701131, 'Chibe', 1701131, 1701),
(1701142, 'Lubaga', 1701142, 1701),
(1701152, 'Ndembezi', 1701152, 1701),
(1701162, 'Masekelo', 1701162, 1701),
(1701173, 'Old Shinyanga', 1701173, 1701),
(1702011, 'Bunambiyu', 1702011, 1702),
(1702021, 'Bubiki', 1702021, 1702),
(1702033, 'Songwa', 1702033, 1702),
(1702041, 'Seke-Bugoro', 1702041, 1702),
(1702051, 'Mondo', 1702051, 1702),
(1702063, 'Mwadui Lohumbo', 1702063, 1702),
(1702071, 'Uchunga', 1702071, 1702),
(1702083, 'Kishapu', 1702083, 1702),
(1702091, 'Mwakipoya', 1702091, 1702),
(1702101, 'Shagihilu', 1702101, 1702),
(1702111, 'Somagedi', 1702111, 1702),
(1702121, 'Mwamalasa', 1702121, 1702),
(1702131, 'Masanga', 1702131, 1702),
(1702141, 'Lagana', 1702141, 1702),
(1702151, 'Mwamashele', 1702151, 1702),
(1702161, 'Ngofila', 1702161, 1702),
(1702171, 'Kiloleli', 1702171, 1702),
(1702181, 'Ukenyenge', 1702181, 1702),
(1702191, 'Talaga', 1702191, 1702),
(1702201, 'Itilima', 1702201, 1702),
(1703011, 'Imesela', 1703011, 1703),
(1703021, 'Usule', 1703021, 1703),
(1703031, 'Ilola', 1703031, 1703),
(1703041, 'Didia', 1703041, 1703),
(1703051, 'Itwangi', 1703051, 1703),
(1703063, 'Tinde', 1703063, 1703),
(1703071, 'Mwakitolyo', 1703071, 1703),
(1703081, 'Salawe', 1703081, 1703),
(1703091, 'Solwa', 1703091, 1703),
(1703101, 'Iselamagazi', 1703101, 1703),
(1703111, 'Lyabukande', 1703111, 1703),
(1703121, 'Mwantini', 1703121, 1703),
(1703131, 'Pandagichiza', 1703131, 1703),
(1703141, 'Mwamala', 1703141, 1703),
(1703151, 'Samuye', 1703151, 1703),
(1703161, 'Usanda', 1703161, 1703),
(1703171, 'Puni', 1703171, 1703),
(1703181, 'Nyida', 1703181, 1703),
(1703191, 'Nsalala', 1703191, 1703),
(1703201, 'Bukene', 1703201, 1703),
(1703211, 'Masengwa', 1703211, 1703),
(1703221, 'Mwenge', 1703221, 1703),
(1703231, 'Lyabusalu', 1703231, 1703),
(1703241, 'Mwalukwa', 1703241, 1703),
(1703251, 'Nyamalogo', 1703251, 1703),
(1703261, 'Lyamidati', 1703261, 1703),
(1704013, 'Bulyanhulu', 1704013, 1704),
(1704023, 'Bugarama', 1704023, 1704),
(1704031, 'Lunguya', 1704031, 1704),
(1704041, 'Shilela', 1704041, 1704),
(1704053, 'Segese', 1704053, 1704),
(1704061, 'Mega', 1704061, 1704),
(1704071, 'Chela', 1704071, 1704),
(1704081, 'Busangi', 1704081, 1704),
(1704091, 'Ntobo', 1704091, 1704),
(1704101, 'Ngaya', 1704101, 1704),
(1704111, 'Bulige', 1704111, 1704),
(1704121, 'Kashishi', 1704121, 1704),
(1704131, 'Mwanase', 1704131, 1704),
(1704141, 'Mwalugulu', 1704141, 1704),
(1704151, 'Jana', 1704151, 1704),
(1704163, 'Isaka', 1704163, 1704),
(1704171, 'Chona', 1704171, 1704),
(1704181, 'Chambo', 1704181, 1704),
(1704191, 'Kisuke', 1704191, 1704),
(1704201, 'Mapamba', 1704201, 1704),
(1704211, 'Bukomela', 1704211, 1704),
(1704221, 'Ukune', 1704221, 1704),
(1704231, 'Igunda', 1704231, 1704),
(1704241, 'Kinamapula', 1704241, 1704),
(1704251, 'Igwamanoni', 1704251, 1704),
(1704261, 'Mpunze', 1704261, 1704),
(1704271, 'Sabasabini', 1704271, 1704),
(1704281, 'Idahina', 1704281, 1704),
(1704291, 'Bulungwa', 1704291, 1704),
(1704301, 'Nyankende', 1704301, 1704),
(1704311, 'Ulewe', 1704311, 1704),
(1704321, 'Ushetu', 1704321, 1704),
(1704331, 'Uyogo', 1704331, 1704),
(1704343, 'Ulowa', 1704343, 1704),
(1704351, 'Ubagwe', 1704351, 1704),
(1705011, 'Ngogwa', 1705011, 1705),
(1705021, 'Wendele', 1705021, 1705),
(1705031, 'Kinaga', 1705031, 1705),
(1705041, 'Isagehe', 1705041, 1705),
(1705051, 'Mondo', 1705051, 1705),
(1705063, 'Kagongwa', 1705063, 1705),
(1705073, 'Nyahanga', 1705073, 1705),
(1705083, 'Malunga', 1705083, 1705),
(1705093, 'Mhongolo', 1705093, 1705),
(1705103, 'Mwendakulima', 1705103, 1705),
(1705111, 'Zongomera', 1705111, 1705),
(1705123, 'Mhungula', 1705123, 1705),
(1705132, 'Nyihogo', 1705132, 1705),
(1705143, 'Nyasubi', 1705143, 1705),
(1705152, 'Kahama Mjini', 1705152, 1705),
(1705163, 'Majengo', 1705163, 1705),
(1705171, 'Busoka', 1705171, 1705),
(1705181, 'Kilago', 1705181, 1705),
(1705191, 'Iyenze', 1705191, 1705),
(1705201, 'Nyandekwa', 1705201, 1705),
(1801011, 'Igurwa', 1801011, 1801),
(1801021, 'Kanoni', 1801021, 1801),
(1801031, 'Kihanga', 1801031, 1801),
(1801041, 'Kituntu', 1801041, 1801),
(1801051, 'Chanika', 1801051, 1801),
(1801063, 'Kayanga', 1801063, 1801),
(1801073, 'Bugene', 1801073, 1801),
(1801083, 'Ndama', 1801083, 1801),
(1801091, 'Rugera', 1801091, 1801),
(1801101, 'Ihembe', 1801101, 1801),
(1801111, 'Nyaishozi', 1801111, 1801),
(1801121, 'Rugu', 1801121, 1801),
(1801131, 'Nyakasimbi', 1801131, 1801),
(1801141, 'Nyakakika', 1801141, 1801),
(1801151, 'Nyakabanga', 1801151, 1801),
(1801161, 'Bweranyange', 1801161, 1801),
(1801171, 'Kibondo', 1801171, 1801),
(1801181, 'Nyabiyonza', 1801181, 1801),
(1801191, 'Kiruruma', 1801191, 1801),
(1801203, 'Nyakahanga', 1801203, 1801),
(1801211, 'Ihanda', 1801211, 1801),
(1801221, 'Chonyonyo', 1801221, 1801),
(1802011, 'Rubafu', 1802011, 1802),
(1802021, 'Kishanje', 1802021, 1802),
(1802031, 'Kaagya', 1802031, 1802),
(1802041, 'Buhendangabo', 1802041, 1802),
(1802051, 'Nyakato', 1802051, 1802),
(1802061, 'Katoma', 1802061, 1802),
(1802071, 'Karabagaine', 1802071, 1802),
(1802081, 'Bujugo', 1802081, 1802),
(1802091, 'Maruku', 1802091, 1802),
(1802101, 'Kanyangereko', 1802101, 1802),
(1802111, 'Katerero', 1802111, 1802),
(1802123, 'Kemondo', 1802123, 1802),
(1802131, 'Nyakibimbili', 1802131, 1802),
(1802141, 'Ibwera', 1802141, 1802),
(1802151, 'Mikoni', 1802151, 1802),
(1802161, 'Butelankuzi', 1802161, 1802),
(1802171, 'Rubale', 1802171, 1802),
(1802181, 'Rukoma', 1802181, 1802),
(1802191, 'Kikomero', 1802191, 1802),
(1802201, 'Kibirizi', 1802201, 1802),
(1802211, 'Izimbya', 1802211, 1802),
(1802221, 'Butulage', 1802221, 1802),
(1802231, 'Ruhunga', 1802231, 1802),
(1802241, 'Mugajwale', 1802241, 1802),
(1802251, 'Kyamulaile', 1802251, 1802),
(1802263, 'Katoro', 1802263, 1802),
(1802271, 'Kaibanja', 1802271, 1802),
(1802281, 'Kasharu', 1802281, 1802),
(1802291, 'Kishogo', 1802291, 1802),
(1803011, 'Muhutwe', 1803011, 1803),
(1803021, 'Mayondwe', 1803021, 1803),
(1803031, 'Goziba', 1803031, 1803),
(1803041, 'Kerebe', 1803041, 1803),
(1803051, 'Bumbire', 1803051, 1803),
(1803061, 'Ikuza', 1803061, 1803),
(1803071, 'Izigo', 1803071, 1803),
(1803081, 'Katoke', 1803081, 1803),
(1803091, 'Kagoma', 1803091, 1803),
(1803101, 'Kikuku', 1803101, 1803),
(1803111, 'Bureza', 1803111, 1803),
(1803123, 'Muleba', 1803123, 1803),
(1803131, 'Ikondo', 1803131, 1803),
(1803141, 'Buhangaza', 1803141, 1803),
(1803151, 'Mazinga(Kisiwa)', 1803151, 1803),
(1803161, 'Magata(Karutanga)', 1803161, 1803),
(1803171, 'Gwanseli', 1803171, 1803),
(1803181, 'Kibanga', 1803181, 1803),
(1803191, 'Kasharunga', 1803191, 1803),
(1803201, 'Rulanda', 1803201, 1803),
(1803211, 'Kimwani', 1803211, 1803),
(1803221, 'Nyakabango', 1803221, 1803),
(1803231, 'Kyebitembe', 1803231, 1803),
(1803241, 'Karambi', 1803241, 1803),
(1803251, 'Mubunda', 1803251, 1803),
(1803261, 'Bisheke', 1803261, 1803),
(1803271, 'Burungura', 1803271, 1803),
(1803281, 'Biirabo', 1803281, 1803),
(1803291, 'Mushabago', 1803291, 1803),
(1803301, 'Nyakatanga', 1803301, 1803),
(1803311, 'Ngenge', 1803311, 1803),
(1803321, 'Rutoro', 1803321, 1803),
(1803331, 'Kabirizi', 1803331, 1803),
(1803343, 'Nshamba', 1803343, 1803),
(1803351, 'Kashasha', 1803351, 1803),
(1803361, 'Ijumbi', 1803361, 1803),
(1803371, 'Kishanda', 1803371, 1803),
(1803381, 'Buganguzi', 1803381, 1803),
(1803391, 'Ibuga', 1803391, 1803),
(1803401, 'Bulyakashaju', 1803401, 1803),
(1803413, 'Kamachumu', 1803413, 1803),
(1803421, 'Ruhanga', 1803421, 1803),
(1803431, 'Mafumbo', 1803431, 1803),
(1804011, 'Nyakahura', 1804011, 1804),
(1804021, 'Ruziba', 1804021, 1804),
(1804033, 'Biharamulo Mjini', 1804033, 1804),
(1804041, 'Bisibo', 1804041, 1804),
(1804051, 'Nyarubungo', 1804051, 1804),
(1804061, 'Nyamahanga', 1804061, 1804),
(1804071, 'Runazi', 1804071, 1804),
(1804081, 'Kabindi', 1804081, 1804),
(1804091, 'Nyamigogo', 1804091, 1804),
(1804101, 'Nyabusozi', 1804101, 1804),
(1804111, 'Nemba', 1804111, 1804),
(1804121, 'Lusahunga', 1804121, 1804),
(1804131, 'Kaniha', 1804131, 1804),
(1804141, 'Nyantakara', 1804141, 1804),
(1804151, 'Kalenge', 1804151, 1804),
(1805011, 'Rusumo', 1805011, 1805),
(1805021, 'Nyakisasa', 1805021, 1805),
(1805033, 'Rulenge', 1805033, 1805),
(1805041, 'Keza', 1805041, 1805),
(1805051, 'Murusagamba', 1805051, 1805),
(1805061, 'Muganza', 1805061, 1805),
(1805071, 'Bugarama', 1805071, 1805),
(1805081, 'Bukiriro', 1805081, 1805),
(1805093, 'Kabanga', 1805093, 1805),
(1805101, 'Mabawe', 1805101, 1805),
(1805111, 'Kanazi', 1805111, 1805),
(1805121, 'Mugoma', 1805121, 1805),
(1805131, 'Kirushya', 1805131, 1805),
(1805141, 'Ntobeye', 1805141, 1805),
(1805151, 'Nyamiyaga', 1805151, 1805),
(1805163, 'Ngara Mjini', 1805163, 1805),
(1805171, 'Kibimba', 1805171, 1805),
(1805181, 'Mbuba', 1805181, 1805),
(1805191, 'Murukulazo', 1805191, 1805),
(1805201, 'Kasulo', 1805201, 1805),
(1806012, 'Hamugembe', 1806012, 1806),
(1806022, 'Nshambya', 1806022, 1806),
(1806032, 'Buhembe', 1806032, 1806),
(1806042, 'Kahororo', 1806042, 1806),
(1806052, 'Kashai', 1806052, 1806),
(1806062, 'Miembeni', 1806062, 1806),
(1806072, 'Bilele', 1806072, 1806),
(1806082, 'Bakoba', 1806082, 1806),
(1806092, 'Ijuganyondo', 1806092, 1806),
(1806102, 'Kitendaguro', 1806102, 1806),
(1806112, 'Kibeta', 1806112, 1806),
(1806122, 'Kagondo', 1806122, 1806),
(1806132, 'Nyanga', 1806132, 1806),
(1806142, 'Rwamishenye', 1806142, 1806),
(1807011, 'Kakunyu', 1807011, 1807),
(1807021, 'Nsunga', 1807021, 1807),
(1807033, 'Mutukula', 1807033, 1807),
(1807043, 'Kassambya', 1807043, 1807),
(1807051, 'Minziro', 1807051, 1807),
(1807061, 'Ruzinga', 1807061, 1807),
(1807071, 'Kashenye', 1807071, 1807),
(1807081, 'Kanyigo', 1807081, 1807),
(1807091, 'Ishunju', 1807091, 1807),
(1807101, 'Buyango', 1807101, 1807),
(1807111, 'Bwanjai', 1807111, 1807),
(1807121, 'Ishozi', 1807121, 1807),
(1807131, 'Gera', 1807131, 1807),
(1807141, 'Bugandika', 1807141, 1807),
(1807151, 'Kitobo', 1807151, 1807),
(1807161, 'Bugorora', 1807161, 1807),
(1807173, 'Kyaka', 1807173, 1807),
(1807181, 'Mushasha', 1807181, 1807),
(1807191, 'Kilimilile', 1807191, 1807),
(1807201, 'Mabale', 1807201, 1807),
(1808011, 'Isingiro', 1808011, 1808),
(1808021, 'Kaisho', 1808021, 1808),
(1808031, 'Rutunguru', 1808031, 1808),
(1808041, 'Kibingo', 1808041, 1808),
(1808051, 'Murongo', 1808051, 1808),
(1808061, 'Bugomora', 1808061, 1808),
(1808071, 'Kibale', 1808071, 1808),
(1808081, 'Mabira', 1808081, 1808),
(1808091, 'Businde', 1808091, 1808),
(1808101, 'Kamuli', 1808101, 1808),
(1808111, 'Nyakatuntu', 1808111, 1808),
(1808121, 'Kimuli', 1808121, 1808),
(1808131, 'Kikukuru', 1808131, 1808),
(1808141, 'Rwabwere', 1808141, 1808),
(1808151, 'Nkwenda', 1808151, 1808),
(1808161, 'Rukuraijo', 1808161, 1808),
(1808171, 'Songambele', 1808171, 1808),
(1808181, 'Kyerwa', 1808181, 1808),
(1901012, 'Nansio', 1901012, 1901),
(1901022, 'Kagera', 1901022, 1901),
(1901032, 'Nakatunguru', 1901032, 1901),
(1901041, 'Kakerege', 1901041, 1901),
(1901053, 'Bukongo', 1901053, 1901),
(1901063, 'Nkilizya', 1901063, 1901),
(1901071, 'Bukanda', 1901071, 1901),
(1901081, 'Mukituntu', 1901081, 1901),
(1901091, 'Igalla', 1901091, 1901),
(1901101, 'Bwiro', 1901101, 1901),
(1901113, 'Muriti', 1901113, 1901),
(1901121, 'Ilangala', 1901121, 1901),
(1901131, 'Namilembe', 1901131, 1901),
(1901141, 'Nduruma', 1901141, 1901),
(1901151, 'Murutunguru', 1901151, 1901),
(1901161, 'Kagunguli', 1901161, 1901),
(1901171, 'Bukindo', 1901171, 1901),
(1901181, 'Namagondo', 1901181, 1901),
(1901191, 'Ngoma', 1901191, 1901),
(1901201, 'Bwisya', 1901201, 1901),
(1901211, 'Bukungu', 1901211, 1901),
(1901221, 'Nyamanga', 1901221, 1901),
(1901231, 'Bukiko', 1901231, 1901),
(1901241, 'Irugwa', 1901241, 1901),
(1902013, 'Kisesa', 1902013, 1902),
(1902021, 'Bujashi', 1902021, 1902),
(1902031, 'Lutale', 1902031, 1902),
(1902041, 'Kongolo', 1902041, 1902),
(1902053, 'Nyanguge', 1902053, 1902),
(1902061, 'Kitongo Sima', 1902061, 1902),
(1902071, 'Mwamanga', 1902071, 1902),
(1902081, 'Kahangara', 1902081, 1902),
(1902091, 'Nyigogo', 1902091, 1902),
(1902101, 'Mwamabanza', 1902101, 1902),
(1902111, 'Sukuma', 1902111, 1902),
(1902121, 'Lubugu', 1902121, 1902),
(1902131, 'Ng''haya', 1902131, 1902),
(1902141, 'Nkungulu', 1902141, 1902),
(1902151, 'Jinjimili', 1902151, 1902),
(1902161, 'Shishani', 1902161, 1902),
(1902172, 'Magu Mjini', 1902172, 1902),
(1902181, 'Bukandwe', 1902181, 1902),
(1903012, 'Mikuyuni', 1903012, 1903),
(1903022, 'Igogo', 1903022, 1903),
(1903032, 'Pamba', 1903032, 1903),
(1903042, 'Nyamagana', 1903042, 1903),
(1903052, 'Mirongo', 1903052, 1903),
(1903062, 'Isamilo', 1903062, 1903),
(1903072, 'Mbugani', 1903072, 1903),
(1903082, 'Mahina', 1903082, 1903),
(1903092, 'Igoma', 1903092, 1903),
(1903102, 'Buhongwa', 1903102, 1903),
(1903112, 'Mkolani', 1903112, 1903),
(1903122, 'Butimba', 1903122, 1903),
(1904011, 'Walla', 1904011, 1904),
(1904021, 'Bungulwa', 1904021, 1904),
(1904031, 'Sumve', 1904031, 1904),
(1904041, 'Mantare', 1904041, 1904),
(1904051, 'Ngulla', 1904051, 1904),
(1904061, 'Mwabomba', 1904061, 1904),
(1904071, 'Mwagi', 1904071, 1904),
(1904081, 'Iseni', 1904081, 1904),
(1904091, 'Nyambiti', 1904091, 1904),
(1904101, 'Maligisu', 1904101, 1904),
(1904111, 'Mwandu', 1904111, 1904),
(1904123, 'Malya', 1904123, 1904),
(1904131, 'Lyoma', 1904131, 1904),
(1904141, 'Mwang''halanga', 1904141, 1904),
(1904151, 'Nyamilama', 1904151, 1904),
(1904161, 'Mwakilyambiti', 1904161, 1904),
(1904171, 'Hungumalwa', 1904171, 1904),
(1904181, 'Mwamala', 1904181, 1904),
(1904191, 'Kikubiji', 1904191, 1904),
(1904201, 'Mhande', 1904201, 1904),
(1904211, 'Bupamwa', 1904211, 1904),
(1904221, 'Fukalo', 1904221, 1904),
(1904231, 'Ng''hundi', 1904231, 1904),
(1904241, 'Igongwa', 1904241, 1904),
(1904252, 'Ngudu', 1904252, 1904),
(1904261, 'Bugando', 1904261, 1904),
(1904271, 'Nkalalo', 1904271, 1904),
(1904281, 'Mwankulwe', 1904281, 1904),
(1904291, 'Ilula', 1904291, 1904),
(1904301, 'Shilembo', 1904301, 1904),
(1905012, 'Ibisabageni', 1905012, 1905),
(1905021, 'Nyamazugo', 1905021, 1905),
(1905031, 'Chifunfu', 1905031, 1905),
(1905041, 'Katunguru', 1905041, 1905),
(1905051, 'Kasungamile', 1905051, 1905),
(1905061, 'Nyamatongo', 1905061, 1905),
(1905071, 'Tabaruka', 1905071, 1905),
(1905081, 'Busisi', 1905081, 1905),
(1905091, 'Buyagu', 1905091, 1905),
(1905101, 'Igalula', 1905101, 1905),
(1905111, 'Kagunga', 1905111, 1905),
(1905121, 'Sima', 1905121, 1905),
(1905131, 'Nyakasungwa', 1905131, 1905),
(1905141, 'Kalebezo', 1905141, 1905),
(1905151, 'Nyehunge', 1905151, 1905),
(1905161, 'Kafunzo', 1905161, 1905),
(1905171, 'Bupandwa', 1905171, 1905),
(1905181, 'Katwe', 1905181, 1905),
(1905191, 'Maisome', 1905191, 1905),
(1905201, 'Kazunzu', 1905201, 1905),
(1905211, 'Lugata', 1905211, 1905),
(1905221, 'Nyakaliro', 1905221, 1905),
(1905231, 'Nyakasasa', 1905231, 1905),
(1905241, 'Buzilasoga', 1905241, 1905),
(1905251, 'Nyanzenda', 1905251, 1905),
(1905261, 'Bulyaheke', 1905261, 1905),
(1905271, 'Irenza', 1905271, 1905),
(1905281, 'Kasenyi', 1905281, 1905),
(1905292, 'Mwabaluhi', 1905292, 1905),
(1905302, 'Nyatukala', 1905302, 1905),
(1905312, 'Nyampulukano', 1905312, 1905),
(1905321, 'Nyampande', 1905321, 1905),
(1905331, 'Kishinda', 1905331, 1905),
(1905341, 'Igulumuki', 1905341, 1905),
(1906012, 'Buswelu', 1906012, 1906),
(1906022, 'Nyakato', 1906022, 1906),
(1906032, 'Nyamanoro', 1906032, 1906),
(1906042, 'Kirumba', 1906042, 1906),
(1906052, 'Kitangiri', 1906052, 1906),
(1906062, 'Pasiansi', 1906062, 1906),
(1906072, 'Ilemela', 1906072, 1906),
(1906082, 'Bugogwa', 1906082, 1906),
(1906092, 'Sangabuye', 1906092, 1906),
(1907011, 'Bulemeji', 1907011, 1907),
(1907021, 'Idetemya', 1907021, 1907),
(1907033, 'Usagara', 1907033, 1907),
(1907041, 'Ukiriguru', 1907041, 1907),
(1907051, 'Kanyelele', 1907051, 1907),
(1907061, 'Koromije', 1907061, 1907),
(1907071, 'Igokelo', 1907071, 1907),
(1907081, 'Mwaniko', 1907081, 1907),
(1907093, 'Misungwi', 1907093, 1907),
(1907103, 'Misasi', 1907103, 1907),
(1907111, 'Kijima', 1907111, 1907),
(1907121, 'Shilalo', 1907121, 1907),
(1907131, 'Buhingo', 1907131, 1907),
(1907141, 'Busongo', 1907141, 1907),
(1907151, 'Nhundulu', 1907151, 1907),
(1907161, 'Lubili', 1907161, 1907),
(1907171, 'Ilujamate', 1907171, 1907),
(1907181, 'Mbarika', 1907181, 1907),
(1907191, 'Sumbugu', 1907191, 1907),
(1907201, 'Kasololo', 1907201, 1907),
(1907211, 'Ilalambogo', 1907211, 1907),
(1907221, 'Isesa', 1907221, 1907),
(1907231, 'Gulumungu', 1907231, 1907),
(1907241, 'Mabuki', 1907241, 1907),
(1907251, 'Mondo', 1907251, 1907),
(1907261, 'Mamaye', 1907261, 1907),
(1907271, 'Fella', 1907271, 1907),
(2001011, 'Susuni', 2001011, 2001),
(2001021, 'Mwema', 2001021, 2001),
(2001033, 'Sirari', 2001033, 2001),
(2001041, 'Pemba', 2001041, 2001),
(2001051, 'Nyakonga', 2001051, 2001),
(2001061, 'Nyarero', 2001061, 2001),
(2001071, 'Nyamwaga', 2001071, 2001),
(2001081, 'Muriba', 2001081, 2001),
(2001091, 'Nyanungu', 2001091, 2001),
(2001101, 'Gorong''a', 2001101, 2001),
(2001111, 'Nyarokoba', 2001111, 2001),
(2001121, 'Kemambo', 2001121, 2001),
(2001131, 'Kibasuka', 2001131, 2001),
(2001141, 'Binagi', 2001141, 2001),
(2001153, 'Turwa', 2001153, 2001),
(2001162, 'Bomani', 2001162, 2001),
(2001171, 'Nyandoto', 2001171, 2001),
(2001183, 'Matongo', 2001183, 2001),
(2001191, 'Manga', 2001191, 2001),
(2001201, 'Bumera', 2001201, 2001),
(2001211, 'Komaswa', 2001211, 2001),
(2001221, 'Kiore', 2001221, 2001),
(2001232, 'Sabasaba', 2001232, 2001),
(2001242, 'Nyamisangura', 2001242, 2001),
(2001251, 'Kentare', 2001251, 2001),
(2001261, 'Nyamaranga', 2001261, 2001),
(2001271, 'Mbogi', 2001271, 2001),
(2001281, 'Genyange', 2001281, 2001),
(2001291, 'Nyansincha', 2001291, 2001),
(2001301, 'Itiryo', 2001301, 2001),
(2002011, 'Kenyamonta', 2002011, 2002),
(2002021, 'Busawe', 2002021, 2002),
(2002031, 'Kisaka', 2002031, 2002),
(2002041, 'Kebanchabancha', 2002041, 2002),
(2002051, 'Ring''wani', 2002051, 2002),
(2002061, 'Rung''abure', 2002061, 2002),
(2002071, 'Machochwe', 2002071, 2002),
(2002081, 'Kisangura', 2002081, 2002),
(2002092, 'Mugumu', 2002092, 2002),
(2002101, 'Ikoma', 2002101, 2002),
(2002111, 'Natta', 2002111, 2002),
(2002123, 'Issenye', 2002123, 2002),
(2002131, 'Rigicha', 2002131, 2002),
(2002141, 'Nyambureti', 2002141, 2002),
(2002151, 'Nyamoko', 2002151, 2002),
(2002161, 'Manchira', 2002161, 2002),
(2002171, 'Kyambahi', 2002171, 2002),
(2002181, 'Nyamatare', 2002181, 2002),
(2002191, 'Majimoto', 2002191, 2002),
(2002201, 'Magange', 2002201, 2002),
(2002211, 'Nyansurura', 2002211, 2002),
(2002221, 'Mosongo', 2002221, 2002),
(2002231, 'Sedeco', 2002231, 2002),
(2002241, 'Mbalibali', 2002241, 2002),
(2002252, 'Stendi Kuu', 2002252, 2002),
(2002261, 'Geitasamo', 2002261, 2002),
(2002273, 'Morotonga', 2002273, 2002),
(2002281, 'Uwanja wa Ndege', 2002281, 2002),
(2003011, 'Bukumi', 2003011, 2003),
(2003021, 'Makojo', 2003021, 2003),
(2003031, 'Bwasi', 2003031, 2003),
(2003041, 'Bulinga', 2003041, 2003),
(2003051, 'Bukima', 2003051, 2003),
(2003061, 'Murangi', 2003061, 2003),
(2003071, 'Bugwema', 2003071, 2003),
(2003081, 'Nyamrandirira', 2003081, 2003),
(2003091, 'Nyambono', 2003091, 2003),
(2003101, 'Suguti', 2003101, 2003),
(2003111, 'Tegeruka', 2003111, 2003),
(2003121, 'Kiriba', 2003121, 2003),
(2003131, 'Busambara', 2003131, 2003),
(2003143, 'Mugango', 2003143, 2003),
(2004013, 'Nyamuswa', 2004013, 2004),
(2004021, 'Salama', 2004021, 2004),
(2004031, 'Mihingo', 2004031, 2004),
(2004041, 'Mugeta', 2004041, 2004),
(2004051, 'Hunyari', 2004051, 2004),
(2004061, 'Mcharo', 2004061, 2004),
(2004071, 'Sazira', 2004071, 2004),
(2004081, 'Kunzugu', 2004081, 2004),
(2004093, 'Bunda Mjini', 2004093, 2004),
(2004101, 'Guta', 2004101, 2004),
(2004111, 'Butimba', 2004111, 2004),
(2004121, 'Neruma', 2004121, 2004),
(2004133, 'Kibara', 2004133, 2004),
(2004141, 'Nansimo', 2004141, 2004),
(2004151, 'Kisorya', 2004151, 2004),
(2004161, 'Igundu', 2004161, 2004),
(2004171, 'Iramba', 2004171, 2004),
(2004181, 'Namhula', 2004181, 2004),
(2004191, 'Wariku', 2004191, 2004),
(2004201, 'Kabasa', 2004201, 2004),
(2004211, 'Nampindi', 2004211, 2004),
(2004221, 'Chitengule', 2004221, 2004),
(2004231, 'Kasuguti', 2004231, 2004),
(2004241, 'Balili', 2004241, 2004),
(2004243, 'Balili', 2004243, 2004),
(2004253, 'Bunda Stoo', 2004253, 2004),
(2004263, 'Nyasura', 2004263, 2004),
(2004271, 'Nyamang''uta', 2004271, 2004),
(2004281, 'Ketare', 2004281, 2004),
(2005012, 'Mukendo', 2005012, 2005),
(2005022, 'Mwigobero ', 2005022, 2005),
(2005032, 'Iringo', 2005032, 2005),
(2005042, 'Kitaji', 2005042, 2005),
(2005052, 'Nyasho', 2005052, 2005),
(2005062, 'Bweri', 2005062, 2005),
(2005072, 'Nyakato', 2005072, 2005),
(2005082, 'Kigera', 2005082, 2005),
(2005092, 'Kamunyonge', 2005092, 2005),
(2005102, 'Nyamatare', 2005102, 2005),
(2005112, 'Mwisenge', 2005112, 2005),
(2005122, 'Buhare ', 2005122, 2005),
(2005132, 'Makoko', 2005132, 2005),
(2006011, 'Kigunga', 2006011, 2006),
(2006021, 'Kirogo', 2006021, 2006),
(2006031, 'Nyamtinga', 2006031, 2006),
(2006041, 'Nyamagaro', 2006041, 2006),
(2006051, 'Nyahongo', 2006051, 2006),
(2006063, 'Mkoma', 2006063, 2006),
(2006071, 'Tai', 2006071, 2006),
(2006081, 'Bukura', 2006081, 2006),
(2006091, 'Roche', 2006091, 2006),
(2006101, 'Kitembe', 2006101, 2006),
(2006111, 'Mirare', 2006111, 2006),
(2006121, 'Goribe', 2006121, 2006),
(2006131, 'Ikoma', 2006131, 2006),
(2006143, 'Koryo', 2006143, 2006),
(2006151, 'Bukwe', 2006151, 2006),
(2006161, 'Nyathorogo', 2006161, 2006),
(2006171, 'Rabour', 2006171, 2006),
(2006181, 'Kisumwa', 2006181, 2006),
(2006191, 'Komuge', 2006191, 2006),
(2006201, 'Nyamunga', 2006201, 2006),
(2006211, 'Kyang''ombe', 2006211, 2006),
(2007011, 'Bwiregi', 2007011, 2007),
(2007021, 'Buswahili', 2007021, 2007),
(2007031, 'Nyamimange', 2007031, 2007),
(2007041, 'Sirorisimba', 2007041, 2007),
(2007051, 'Buhemba', 2007051, 2007),
(2007061, 'Mirwa', 2007061, 2007),
(2007071, 'Muriaza', 2007071, 2007),
(2007083, 'Butiama', 2007083, 2007),
(2007091, 'Masaba', 2007091, 2007),
(2007101, 'Kyanyari', 2007101, 2007),
(2007113, 'Kukirango', 2007113, 2007),
(2007121, 'Buruma', 2007121, 2007),
(2007131, 'Nyakatende', 2007131, 2007),
(2007141, 'Etaro', 2007141, 2007),
(2007151, 'Nyegina', 2007151, 2007),
(2007161, 'Nyankanga', 2007161, 2007),
(2007171, 'Bisumwa', 2007171, 2007),
(2007181, 'Bukabwa', 2007181, 2007),
(2007191, 'Butuguri', 2007191, 2007),
(2007201, 'Busegwe', 2007201, 2007),
(2101011, 'Magara', 2101011, 2101),
(2101021, 'Nkaiti', 2101021, 2101),
(2101031, 'Mwada', 2101031, 2101),
(2101041, 'Mamire', 2101041, 2101),
(2101053, 'Gallapo', 2101053, 2101),
(2101061, 'Qash', 2101061, 2101),
(2101071, 'Ayasanda', 2101071, 2101),
(2101081, 'Gidas', 2101081, 2101),
(2101091, 'Duru', 2101091, 2101),
(2101101, 'Riroda', 2101101, 2101),
(2101111, 'Arri', 2101111, 2101),
(2101123, 'Dareda', 2101123, 2101),
(2101131, 'Dabil', 2101131, 2101),
(2101141, 'Ufana', 2101141, 2101),
(2101151, 'Bashnet', 2101151, 2101),
(2101161, 'Madunga', 2101161, 2101),
(2101171, 'Kiru', 2101171, 2101),
(2101183, 'Magugu', 2101183, 2101),
(2101191, 'Baoy', 2101191, 2101),
(2101201, 'Nar', 2101201, 2101),
(2101211, 'Endakiso', 2101211, 2101),
(2102011, 'Balangidalalu', 2102011, 2102),
(2102021, 'Gehandu', 2102021, 2102),
(2102031, 'Laghanga', 2102031, 2102),
(2102041, 'Getanuwas', 2102041, 2102),
(2102051, 'Hirbadaw', 2102051, 2102),
(2102061, 'Bassodesh', 2102061, 2102),
(2102073, 'Bassotu', 2102073, 2102),
(2102081, 'Gendabi', 2102081, 2102),
(2102091, 'Mogitu', 2102091, 2102),
(2102101, 'Gitting', 2102101, 2102),
(2102111, 'Masakta', 2102111, 2102),
(2102121, 'Masqaroda', 2102121, 2102),
(2102133, 'Endasak', 2102133, 2102),
(2102141, 'Gidahababieg', 2102141, 2102),
(2102151, 'Measkron', 2102151, 2102),
(2102161, 'Hidet', 2102161, 2102),
(2102171, 'Simbay', 2102171, 2102),
(2102181, 'Sirop', 2102181, 2102),
(2102191, 'Gisambalang', 2102191, 2102),
(2102203, 'Nangwa', 2102203, 2102),
(2102212, 'Katesh', 2102212, 2102),
(2102222, 'Ganana', 2102222, 2102),
(2102231, 'Dirma', 2102231, 2102),
(2102241, 'Lalaji', 2102241, 2102),
(2102251, 'Endasiwold', 2102251, 2102),
(2103011, 'Daudi', 2103011, 2103),
(2103021, 'Bargish', 2103021, 2103),
(2103031, 'Gehandu', 2103031, 2103),
(2103041, 'Kainam', 2103041, 2103),
(2103051, 'Murray', 2103051, 2103),
(2103062, 'Ayamaami', 2103062, 2103),
(2103072, 'Uhuru', 2103072, 2103),
(2103081, 'Tlawi', 2103081, 2103),
(2103091, 'Bashay', 2103091, 2103),
(2103103, 'Dongobesh', 2103103, 2103),
(2103111, 'Tumati', 2103111, 2103),
(2103121, 'Maretadu', 2103121, 2103),
(2103131, 'Maghang', 2103131, 2103),
(2103143, 'Haydom', 2103143, 2103),
(2103151, 'Yaeda Chini', 2103151, 2103),
(2103161, 'Masieda', 2103161, 2103),
(2103171, 'Marang', 2103171, 2103),
(2103181, 'Gunyoda', 2103181, 2103),
(2103191, 'Nahasey', 2103191, 2103),
(2103201, 'Endamilay', 2103201, 2103),
(2103211, 'Yaeda Ampa', 2103211, 2103),
(2103221, 'Masqaroda', 2103221, 2103),
(2103231, 'Nambisi', 2103231, 2103),
(2103241, 'Dinamu', 2103241, 2103),
(2103252, 'Ayamohe', 2103252, 2103),
(2103262, 'Sanu Baray', 2103262, 2103),
(2103272, 'Imboru', 2103272, 2103),
(2103282, 'Endagikot', 2103282, 2103),
(2103291, 'Geterer', 2103291, 2103),
(2103301, 'Hayderer', 2103301, 2103),
(2103311, 'Eshkesh', 2103311, 2103),
(2103321, 'Gidihim', 2103321, 2103),
(2104012, 'Orkesumet', 2104012, 2104),
(2104023, 'Naberera', 2104023, 2104),
(2104031, 'Loiborsiret', 2104031, 2104),
(2104041, 'Emboreet', 2104041, 2104),
(2104051, 'Terrat', 2104051, 2104);
INSERT INTO `ward_police` (`ward_policeid`, `ward_policename`, `ward_nbsid`, `district_policeid`) VALUES
(2104061, 'Oljoro  No. 5', 2104061, 2104),
(2104071, 'Shambarai', 2104071, 2104),
(2104082, 'Mrerani', 2104082, 2104),
(2104091, 'Msitu wa Tembo', 2104091, 2104),
(2104101, 'Ngorika', 2104101, 2104),
(2104111, 'Liborsoit', 2104111, 2104),
(2104121, 'Ruvu Remiti', 2104121, 2104),
(2104131, 'Kitwai', 2104131, 2104),
(2104141, 'Komolo', 2104141, 2104),
(2104151, 'Naisinyai', 2104151, 2104),
(2104161, 'Endiamtu', 2104161, 2104),
(2104171, 'Endonyongijape', 2104171, 2104),
(2105012, 'Kibaya', 2105012, 2105),
(2105021, 'Partimbo', 2105021, 2105),
(2105031, 'Njoro', 2105031, 2105),
(2105043, 'Olboroti', 2105043, 2105),
(2105051, 'Makame', 2105051, 2105),
(2105061, 'Ndedo', 2105061, 2105),
(2105071, 'Kijungu', 2105071, 2105),
(2105081, 'Lengatei', 2105081, 2105),
(2105091, 'Sunya', 2105091, 2105),
(2105101, 'Dongo', 2105101, 2105),
(2105111, 'Songambele', 2105111, 2105),
(2105121, 'Dosidosi', 2105121, 2105),
(2105131, 'Engusero', 2105131, 2105),
(2105143, 'Matui', 2105143, 2105),
(2105153, 'Bwagamoyo', 2105153, 2105),
(2105161, 'Loolera', 2105161, 2105),
(2105171, 'Magungu', 2105171, 2105),
(2105181, 'Chapakazi', 2105181, 2105),
(2105191, 'Namelock', 2105191, 2105),
(2106012, 'Babati', 2106012, 2106),
(2106021, 'Mutuka', 2106021, 2106),
(2106033, 'Nangara', 2106033, 2106),
(2106043, 'Singe', 2106043, 2106),
(2106053, 'Bonga', 2106053, 2106),
(2106063, 'Bagara', 2106063, 2106),
(2106071, 'Sigino', 2106071, 2106),
(2106083, 'Maisaka', 2106083, 2106),
(2201012, 'Njombe Mjini', 2201012, 2201),
(2201022, 'Mjimwema', 2201022, 2201),
(2201032, 'Ramadhani', 2201032, 2201),
(2201041, 'Yakobi', 2201041, 2201),
(2201051, 'Kifanya', 2201051, 2201),
(2201061, 'Ihanga', 2201061, 2201),
(2201071, 'Iwungilo', 2201071, 2201),
(2201083, 'Luponde', 2201083, 2201),
(2201091, 'Matola', 2201091, 2201),
(2201101, 'Makowo', 2201101, 2201),
(2201111, 'Lugenge', 2201111, 2201),
(2201123, 'Uwemba', 2201123, 2201),
(2201131, 'Utalingolo', 2201131, 2201),
(2202011, 'Saja', 2202011, 2202),
(2202021, 'Kijombe', 2202021, 2202),
(2202033, 'Wanging`ombe', 2202033, 2202),
(2202043, 'Ilembula', 2202043, 2202),
(2202051, 'Uhambule', 2202051, 2202),
(2202061, 'Usuka', 2202061, 2202),
(2202071, 'Igwachanya', 2202071, 2202),
(2202081, 'Mdandu', 2202081, 2202),
(2202091, 'Igima', 2202091, 2202),
(2202101, 'Imalinyi', 2202101, 2202),
(2202111, 'Ulembwe', 2202111, 2202),
(2202121, 'Makoga', 2202121, 2202),
(2202131, 'Kipengere', 2202131, 2202),
(2202141, 'Igosi', 2202141, 2202),
(2202151, 'Wangama', 2202151, 2202),
(2202161, 'Kidugala', 2202161, 2202),
(2202171, 'Luduga', 2202171, 2202),
(2203011, 'Lupalilo', 2203011, 2203),
(2203023, 'Iwawa', 2203023, 2203),
(2203031, 'Mang`oto', 2203031, 2203),
(2203041, 'Lupila', 2203041, 2203),
(2203051, 'Ukwama', 2203051, 2203),
(2203061, 'Bulongwa', 2203061, 2203),
(2203071, 'Kipagilo', 2203071, 2203),
(2203081, 'Iniho', 2203081, 2203),
(2203091, 'Ipelele', 2203091, 2203),
(2203101, 'Kigulu', 2203101, 2203),
(2203113, 'Matamba', 2203113, 2203),
(2203121, 'Mlondwe', 2203121, 2203),
(2203131, 'Kitulo', 2203131, 2203),
(2203141, 'Ikuwo', 2203141, 2203),
(2203151, 'Mfumbi', 2203151, 2203),
(2203161, 'Ipepo', 2203161, 2203),
(2203171, 'Mbalatse', 2203171, 2203),
(2203181, 'Tandala', 2203181, 2203),
(2203191, 'Luwumbu', 2203191, 2203),
(2203201, 'Isapulano', 2203201, 2203),
(2203211, 'Kigala', 2203211, 2203),
(2203221, 'Itundu', 2203221, 2203),
(2204013, 'Mtwango', 2204013, 2204),
(2204021, 'Igongolo', 2204021, 2204),
(2204031, 'Kichiwa', 2204031, 2204),
(2204041, 'Ninga', 2204041, 2204),
(2204051, 'Ikuna', 2204051, 2204),
(2204061, 'Kidegembye', 2204061, 2204),
(2204073, 'Matembwe', 2204073, 2204),
(2204081, 'Lupembe', 2204081, 2204),
(2204091, 'Ikondo', 2204091, 2204),
(2204101, 'Mfriga', 2204101, 2204),
(2204111, 'Idamba', 2204111, 2204),
(2205011, 'Lumbila', 2205011, 2205),
(2205021, 'Kilondo', 2205021, 2205),
(2205031, 'Mawengi', 2205031, 2205),
(2205041, 'Lupanga', 2205041, 2205),
(2205053, 'Mlangali', 2205053, 2205),
(2205061, 'Milo', 2205061, 2205),
(2205073, 'Lugarawa', 2205073, 2205),
(2205081, 'Madope', 2205081, 2205),
(2205091, 'Madilu', 2205091, 2205),
(2205101, 'Mundindi', 2205101, 2205),
(2205111, 'Mavanga', 2205111, 2205),
(2205121, 'Ibumi', 2205121, 2205),
(2205131, 'Nkomang''ombe', 2205131, 2205),
(2205141, 'Luilo', 2205141, 2205),
(2205151, 'Masasi', 2205151, 2205),
(2205163, 'Manda', 2205163, 2205),
(2205171, 'Iwela', 2205171, 2205),
(2205181, 'Lupingu', 2205181, 2205),
(2205193, 'Ludewa', 2205193, 2205),
(2205201, 'Ludende', 2205201, 2205),
(2205211, 'Luana', 2205211, 2205),
(2205221, 'Makonde', 2205221, 2205),
(2205231, 'Mkongobaki', 2205231, 2205),
(2205241, 'Lifuma', 2205241, 2205),
(2205251, 'Ruhuhu', 2205251, 2205),
(2206013, 'Ubena', 2206013, 2206),
(2206022, 'Mjimwema', 2206022, 2206),
(2206031, 'Mlowa', 2206031, 2206),
(2206043, 'Lyamkena', 2206043, 2206),
(2206052, 'Mwembetogwa', 2206052, 2206),
(2206061, 'Mahongole', 2206061, 2206),
(2206071, 'Kitandililo', 2206071, 2206),
(2206081, 'Utengule', 2206081, 2206),
(2301011, 'Kakese', 2301011, 2301),
(2301022, 'Misunkumilo', 2301022, 2301),
(2301032, 'Shanwe', 2301032, 2301),
(2301042, 'Makanyagio', 2301042, 2301),
(2301052, 'Kashaulili', 2301052, 2301),
(2301062, 'Mpanda hotel', 2301062, 2301),
(2301072, 'Kawajense', 2301072, 2301),
(2301082, 'Nsemulwa', 2301082, 2301),
(2301092, 'Ilembo', 2301092, 2301),
(2302013, 'Mishamo', 2302013, 2302),
(2302021, 'Mpandandogo', 2302021, 2302),
(2302031, 'Mwese', 2302031, 2302),
(2302041, 'Katuma', 2302041, 2302),
(2302051, 'Kabungu', 2302051, 2302),
(2302061, 'Sibwesa', 2302061, 2302),
(2302071, 'Ikola', 2302071, 2302),
(2302083, 'Karema', 2302083, 2302),
(2302091, 'Kapalamsenga', 2302091, 2302),
(2303011, 'Kasokola', 2303011, 2303),
(2303021, 'Ugala', 2303021, 2303),
(2303031, 'Litapunga', 2303031, 2303),
(2303041, 'Mtapenda', 2303041, 2303),
(2303053, 'Inyonga', 2303053, 2303),
(2303061, 'Ilunde', 2303061, 2303),
(2303071, 'Ilela', 2303071, 2303),
(2303081, 'Utende', 2303081, 2303),
(2303091, 'Mamba', 2303091, 2303),
(2303101, 'Mbede', 2303101, 2303),
(2303111, 'Urwila', 2303111, 2303),
(2303121, 'Nsimbo', 2303121, 2303),
(2303131, 'Magamba', 2303131, 2303),
(2303141, 'Sitalike', 2303141, 2303),
(2303153, 'Usevya', 2303153, 2303),
(2303161, 'Kibaoni', 2303161, 2303),
(2303171, 'Machimboni', 2303171, 2303),
(2303181, 'Kapalala', 2303181, 2303),
(2303191, 'Itenka', 2303191, 2303),
(2303201, 'Ikuba', 2303201, 2303),
(2303211, 'Mwamapuli', 2303211, 2303),
(2303221, 'Majimoto', 2303221, 2303),
(2303231, 'Kasansa', 2303231, 2303),
(2303241, 'Nsenkwa', 2303241, 2303),
(2401011, 'Nkindwabiye', 2401011, 2401),
(2401021, 'Mwaubingi', 2401021, 2401),
(2401033, 'Nkololo', 2401033, 2401),
(2401041, 'Mwaumatondo', 2401041, 2401),
(2401051, 'Mwadobana', 2401051, 2401),
(2401061, 'Nyangokolwa', 2401061, 2401),
(2401073, 'Somanda', 2401073, 2401),
(2401081, 'Bunamhala', 2401081, 2401),
(2401091, 'Sakwe', 2401091, 2401),
(2401103, 'Ngulyati', 2401103, 2401),
(2401111, 'Mhango', 2401111, 2401),
(2401121, 'Kilalo', 2401121, 2401),
(2401131, 'Kasoli', 2401131, 2401),
(2401141, 'Gambosi', 2401141, 2401),
(2401151, 'Guduwi', 2401151, 2401),
(2401161, 'Ikungulyabashashi ', 2401161, 2401),
(2401173, 'Nyakabindi', 2401173, 2401),
(2401183, 'Dutwa', 2401183, 2401),
(2401191, 'Sapiwi', 2401191, 2401),
(2401201, 'Matongo', 2401201, 2401),
(2401211, 'Gilya', 2401211, 2401),
(2401221, 'Isanga', 2401221, 2401),
(2401233, 'Bariadi', 2401233, 2401),
(2401243, 'Malambo', 2401243, 2401),
(2401252, 'Sima', 2401252, 2401),
(2402011, 'Bumera', 2402011, 2402),
(2402021, 'Ikindilo', 2402021, 2402),
(2402031, 'Mwamtani', 2402031, 2402),
(2402041, 'Sagata', 2402041, 2402),
(2402051, 'Mwaswale', 2402051, 2402),
(2402061, 'Nkuyu', 2402061, 2402),
(2402071, 'Mhunze', 2402071, 2402),
(2402081, 'Migato', 2402081, 2402),
(2402091, 'Chinamili', 2402091, 2402),
(2402101, 'Ndolelezi', 2402101, 2402),
(2402111, 'Lagangabilili', 2402111, 2402),
(2402121, 'Budalabujiga', 2402121, 2402),
(2402131, 'Nkoma', 2402131, 2402),
(2402141, 'Mwalushu', 2402141, 2402),
(2402153, 'Mwamapalala', 2402153, 2402),
(2402161, 'Nyamalapa', 2402161, 2402),
(2402173, 'Lugulu', 2402173, 2402),
(2402181, 'Nhobora', 2402181, 2402),
(2402191, 'Zagayu', 2402191, 2402),
(2402201, 'Kinang''weli', 2402201, 2402),
(2402211, 'Mbita', 2402211, 2402),
(2402221, 'Sawida', 2402221, 2402),
(2403013, 'Mwanhuzi', 2403013, 2403),
(2403021, 'Nkoma', 2403021, 2403),
(2403031, 'Kimali', 2403031, 2403),
(2403041, 'Mwamishali', 2403041, 2403),
(2403051, 'Itinje', 2403051, 2403),
(2403061, 'Kisesa', 2403061, 2403),
(2403071, 'Mwandoya', 2403071, 2403),
(2403081, 'Lingeka', 2403081, 2403),
(2403091, 'Sakasaka', 2403091, 2403),
(2403101, 'Imalaseko', 2403101, 2403),
(2403111, 'Mwabuzo', 2403111, 2403),
(2403121, 'Mwamalole', 2403121, 2403),
(2403131, 'Mwanjolo', 2403131, 2403),
(2403141, 'Mwabuma', 2403141, 2403),
(2403151, 'Mwabusalu', 2403151, 2403),
(2403161, 'Lubiga', 2403161, 2403),
(2403171, 'Mwamanongu', 2403171, 2403),
(2403181, 'Ng''hoboko', 2403181, 2403),
(2403191, 'Bukundi', 2403191, 2403),
(2403201, 'Mwasengela', 2403201, 2403),
(2403211, 'Mwamanimba', 2403211, 2403),
(2403221, 'Tindabuligi', 2403221, 2403),
(2403231, 'Mwakisandu', 2403231, 2403),
(2403241, 'Mwangundo', 2403241, 2403),
(2403251, 'Mwanyahina', 2403251, 2403),
(2404011, 'Ng''wigwa', 2404011, 2404),
(2404021, 'Nguliguli', 2404021, 2404),
(2404031, 'Ipililo', 2404031, 2404),
(2404041, 'Senani', 2404041, 2404),
(2404051, 'Mwamanenge', 2404051, 2404),
(2404061, 'Sukuma', 2404061, 2404),
(2404071, 'Mpindo', 2404071, 2404),
(2404081, 'Dakama', 2404081, 2404),
(2404093, 'Lalago', 2404093, 2404),
(2404101, 'Budekwa', 2404101, 2404),
(2404111, 'Busilili', 2404111, 2404),
(2404121, 'Seng''wa', 2404121, 2404),
(2404131, 'Masela', 2404131, 2404),
(2404141, 'Isanga', 2404141, 2404),
(2404151, 'Zanzui', 2404151, 2404),
(2404161, 'Mwamashimba', 2404161, 2404),
(2404171, 'Buchambi', 2404171, 2404),
(2404181, 'Kadoto', 2404181, 2404),
(2404191, 'Shishiyu', 2404191, 2404),
(2404201, 'Nyabubinza', 2404201, 2404),
(2404211, 'Mwang''honoli', 2404211, 2404),
(2404221, 'Kulimi', 2404221, 2404),
(2404233, 'Malampaka', 2404233, 2404),
(2404241, 'Badi', 2404241, 2404),
(2404253, 'Nyalikungu', 2404253, 2404),
(2404263, 'Binza', 2404263, 2404),
(2405011, 'Shigala', 2405011, 2405),
(2405021, 'Badugu', 2405021, 2405),
(2405031, 'Nyaluhande', 2405031, 2405),
(2405041, 'Kiloleli', 2405041, 2405),
(2405051, 'Mwamanyili', 2405051, 2405),
(2405063, 'Kabita', 2405063, 2405),
(2405073, 'Kalemela', 2405073, 2405),
(2405083, 'Lamadi', 2405083, 2405),
(2405091, 'Lutubiga', 2405091, 2405),
(2405101, 'Mkula', 2405101, 2405),
(2405111, 'Ngasamo', 2405111, 2405),
(2405121, 'Malili', 2405121, 2405),
(2405131, 'Igalukilo', 2405131, 2405),
(2501011, 'Kagu', 2501011, 2501),
(2501021, 'Bugulula', 2501021, 2501),
(2501031, 'Senga', 2501031, 2501),
(2501041, 'Kakubilo', 2501041, 2501),
(2501053, 'Nkome', 2501053, 2501),
(2501061, 'Katoma', 2501061, 2501),
(2501071, 'Nzera', 2501071, 2501),
(2501081, 'Lwezera', 2501081, 2501),
(2501091, 'Kamhanga', 2501091, 2501),
(2501101, 'Bugalama', 2501101, 2501),
(2501111, 'Lubanga', 2501111, 2501),
(2501121, 'Isulwabutundwe', 2501121, 2501),
(2501133, 'Kasamwa', 2501133, 2501),
(2501141, 'Bung''wangoko', 2501141, 2501),
(2501151, 'Bulela', 2501151, 2501),
(2501161, 'Ihanamilo', 2501161, 2501),
(2501171, 'Nyanguku', 2501171, 2501),
(2501181, 'Kamena', 2501181, 2501),
(2501191, 'Nyamalimbe', 2501191, 2501),
(2501201, 'Bujula', 2501201, 2501),
(2501211, 'Bukoli', 2501211, 2501),
(2501221, 'Butobela', 2501221, 2501),
(2501231, 'Nyarugusu', 2501231, 2501),
(2501241, 'Nyakamwaga', 2501241, 2501),
(2501251, 'Lwamgasa', 2501251, 2501),
(2501261, 'Kaseme', 2501261, 2501),
(2501271, 'Busanda', 2501271, 2501),
(2501283, 'Katoro', 2501283, 2501),
(2501291, 'Nyamigota', 2501291, 2501),
(2501301, 'Nyakagomba', 2501301, 2501),
(2501311, 'Nyachiluluma', 2501311, 2501),
(2501321, 'Bukondo', 2501321, 2501),
(2501331, 'Chigunga', 2501331, 2501),
(2501341, 'Mtakuja', 2501341, 2501),
(2501352, 'Kalangalala', 2501352, 2501),
(2502011, 'Shabaka', 2502011, 2502),
(2502021, 'Busolwa', 2502021, 2502),
(2502031, 'Kakora', 2502031, 2502),
(2502041, 'Nyugwa', 2502041, 2502),
(2502051, 'Bukwimba', 2502051, 2502),
(2502061, 'Kafita', 2502061, 2502),
(2502071, 'Kharumwa', 2502071, 2502),
(2502081, 'Izunya', 2502081, 2502),
(2502091, 'Mwingiro', 2502091, 2502),
(2502101, 'Nyabulanda', 2502101, 2502),
(2502111, 'Nyang''hwale', 2502111, 2502),
(2502121, 'Nyijundu', 2502121, 2502),
(2503011, 'Nanda', 2503011, 2503),
(2503021, 'Ikobe', 2503021, 2503),
(2503031, 'Lulembela', 2503031, 2503),
(2503041, 'Ikunguigazi', 2503041, 2503),
(2503051, 'Isebya', 2503051, 2503),
(2503061, 'Ilolangulu', 2503061, 2503),
(2503071, 'Mbogwe', 2503071, 2503),
(2503081, 'Ngemo', 2503081, 2503),
(2503091, 'Ushirika', 2503091, 2503),
(2503101, 'Nyasato', 2503101, 2503),
(2503113, 'Lugunga', 2503113, 2503),
(2503123, 'Nyakafulu', 2503123, 2503),
(2503131, 'Bukandwe', 2503131, 2503),
(2503141, 'Ng''homolwa', 2503141, 2503),
(2503153, 'Masumbwe', 2503153, 2503),
(2503161, 'Iponya', 2503161, 2503),
(2504011, 'Runzewe Mashariki', 2504011, 2504),
(2504021, 'Runzewe Magharibi', 2504021, 2504),
(2504031, 'Namonge', 2504031, 2504),
(2504043, 'Uyovu', 2504043, 2504),
(2504051, 'Busonzo', 2504051, 2504),
(2504061, 'Ng''anzo', 2504061, 2504),
(2504071, 'Butinzya', 2504071, 2504),
(2504081, 'Ushirombo', 2504081, 2504),
(2504091, 'Lyambamgongo', 2504091, 2504),
(2504101, 'Bukombe', 2504101, 2504),
(2504111, 'Bugelenga', 2504111, 2504),
(2504121, 'Iyogelo', 2504121, 2504),
(2504133, 'Igulwa', 2504133, 2504),
(2505013, 'Muganza', 2505013, 2505),
(2505021, 'Bwongera', 2505021, 2505),
(2505031, 'Kigongo', 2505031, 2505),
(2505041, 'Nyamirembe', 2505041, 2505),
(2505051, 'Ichwankima', 2505051, 2505),
(2505061, 'Kachwamba', 2505061, 2505),
(2505071, 'Kasenga', 2505071, 2505),
(2505081, 'Ilemela', 2505081, 2505),
(2505093, 'Chato', 2505093, 2505),
(2505103, 'Muungano', 2505103, 2505),
(2505113, 'Bwina', 2505113, 2505),
(2505121, 'Katende', 2505121, 2505),
(2505131, 'Ilyamchele', 2505131, 2505),
(2505141, 'Bukome', 2505141, 2505),
(2505153, 'Buziku', 2505153, 2505),
(2505161, 'Nyarutembo', 2505161, 2505),
(2505171, 'Makurugusi', 2505171, 2505),
(2505183, 'Buseresere', 2505183, 2505),
(2505191, 'Butengorumasa', 2505191, 2505),
(2505201, 'Iparamasa', 2505201, 2505),
(2505213, 'Bwanga', 2505213, 2505),
(2505221, 'Bwera', 2505221, 2505);

-- --------------------------------------------------------

--
-- Structure for view `mchanganuo_view`
--
DROP TABLE IF EXISTS `mchanganuo_view`;

CREATE ALGORITHM=UNDEFINED DEFINER=`root`@`localhost` SQL SECURITY DEFINER VIEW `mchanganuo_view` AS select `o`.`offence_no` AS `offence_no`,`o`.`date_occurance` AS `date_occurance`,date_format(`o`.`date_occurance`,'%Y') AS `year`,date_format(`o`.`date_occurance`,'%m') AS `month`,date_format(`o`.`date_occurance`,'%d') AS `date`,concat(date_format(`o`.`date_occurance`,'%Y'),'-',date_format(`o`.`date_occurance`,'%m'),'-',date_format(`o`.`date_occurance`,'%d')) AS `fulldate`,`o`.`tukiostatus` AS `tukiostatus`,`o`.`crimetype_id` AS `crimetype_id`,`crime_type`.`crimetype_name` AS `crimetype_name`,`o`.`crimecat_id` AS `crimecat_id`,`crime_category`.`crimecat_name` AS `crimecat_name`,`o`.`station_id` AS `station_id`,`o`.`ward_policeid` AS `ward_policeid`,`ward_police`.`ward_policename` AS `ward_policename`,`o`.`district_policeid` AS `district_policeid`,`district_police`.`district_policename` AS `district_policename`,`o`.`region_policeid` AS `region_policeid`,`region_police`.`region_policename` AS `region_policename` from (((((`offence` `o` join `crime_type` on((`o`.`crimetype_id` = `crime_type`.`crimetype_id`))) join `crime_category` on((`o`.`crimecat_id` = `crime_category`.`crimecat_id`))) join `ward_police` on((`o`.`ward_policeid` = `ward_police`.`ward_policeid`))) join `district_police` on((`o`.`district_policeid` = `district_police`.`district_policeid`))) join `region_police` on((`o`.`region_policeid` = `region_police`.`region_policeid`))) group by `o`.`crimecat_id`,`year`,`month`,`date`,`o`.`station_id`,`o`.`ward_policeid`,`o`.`district_policeid`,`o`.`region_policeid`;

--
-- Constraints for dumped tables
--

--
-- Constraints for table `district_nbs`
--
ALTER TABLE `district_nbs`
  ADD CONSTRAINT `district_nbs_ibfk_1` FOREIGN KEY (`region_nbsid`) REFERENCES `region_nbs` (`region_nbsid`) ON DELETE NO ACTION ON UPDATE CASCADE;

--
-- Constraints for table `station`
--
ALTER TABLE `station`
  ADD CONSTRAINT `station_ibfk_2` FOREIGN KEY (`district_policeid`) REFERENCES `district_police` (`district_policeid`) ON DELETE NO ACTION ON UPDATE CASCADE,
  ADD CONSTRAINT `station_ibfk_3` FOREIGN KEY (`ward_policeid`) REFERENCES `ward_police` (`ward_policeid`) ON DELETE NO ACTION ON UPDATE CASCADE,
  ADD CONSTRAINT `station_ibfk_4` FOREIGN KEY (`ward_nbsid`) REFERENCES `ward_nbs` (`ward_nbsid`) ON DELETE NO ACTION ON UPDATE CASCADE,
  ADD CONSTRAINT `station_ibfk_5` FOREIGN KEY (`region_nbsid`) REFERENCES `region_nbs` (`region_nbsid`) ON DELETE NO ACTION ON UPDATE CASCADE,
  ADD CONSTRAINT `station_ibfk_6` FOREIGN KEY (`region_policeid`) REFERENCES `region_police` (`region_policeid`) ON DELETE NO ACTION ON UPDATE CASCADE;

--
-- Constraints for table `users`
--
ALTER TABLE `users`
  ADD CONSTRAINT `users_ibfk_1` FOREIGN KEY (`user_typeid`) REFERENCES `user_types` (`user_typeid`) ON DELETE NO ACTION ON UPDATE CASCADE,
  ADD CONSTRAINT `users_ibfk_2` FOREIGN KEY (`station_id`) REFERENCES `station` (`station_id`) ON DELETE NO ACTION ON UPDATE CASCADE,
  ADD CONSTRAINT `users_ibfk_3` FOREIGN KEY (`user_statusid`) REFERENCES `user_status` (`userstatus_id`) ON DELETE NO ACTION ON UPDATE CASCADE;

--
-- Constraints for table `vehicle_subcategory`
--
ALTER TABLE `vehicle_subcategory`
  ADD CONSTRAINT `vehicle_subcategory_ibfk_1` FOREIGN KEY (`vehiclesub_typeid`) REFERENCES `vehicle_type` (`vehicle_typeId`) ON DELETE CASCADE ON UPDATE CASCADE;

--
-- Constraints for table `ward_nbs`
--
ALTER TABLE `ward_nbs`
  ADD CONSTRAINT `ward_nbs_ibfk_2` FOREIGN KEY (`district_nbsid`) REFERENCES `district_nbs` (`district_nbsid`) ON DELETE NO ACTION ON UPDATE CASCADE;

/*!40101 SET CHARACTER_SET_CLIENT=@OLD_CHARACTER_SET_CLIENT */;
/*!40101 SET CHARACTER_SET_RESULTS=@OLD_CHARACTER_SET_RESULTS */;
/*!40101 SET COLLATION_CONNECTION=@OLD_COLLATION_CONNECTION */;
